----------------------------------------------------------------------------------Search Criteria:  Search in: Projects 		AdminIC: All; Principal Investigator / Project Leader: TALL; ALAN RICHARD; Fiscal Year: 2016; 2015; 2014; 2013; 2012; 2011; 2010; 2009; 2008; 2007; 2006; 2005; 2004; 2003; 2002; 2001; 2000; 1999; 1998; 1997; 1996 ----------------------------------------------------------------------------------Project Title,Administering  IC,Application ID,Project Number,Type,Activity,IC,Serial Number,Support Year,Suffix,Subproject Number ,Contact PI  Person ID,Contact PI / Project Leader,Other PI or Project Leader(s),Organization Name,ARRA Indicator,FY,FY Total Cost ,FY Total Cost  (Sub Projects),
"LIPOPROTEINS ATHEROGENESIS AND THE ARTERIAL WALL","NHLBI","2215423",5P50HL021006-20,5,P50,HL,021006,20,,,"1962373","TALL, ALAN RICHARD",Not Applicable,"COLUMBIA UNIVERSITY HEALTH SCIENCES", ,1996,2602983,
"Macrophage Foam Cells; Cathepsins and Cholesterol Efflux","NHLBI","7893789",5R01HL022682-33,5,R01,HL,022682,33,,,"1962373","TALL, ALAN RICHARD",Not Applicable,"COLUMBIA UNIVERSITY HEALTH SCIENCES", ,2010,518888,
"Macrophage Foam Cells; Cathepsins and Cholesterol Efflux","NHLBI","7662427",5R01HL022682-32,5,R01,HL,022682,32,,,"1962373","TALL, ALAN RICHARD",Not Applicable,"COLUMBIA UNIVERSITY HEALTH SCIENCES", ,2009,529480,
"Macrophage Foam Cells; Cathepsins and Cholesterol Efflux","NHLBI","7502092",5R01HL022682-31,5,R01,HL,022682,31,,,"1962373","TALL, ALAN RICHARD",Not Applicable,"COLUMBIA UNIVERSITY HEALTH SCIENCES", ,2008,529480,
"Macrophage Foam Cells; Cathepsins and Cholesterol Efflux","NHLBI","7316299",2R01HL022682-30,2,R01,HL,022682,30,,,"1962373","TALL, ALAN RICHARD",Not Applicable,"COLUMBIA UNIVERSITY HEALTH SCIENCES", ,2007,529480,
"Cholesterol Efflux; Foam Cell Formation and Diabetes","NHLBI","7077758",5R01HL022682-29,5,R01,HL,022682,29,,,"1962373","TALL, ALAN RICHARD",Not Applicable,"COLUMBIA UNIVERSITY HEALTH SCIENCES", ,2006,585579,
"Cholesterol Efflux; Foam Cell Formation and Diabetes","NHLBI","6897972",5R01HL022682-28,5,R01,HL,022682,28,,,"1962373","TALL, ALAN RICHARD",Not Applicable,"COLUMBIA UNIVERSITY HEALTH SCIENCES", ,2005,585707,
"Cholesterol Efflux; Foam Cell Formation and Diabetes","NHLBI","6752824",5R01HL022682-27,5,R01,HL,022682,27,,,"1962373","TALL, ALAN RICHARD",Not Applicable,"COLUMBIA UNIVERSITY HEALTH SCIENCES", ,2004,572149,
"Cholesterol Efflux; Foam Cell Formation and Diabetes","NHLBI","6607276",5R01HL022682-26,5,R01,HL,022682,26,,,"1962373","TALL, ALAN RICHARD",Not Applicable,"COLUMBIA UNIVERSITY HEALTH SCIENCES", ,2003,558511,
"Cholesterol Efflux; Foam Cell Formation and Diabetes","NHLBI","6542006",2R01HL022682-25,2,R01,HL,022682,25,,,"1962373","TALL, ALAN RICHARD",Not Applicable,"COLUMBIA UNIVERSITY HEALTH SCIENCES", ,2002,542242,
"STRUCTURE/FUNCTION OF HIGH DENSITY LIPOPROTEINS","NHLBI","6388844",5R37HL022682-24,5,R37,HL,022682,24,,,"1962373","TALL, ALAN RICHARD",Not Applicable,"COLUMBIA UNIVERSITY HEALTH SCIENCES", ,2001,516451,
"STRUCTURE/FUNCTION OF HIGH DENSITY LIPOPROTEINS","NHLBI","6183546",5R37HL022682-23,5,R37,HL,022682,23,,,"1962373","TALL, ALAN RICHARD",Not Applicable,"COLUMBIA UNIVERSITY HEALTH SCIENCES", ,2000,504307,
"STRUCTURE/FUNCTION OF HIGH DENSITY LIPOPROTEINS","NHLBI","6030493",5R37HL022682-22,5,R37,HL,022682,22,,,"1962373","TALL, ALAN RICHARD",Not Applicable,"COLUMBIA UNIVERSITY HEALTH SCIENCES", ,1999,492518,
"STRUCTURE/FUNCTION OF HIGH DENSITY LIPOPROTEINS","NHLBI","2735057",5R37HL022682-21,5,R37,HL,022682,21,,,"1962373","TALL, ALAN RICHARD",Not Applicable,"COLUMBIA UNIVERSITY HEALTH SCIENCES", ,1998,481073,
"STRUCTURE/FUNCTION OF HIGH DENSITY LIPOPROTEINS","NHLBI","2028038",4R37HL022682-20,4,R37,HL,022682,20,,,"1962373","TALL, ALAN RICHARD",Not Applicable,"COLUMBIA UNIVERSITY HEALTH SCIENCES", ,1997,469961,
"STRUCTURE AND FUNCTION OF HIGH DENSITY LIPOPROTEINS","NHLBI","2215626",5R37HL022682-19,5,R37,HL,022682,19,,,"1962373","TALL, ALAN RICHARD",Not Applicable,"COLUMBIA UNIVERSITY HEALTH SCIENCES", ,1996,428490,
"Novel Pathways of Cellular Cholesterol Efflux","NHLBI","8052845",5P01HL054591-15,5,P01,HL,054591,15,,0006,"1962373","TALL, ALAN RICHARD",Not Applicable,"COLUMBIA UNIVERSITY HEALTH SCIENCES", ,2010,,571784
"New Genes and Pathways Involved in Atherosclerosis","NHLBI","7795886",5P01HL054591-15,5,P01,HL,054591,15,,,"1962373","TALL, ALAN RICHARD",Not Applicable,"COLUMBIA UNIVERSITY HEALTH SCIENCES", ,2010,2419961,
"Novel Pathways of Cellular Cholesterol Efflux","NHLBI","7795883",5P01HL054591-14,5,P01,HL,054591,14,,0006,"1962373","TALL, ALAN RICHARD",Not Applicable,"COLUMBIA UNIVERSITY HEALTH SCIENCES", ,2009,,566877
"New Genes and Pathways Involved in Atherosclerosis","NHLBI","7585688",5P01HL054591-14,5,P01,HL,054591,14,,,"1962373","TALL, ALAN RICHARD",Not Applicable,"COLUMBIA UNIVERSITY HEALTH SCIENCES", ,2009,2362079,
"Novel Pathways of Cellular Cholesterol Efflux","NHLBI","7585685",5P01HL054591-13,5,P01,HL,054591,13,,0006,"1962373","TALL, ALAN RICHARD",Not Applicable,"COLUMBIA UNIVERSITY HEALTH SCIENCES", ,2008,,541489
"New Genes and Pathways Involved in Atherosclerosis","NHLBI","7391687",5P01HL054591-13,5,P01,HL,054591,13,,,"1962373","TALL, ALAN RICHARD",Not Applicable,"COLUMBIA UNIVERSITY HEALTH SCIENCES", ,2008,2259772,
"Novel Pathways of Cellular Cholesterol Efflux","NHLBI","7514821",5P01HL054591-12,5,P01,HL,054591,12,,0006,"1962373","TALL, ALAN RICHARD",Not Applicable,"COLUMBIA UNIVERSITY HEALTH SCIENCES", ,2007,,538613
"New Genes and Pathways Involved in Atherosclerosis","NHLBI","7219992",5P01HL054591-12,5,P01,HL,054591,12,,,"1962373","TALL, ALAN RICHARD",Not Applicable,"COLUMBIA UNIVERSITY HEALTH SCIENCES", ,2007,2251326,
"Novel Pathways of Cellular Cholesterol Efflux","NHLBI","7160714",2P01HL054591-11A1,2,P01,HL,054591,11,A1,0006,"1962373","TALL, ALAN RICHARD",Not Applicable,"COLUMBIA UNIVERSITY HEALTH SCIENCES", ,2006,,482850
"Administrative Core","NHLBI","7160719",2P01HL054591-11A1,2,P01,HL,054591,11,A1,5017,"1962373","TALL, ALAN RICHARD",Not Applicable,"COLUMBIA UNIVERSITY HEALTH SCIENCES", ,2006,,226397
"New Genes and Pathways Involved in Atherosclerosis","NHLBI","7084368",2P01HL054591-11A1,2,P01,HL,054591,11,A1,,"1962373","TALL, ALAN RICHARD",Not Applicable,"COLUMBIA UNIVERSITY HEALTH SCIENCES", ,2006,2285755,
"Regulation and function of plasma lipid transfer proteins","NHLBI","6765358",5P01HL054591-09,5,P01,HL,054591,09,,0001,"1962373","TALL, ALAN RICHARD",Not Applicable,"ROCKEFELLER UNIVERSITY", ,2003,,268239
"Regulation and function of plasma lipid transfer proteins","NHLBI","6602445",5P01HL054591-08,5,P01,HL,054591,08,,0001,"1962373","TALL, ALAN RICHARD",Not Applicable,"ROCKEFELLER UNIVERSITY", ,2002,,268239
"Regulation and function of plasma lipid transfer proteins","NHLBI","6479997",5P01HL054591-07,5,P01,HL,054591,07,,0001,"1962373","TALL, ALAN RICHARD",Not Applicable,"ROCKEFELLER UNIVERSITY", ,2001,,268239
"Regulation and function of plasma lipid transfer proteins","NHLBI","6325960",2P01HL054591-06,2,P01,HL,054591,06,,0001,"1962373","TALL, ALAN RICHARD",Not Applicable,"ROCKEFELLER UNIVERSITY", ,2000,,268239
"PLASMA CHOLESTERYL ESTER TRANSFER PROTEIN GENE REGULATION AND FUNCTION","NHLBI","6110499",5P01HL054591-05,5,P01,HL,054591,05,,0001,"1962373","TALL, ALAN RICHARD",Not Applicable,"ROCKEFELLER UNIVERSITY", ,1999,,336839
"PLASMA CHOLESTERYL ESTER TRANSFER PROTEIN GENE REGULATION AND FUNCTION","NHLBI","6273083",5P01HL054591-04,5,P01,HL,054591,04,,0001,"1962373","TALL, ALAN RICHARD",Not Applicable,"ROCKEFELLER UNIVERSITY", ,1998,,325410
"PLASMA CHOLESTERYL ESTER TRANSFER PROTEIN GENE REGULATION AND FUNCTION","NHLBI","6242493",5P01HL054591-03,5,P01,HL,054591,03,,0001,"1962373","TALL, ALAN RICHARD",Not Applicable,"ROCKEFELLER UNIVERSITY", ,1997,,316096
"PLASMA CHOLESTERYL ESTER TRANSFER PROTEIN GENE REGULATION AND FUNCTION","NHLBI","5214318",5P01HL054591-02,5,P01,HL,054591,02,,0001,"1962373","TALL, ALAN RICHARD",Not Applicable,"", ,1996,,,,,
"Molecular and Cellular Mechanisms of Chloesterol Efflux","NHLBI","7231720",5P50HL056984-10,5,P50,HL,056984,10,,0006,"1962373","TALL, ALAN RICHARD",Not Applicable,"COLUMBIA UNIVERSITY HEALTH SCIENCES", ,2006,,291142
"Core C--","NHLBI","7231725",5P50HL056984-10,5,P50,HL,056984,10,,9004,"1962373","TALL, ALAN RICHARD",Not Applicable,"COLUMBIA UNIVERSITY HEALTH SCIENCES", ,2006,,94755
"The Arterial Wall and Atherogenesis in Mice and Humans","NHLBI","7056744",5P50HL056984-10,5,P50,HL,056984,10,,,"1962373","TALL, ALAN RICHARD",Not Applicable,"COLUMBIA UNIVERSITY HEALTH SCIENCES", ,2006,1986559,
"Molecular and Cellular Mechanisms of Chloesterol Efflux","NHLBI","7056738",5P50HL056984-09,5,P50,HL,056984,09,,0006,"1962373","TALL, ALAN RICHARD",Not Applicable,"COLUMBIA UNIVERSITY HEALTH SCIENCES", ,2005,,283843
"Core C--","NHLBI","7056743",5P50HL056984-09,5,P50,HL,056984,09,,9004,"1962373","TALL, ALAN RICHARD",Not Applicable,"COLUMBIA UNIVERSITY HEALTH SCIENCES", ,2005,,91995
"The Arterial Wall and Atherogenesis in Mice and Humans","NHLBI","6877759",5P50HL056984-09,5,P50,HL,056984,09,,,"1962373","TALL, ALAN RICHARD",Not Applicable,"COLUMBIA UNIVERSITY HEALTH SCIENCES", ,2005,1984094,
"Molecular and Cellular Mechanisms of Chloesterol Efflux","NHLBI","6990912",5P50HL056984-08,5,P50,HL,056984,08,,0006,"1962373","TALL, ALAN RICHARD",Not Applicable,"COLUMBIA UNIVERSITY HEALTH SCIENCES", ,2004,,276758
"Core A-- Administrative Core","NHLBI","6990922",5P50HL056984-08,5,P50,HL,056984,08,,5972,"1962373","TALL, ALAN RICHARD",Not Applicable,"COLUMBIA UNIVERSITY HEALTH SCIENCES", ,2004,,84414
"Core C--","NHLBI","6990924",5P50HL056984-08,5,P50,HL,056984,08,,9004,"1962373","TALL, ALAN RICHARD",Not Applicable,"COLUMBIA UNIVERSITY HEALTH SCIENCES", ,2004,,89316
"The Arterial Wall and Atherogenesis in Mice and Humans","NHLBI","6744161",5P50HL056984-08,5,P50,HL,056984,08,,,"1962373","TALL, ALAN RICHARD",Not Applicable,"COLUMBIA UNIVERSITY HEALTH SCIENCES", ,2004,1935289,
"The Arterial Wall and Atherogenesis in Mice and Humans","NHLBI","6623464",5P50HL056984-07,5,P50,HL,056984,07,,,"1962373","TALL, ALAN RICHARD",Not Applicable,"COLUMBIA UNIVERSITY HEALTH SCIENCES", ,2003,1887898,
"The Arterial Wall and Atherogenesis in Mice and Humans","NHLBI","6466013",2P50HL056984-06,2,P50,HL,056984,06,,,"1962373","TALL, ALAN RICHARD",Not Applicable,"COLUMBIA UNIVERSITY HEALTH SCIENCES", ,2002,1857765,
"ARTERIAL WALL AND ATHEROGENESIS","NHLBI","6389413",5P50HL056984-05,5,P50,HL,056984,05,,,"1962373","TALL, ALAN RICHARD",Not Applicable,"COLUMBIA UNIVERSITY HEALTH SCIENCES", ,2001,1764336,
"CETP; HDL AND ATHEROGENESIS","NHLBI","6302457",5P50HL056984-04,5,P50,HL,056984,04,,0003,"1962373","TALL, ALAN RICHARD",Not Applicable,"COLUMBIA UNIVERSITY HEALTH SCIENCES", ,2000,,207671
"CORE--MOLECULAR BIOLOGY","NHLBI","6302461",5P50HL056984-04,5,P50,HL,056984,04,,9002,"1962373","TALL, ALAN RICHARD",Not Applicable,"COLUMBIA UNIVERSITY HEALTH SCIENCES", ,2000,,207671
"ARTERIAL WALL AND ATHEROGENESIS","NHLBI","6183777",5P50HL056984-04,5,P50,HL,056984,04,,,"1962373","TALL, ALAN RICHARD",Not Applicable,"COLUMBIA UNIVERSITY HEALTH SCIENCES", ,2000,1716203,
"CETP; HDL AND ATHEROGENESIS","NHLBI","6110757",5P50HL056984-03,5,P50,HL,056984,03,,0003,"1962373","TALL, ALAN RICHARD",Not Applicable,"COLUMBIA UNIVERSITY HEALTH SCIENCES", ,1999,,207671
"CORE--MOLECULAR BIOLOGY","NHLBI","6110761",5P50HL056984-03,5,P50,HL,056984,03,,9002,"1962373","TALL, ALAN RICHARD",Not Applicable,"COLUMBIA UNIVERSITY HEALTH SCIENCES", ,1999,,207671
"ARTERIAL WALL AND ATHEROGENESIS","NHLBI","2901264",5P50HL056984-03,5,P50,HL,056984,03,,,"1962373","TALL, ALAN RICHARD",Not Applicable,"COLUMBIA UNIVERSITY HEALTH SCIENCES", ,1999,1661366,
"CETP; HDL AND ATHEROGENESIS","NHLBI","6273213",5P50HL056984-02,5,P50,HL,056984,02,,0003,"1962373","TALL, ALAN RICHARD",Not Applicable,"COLUMBIA UNIVERSITY HEALTH SCIENCES", ,1998,,201814
"CORE--MOLECULAR BIOLOGY","NHLBI","6273217",5P50HL056984-02,5,P50,HL,056984,02,,9002,"1962373","TALL, ALAN RICHARD",Not Applicable,"COLUMBIA UNIVERSITY HEALTH SCIENCES", ,1998,,201814
"ARTERIAL WALL AND ATHEROGENESIS","NHLBI","2685501",5P50HL056984-02,5,P50,HL,056984,02,,,"1962373","TALL, ALAN RICHARD",Not Applicable,"COLUMBIA UNIVERSITY HEALTH SCIENCES", ,1998,1614509,
"CETP; HDL AND ATHEROGENESIS","NHLBI","6242751",1P50HL056984-01,1,P50,HL,056984,01,,0003,"1962373","TALL, ALAN RICHARD",Not Applicable,"COLUMBIA UNIVERSITY HEALTH SCIENCES", ,1997,,199482
"CORE--MOLECULAR BIOLOGY","NHLBI","6242755",1P50HL056984-01,1,P50,HL,056984,01,,9002,"1962373","TALL, ALAN RICHARD",Not Applicable,"COLUMBIA UNIVERSITY HEALTH SCIENCES", ,1997,,199482
"ARTERIAL WALL AND ATHEROGENESIS","NHLBI","2030290",1P50HL056984-01,1,P50,HL,056984,01,,,"1962373","TALL, ALAN RICHARD",Not Applicable,"COLUMBIA UNIVERSITY HEALTH SCIENCES", ,1997,1595858,
"Scavenger Receptor B1 and HDL Metabolism","NHLBI","6870287",5R01HL058033-09,5,R01,HL,058033,09,,,"1962373","TALL, ALAN RICHARD",Not Applicable,"COLUMBIA UNIVERSITY HEALTH SCIENCES", ,2005,298375,
"Scavenger Receptor B1 and HDL Metabolism","NHLBI","6727622",5R01HL058033-08,5,R01,HL,058033,08,,,"1962373","TALL, ALAN RICHARD",Not Applicable,"COLUMBIA UNIVERSITY HEALTH SCIENCES", ,2004,298375,
"Scavenger Receptor B1 and HDL Metabolism","NHLBI","6638474",5R01HL058033-07,5,R01,HL,058033,07,,,"1962373","TALL, ALAN RICHARD",Not Applicable,"COLUMBIA UNIVERSITY HEALTH SCIENCES", ,2003,298375,
"Scavenger Receptor B1 and HDL Metabolism","NHLBI","6537305",5R01HL058033-06,5,R01,HL,058033,06,,,"1962373","TALL, ALAN RICHARD",Not Applicable,"COLUMBIA UNIVERSITY HEALTH SCIENCES", ,2002,298375,
"Scavenger Receptor B1 and HDL Metabolism","NHLBI","6327106",2R01HL058033-05,2,R01,HL,058033,05,,,"1962373","TALL, ALAN RICHARD",Not Applicable,"COLUMBIA UNIVERSITY HEALTH SCIENCES", ,2001,298375,
"SCAVENGER RECEPTOR B1 AND HDL METABOLISM","NHLBI","6183938",5R01HL058033-04,5,R01,HL,058033,04,,,"1962373","TALL, ALAN RICHARD",Not Applicable,"COLUMBIA UNIVERSITY HEALTH SCIENCES", ,2000,244546,
"SCAVENGER RECEPTOR B1 AND HDL METABOLISM","NHLBI","2901296",5R01HL058033-03,5,R01,HL,058033,03,,,"1962373","TALL, ALAN RICHARD",Not Applicable,"COLUMBIA UNIVERSITY HEALTH SCIENCES", ,1999,239082,
"SCAVENGER RECEPTOR B1 AND HDL METABOLISM","NHLBI","2685525",5R01HL058033-02,5,R01,HL,058033,02,,,"1962373","TALL, ALAN RICHARD",Not Applicable,"COLUMBIA UNIVERSITY HEALTH SCIENCES", ,1998,233774,
"SCAVENGER RECEPTOR B1 AND HDL METABOLISM","NHLBI","2031246",1R01HL058033-01,1,R01,HL,058033,01,,,"1962373","TALL, ALAN RICHARD",Not Applicable,"COLUMBIA UNIVERSITY HEALTH SCIENCES", ,1997,228623,
"2000 KERN ASPEN LIPID CONFERENCE","NHLBI","6225867",1R13HL066050-01,1,R13,HL,066050,01,,,"1962373","TALL, ALAN RICHARD",Not Applicable,"COLUMBIA UNIVERSITY HEALTH SCIENCES", ,2000,10000,
"Gordon Research Conference on Atherosclerosis-2001-02","NHLBI","6357763",1R13HL067759-01,1,R13,HL,067759,01,,,"1962373","TALL, ALAN RICHARD",Not Applicable,"GORDON RESEARCH CONFERENCES", ,2001,15000,
"Novel Pathways of Cellular Cholesterol Efflux","NHLBI","6962967",1R01HL081733-01,1,R01,HL,081733,01,,,"1962373","TALL, ALAN RICHARD",Not Applicable,"COLUMBIA UNIVERSITY HEALTH SCIENCES", ,2005,402500,
"ABCA7: Cellular Functions and Role in Atherosclerosis","NHLBI","7585681",5R01HL084555-04,5,R01,HL,084555,04,,,"1962373","TALL, ALAN RICHARD",Not Applicable,"COLUMBIA UNIVERSITY HEALTH SCIENCES", ,2009,387000,
"ABCA7: Cellular Functions and Role in Atherosclerosis","NHLBI","7388974",5R01HL084555-03,5,R01,HL,084555,03,,,"1962373","TALL, ALAN RICHARD",Not Applicable,"COLUMBIA UNIVERSITY HEALTH SCIENCES", ,2008,386435,
"ABCA7: Cellular Functions and Role in Atherosclerosis","NHLBI","7223527",5R01HL084555-02,5,R01,HL,084555,02,,,"1962373","TALL, ALAN RICHARD",Not Applicable,"COLUMBIA UNIVERSITY HEALTH SCIENCES", ,2007,385907,
"ABCA7: Cellular Functions and Role in Atherosclerosis","NHLBI","7085292",1R01HL084555-01,1,R01,HL,084555,01,,,"1962373","TALL, ALAN RICHARD",Not Applicable,"COLUMBIA UNIVERSITY HEALTH SCIENCES", ,2006,396925,
"Hyperinsulinemia; mTOR Activity and Plasma Lipoproteins","NHLBI","8996691",4P01HL087123-09,4,P01,HL,087123,09,,7666,"1962373","TALL, ALAN RICHARD",Not Applicable,"COLUMBIA UNIVERSITY HEALTH SCIENCES", ,2016,,538135
"Hyperinsulinemia; mTOR Activity and Plasma Lipoproteins","NHLBI","8792861",5P01HL087123-08,5,P01,HL,087123,08,,7666,"1962373","TALL, ALAN RICHARD",Not Applicable,"COLUMBIA UNIVERSITY HEALTH SCIENCES", ,2015,,530063
"Hyperinsulinemia; mTOR Activity and Plasma Lipoproteins","NHLBI","8606761",5P01HL087123-07,5,P01,HL,087123,07,,7666,"1962373","TALL, ALAN RICHARD",Not Applicable,"COLUMBIA UNIVERSITY HEALTH SCIENCES", ,2014,,527374
"Hyperinsulinemia; mTOR Activity and Plasma Lipoproteins	","NHLBI","8460253",2P01HL087123-06A1,2,P01,HL,087123,06,A1,7666,"1962373","TALL, ALAN RICHARD",Not Applicable,"COLUMBIA UNIVERSITY HEALTH SCIENCES", ,2013,,151835
"Insulin Signaling; Lipoproteins and Atherosclerosis","NHLBI","8296245",5P01HL087123-05,5,P01,HL,087123,05,,0002,"1962373","TALL, ALAN RICHARD",Not Applicable,"COLUMBIA UNIVERSITY HEALTH SCIENCES", ,2011,,541497
"Insulin Signaling; Lipoproteins and Atherosclerosis","NHLBI","8105444",5P01HL087123-04,5,P01,HL,087123,04,,0002,"1962373","TALL, ALAN RICHARD",Not Applicable,"COLUMBIA UNIVERSITY HEALTH SCIENCES", ,2010,,541497
"Insulin Signaling; Lipoproteins and Atherosclerosis","NHLBI","7883468",5P01HL087123-03,5,P01,HL,087123,03,,0002,"1962373","TALL, ALAN RICHARD",Not Applicable,"COLUMBIA UNIVERSITY HEALTH SCIENCES", ,2009,,541497
"Insulin Signaling; Lipoproteins and Atherosclerosis","NHLBI","7700677",5P01HL087123-02,5,P01,HL,087123,02,,0002,"1962373","TALL, ALAN RICHARD",Not Applicable,"COLUMBIA UNIVERSITY HEALTH SCIENCES", ,2008,,541497
"Insulin Signaling; Lipoproteins and Atherosclerosis","NHLBI","7329715",1P01HL087123-01A1,1,P01,HL,087123,01,A1,0002,"1962373","TALL, ALAN RICHARD",Not Applicable,"COLUMBIA UNIVERSITY HEALTH SCIENCES", ,2007,,552549
"Kern Aspen Lipid Conference","NHLBI","7334240",1R13HL090385-01,1,R13,HL,090385,01,,,"1962373","TALL, ALAN RICHARD",Not Applicable,"COLUMBIA UNIVERSITY HEALTH SCIENCES", ,2007,10000,
"ABCG1 and endothelial function","NHLBI","8599479",5R01HL102395-04,5,R01,HL,102395,04,,,"1962373","TALL, ALAN RICHARD",Not Applicable,"COLUMBIA UNIVERSITY HEALTH SCIENCES", ,2014,394450,
"ABCG1 and endothelial function","NHLBI","8402623",5R01HL102395-03,5,R01,HL,102395,03,,,"1962373","TALL, ALAN RICHARD",Not Applicable,"COLUMBIA UNIVERSITY HEALTH SCIENCES", ,2013,383180,
"ABCG1 and endothelial function","NHLBI","8207861",5R01HL102395-02,5,R01,HL,102395,02,,,"1962373","TALL, ALAN RICHARD",Not Applicable,"COLUMBIA UNIVERSITY HEALTH SCIENCES", ,2012,402500,
"ABCG1 and endothelial function","NHLBI","8038742",1R01HL102395-01A1,1,R01,HL,102395,01,A1,,"1962373","TALL, ALAN RICHARD",Not Applicable,"COLUMBIA UNIVERSITY HEALTH SCIENCES", ,2011,402500,
"ABCA1/G1 and LXRs in Atherogenesis","NHLBI","9039652",5R01HL107653-06,5,R01,HL,107653,06,,,"1962373","TALL, ALAN RICHARD",Not Applicable,"COLUMBIA UNIVERSITY HEALTH SCIENCES", ,2016,403760,
"ABCA1/G1 and LXRs in Atherogenesis","NHLBI","8889088",2R01HL107653-05,2,R01,HL,107653,05,,,"1962373","TALL, ALAN RICHARD",Not Applicable,"COLUMBIA UNIVERSITY HEALTH SCIENCES", ,2015,403760,
"ABCA1/ABCG1 in myeloid populations and atherogenesis","NHLBI","8675919",5R01HL107653-04,5,R01,HL,107653,04,,,"1962373","TALL, ALAN RICHARD",Not Applicable,"COLUMBIA UNIVERSITY HEALTH SCIENCES", ,2014,394450,
"ABCA1/ABCG1 in myeloid populations and atherogenesis","NHLBI","8465264",5R01HL107653-03,5,R01,HL,107653,03,,,"1962373","TALL, ALAN RICHARD",Not Applicable,"COLUMBIA UNIVERSITY HEALTH SCIENCES", ,2013,383180,
"ABCA1/ABCG1 in myeloid populations and atherogenesis","NHLBI","8269807",5R01HL107653-02,5,R01,HL,107653,02,,,"1962373","TALL, ALAN RICHARD",Not Applicable,"COLUMBIA UNIVERSITY HEALTH SCIENCES", ,2012,402500,
"ABCA1/ABCG1 in myeloid populations and atherogenesis","NHLBI","8085576",1R01HL107653-01,1,R01,HL,107653,01,,,"1962373","TALL, ALAN RICHARD",Not Applicable,"COLUMBIA UNIVERSITY HEALTH SCIENCES", ,2011,402500,
"Hyperinsulinemia; mTOR activity and plasma lipoproteins","NHLBI","8275590",1R01HL113880-01,1,R01,HL,113880,01,,,"1962373","TALL, ALAN RICHARD",Not Applicable,"COLUMBIA UNIVERSITY HEALTH SCIENCES", ,2012,386299,
"TTC39B in Metabolism","NHLBI","8962161",5R01HL119830-02,5,R01,HL,119830,02,,,"1962373","TALL, ALAN RICHARD",Not Applicable,"COLUMBIA UNIVERSITY HEALTH SCIENCES", ,2016,400000,
"TTC39B in Metabolism","NHLBI","8801645",1R01HL119830-01A1,1,R01,HL,119830,01,A1,,"1962373","TALL, ALAN RICHARD",Not Applicable,"COLUMBIA UNIVERSITY HEALTH SCIENCES", ,2015,400000,

