----------------------------------------------------------------------------------Search Criteria:  Search in: Projects 		AdminIC: All; Principal Investigator / Project Leader: JOHNSON; ALAN L; Fiscal Year: 2016; 2015; 2014; 2013; 2012; 2011; 2010; 2009; 2008; 2007; 2006; 2005; 2004; 2003; 2002; 2001; 2000; 1999; 1998; 1997; 1996 ----------------------------------------------------------------------------------Project Title,Administering  IC,Application ID,Project Number,Type,Activity,IC,Serial Number,Support Year,Suffix,Subproject Number ,Contact PI  Person ID,Contact PI / Project Leader,Other PI or Project Leader(s),Organization Name,ARRA Indicator,FY,FY Total Cost ,FY Total Cost  (Sub Projects),
"PHYSIOLOGICAL MEDIATORS OF GRANULOSA CELL APOPTOSIS","NICHD","6182401",5R01HD036095-03,5,R01,HD,036095,03,,,"6840918","JOHNSON, ALAN L",Not Applicable,"UNIVERSITY OF NOTRE DAME", ,2000,162631,
"PHYSIOLOGICAL MEDIATORS OF GRANULOSA CELL APOPTOSIS","NICHD","2889464",5R01HD036095-02,5,R01,HD,036095,02,,,"6840918","JOHNSON, ALAN L",Not Applicable,"UNIVERSITY OF NOTRE DAME", ,1999,157925,
"PHYSIOLOGICAL MEDIATORS OF GRANULOSA CELL APOPTOSIS","NICHD","2866991",3R01HD036095-01S1,3,R01,HD,036095,01,S1,,"6840918","JOHNSON, ALAN L",Not Applicable,"UNIVERSITY OF NOTRE DAME", ,1998,20842,
"PHYSIOLOGICAL MEDIATORS OF GRANULOSA CELL APOPTOSIS","NICHD","2472554",1R01HD036095-01,1,R01,HD,036095,01,,,"6840918","JOHNSON, ALAN L",Not Applicable,"UNIVERSITY OF NOTRE DAME", ,1998,153356,

