----------------------------------------------------------------------------------Search Criteria:  Search in: Projects 		AdminIC: All; Principal Investigator / Project Leader: LAMBOWITZ; ALAN M; Fiscal Year: 2016; 2015; 2014; 2013; 2012; 2011; 2010; 2009; 2008; 2007; 2006; 2005; 2004; 2003; 2002; 2001; 2000; 1999; 1998; 1997; 1996 ----------------------------------------------------------------------------------Project Title,Administering  IC,Application ID,Project Number,Type,Activity,IC,Serial Number,Support Year,Suffix,Subproject Number ,Contact PI  Person ID,Contact PI / Project Leader,Other PI or Project Leader(s),Organization Name,ARRA Indicator,FY,FY Total Cost ,FY Total Cost  (Sub Projects),
"Mobile Group II Introns and Their Reverse Transcriptases","NIGMS","9172888",2R01GM037949-27,2,R01,GM,037949,27,,,"1876836","LAMBOWITZ, ALAN M.",Not Applicable,"UNIVERSITY OF TEXAS, AUSTIN", ,2016,554414,
"Group II Intron Mobility and Gene Targeting","NIGMS","8322070",5R01GM037949-26,5,R01,GM,037949,26,,,"1876836","LAMBOWITZ, ALAN M.",Not Applicable,"UNIVERSITY OF TEXAS, AUSTIN", ,2012,497351,
"Group II Intron Mobility and Gene Targeting","NIGMS","8133140",5R01GM037949-25,5,R01,GM,037949,25,,,"1876836","LAMBOWITZ, ALAN M.",Not Applicable,"UNIVERSITY OF TEXAS, AUSTIN", ,2011,497105,
"Group II Intron Mobility and Gene Targeting","NIGMS","7912890",5R01GM037949-24,5,R01,GM,037949,24,,,"1876836","LAMBOWITZ, ALAN M.",Not Applicable,"UNIVERSITY OF TEXAS, AUSTIN", ,2010,507536,
"Group II Intron Mobility and Gene Targeting","NIGMS","7726405",2R01GM037949-23,2,R01,GM,037949,23,,,"1876836","LAMBOWITZ, ALAN M.",Not Applicable,"UNIVERSITY OF TEXAS, AUSTIN", ,2009,503195,
"Group II Intron Mobility and Gene Targeting","NIGMS","7107954",5R01GM037949-22,5,R01,GM,037949,22,,,"1876836","LAMBOWITZ, ALAN M.",Not Applicable,"UNIVERSITY OF TEXAS AUSTIN", ,2006,479754,
"Group II Intron Mobility and Gene Targeting","NIGMS","6942391",5R01GM037949-21,5,R01,GM,037949,21,,,"1876836","LAMBOWITZ, ALAN M.",Not Applicable,"UNIVERSITY OF TEXAS AUSTIN", ,2005,480209,
"Group II Intron Mobility and Gene Targeting","NIGMS","6789361",5R01GM037949-20,5,R01,GM,037949,20,,,"1876836","LAMBOWITZ, ALAN M.",Not Applicable,"UNIVERSITY OF TEXAS AUSTIN", ,2004,468428,
"Group II Intron Mobility and Gene Targeting","NIGMS","6678173",2R01GM037949-19,2,R01,GM,037949,19,,,"1876836","LAMBOWITZ, ALAN M.",Not Applicable,"UNIVERSITY OF TEXAS AUSTIN", ,2003,455018,
"GROUP II INTRON RNA SPLICING AND MOBILITY","NIGMS","6525588",5R01GM037949-18,5,R01,GM,037949,18,,,"1876836","LAMBOWITZ, ALAN M.",Not Applicable,"UNIVERSITY OF TEXAS AUSTIN", ,2002,426510,
"GROUP II INTRON RNA SPLICING AND MOBILITY","NIGMS","6385667",5R01GM037949-17,5,R01,GM,037949,17,,,"1876836","LAMBOWITZ, ALAN M.",Not Applicable,"UNIVERSITY OF TEXAS AUSTIN", ,2001,414188,
"GROUP II INTRON RNA SPLICING AND MOBILITY","NIGMS","6179507",5R01GM037949-16,5,R01,GM,037949,16,,,"1876836","LAMBOWITZ, ALAN M.",Not Applicable,"UNIVERSITY OF TEXAS AUSTIN", ,2000,402223,
"GROUP 11 INTRON RNA SPLICING AND MOBILITY","NIGMS","2900640",2R01GM037949-15,2,R01,GM,037949,15,,,"1876836","LAMBOWITZ, ALAN M.",Not Applicable,"UNIVERSITY OF TEXAS AUSTIN", ,1999,390608,
"RETROPLASMID AND GROUP II INTRON REVERSE TRANSCRIPTASES","NIGMS","2770942",5R01GM037949-14,5,R01,GM,037949,14,,,"1876836","LAMBOWITZ, ALAN M.",Not Applicable,"UNIVERSITY OF TEXAS AUSTIN", ,1998,363729,
"RETROPLASMID AND GROUP II INTRON REVERSE TRANSCRIPTASES","NIGMS","2676507",7R01GM037949-13,7,R01,GM,037949,13,,,"1876836","LAMBOWITZ, ALAN M.",Not Applicable,"UNIVERSITY OF TEXAS AUSTIN", ,1997,241330,
"RETROPLASMID AND GROUP II INTRON REVERSE TRANSCRIPTASES","NIGMS","2518932",5R01GM037949-12,5,R01,GM,037949,12,,,"1876836","LAMBOWITZ, ALAN M.",Not Applicable,"OHIO STATE UNIVERSITY", ,1997,105610,
"RETROPLASMID AND GROUP II INTRON REVERSE TRANSCRIPTASES","NIGMS","2179058",5R01GM037949-11,5,R01,GM,037949,11,,,"1876836","LAMBOWITZ, ALAN M.",Not Applicable,"OHIO STATE UNIVERSITY", ,1996,326704,
"Involvement of Proteins in Splicing Group I and II Introns","NIGMS","8991053",4R01GM037951-30,4,R01,GM,037951,30,,,"1876836","LAMBOWITZ, ALAN M.",Not Applicable,"UNIVERSITY OF TEXAS, AUSTIN", ,2016,566531,
"Involvement of Proteins in Splicing Group I and II Introns","NIGMS","8791905",5R01GM037951-29,5,R01,GM,037951,29,,,"1876836","LAMBOWITZ, ALAN M.",Not Applicable,"UNIVERSITY OF TEXAS, AUSTIN", ,2015,566531,
"Involvement of Proteins in Splicing Group I and II Introns","NIGMS","8598876",5R01GM037951-28,5,R01,GM,037951,28,,,"1876836","LAMBOWITZ, ALAN M.",Not Applicable,"UNIVERSITY OF TEXAS, AUSTIN", ,2014,566531,
"Involvement of Proteins in Splicing Group I and II Introns","NIGMS","8434669",2R01GM037951-27A1,2,R01,GM,037951,27,A1,,"1876836","LAMBOWITZ, ALAN M.",Not Applicable,"UNIVERSITY OF TEXAS, AUSTIN", ,2013,565348,
"Involvement of Proteins in Splicing Group I and Group II Introns","NIGMS","7848261",5R01GM037951-26,5,R01,GM,037951,26,,,"1876836","LAMBOWITZ, ALAN M.",Not Applicable,"UNIVERSITY OF TEXAS, AUSTIN", ,2010,540134,
"Involvement of Proteins in Splicing Group I and Group II Introns","NIGMS","7887830",3R01GM037951-25S1,3,R01,GM,037951,25,S1,,"1876836","LAMBOWITZ, ALAN M.",Not Applicable,"UNIVERSITY OF TEXAS, AUSTIN",YES,2009,94387,
"Involvement of Proteins in Splicing Group I and Group II Introns","NIGMS","7617113",5R01GM037951-25,5,R01,GM,037951,25,,,"1876836","LAMBOWITZ, ALAN M.",Not Applicable,"UNIVERSITY OF TEXAS, AUSTIN", ,2009,529888,
"Involvement of Proteins in Splicing Group I and Group II Introns","NIGMS","7467260",5R01GM037951-24,5,R01,GM,037951,24,,,"1876836","LAMBOWITZ, ALAN M.",Not Applicable,"UNIVERSITY OF TEXAS, AUSTIN", ,2008,514640,
"Involvement of Proteins in Splicing Group I and Group II Introns","NIGMS","7304595",2R01GM037951-23,2,R01,GM,037951,23,,,"1876836","LAMBOWITZ, ALAN M.",Not Applicable,"UNIVERSITY OF TEXAS, AUSTIN", ,2007,514768,
"Involvement of Proteins in Group I + II Intron Splicing","NIGMS","7036608",5R01GM037951-22,5,R01,GM,037951,22,,,"1876836","LAMBOWITZ, ALAN M.",Not Applicable,"UNIVERSITY OF TEXAS AUSTIN", ,2006,479864,
"Involvement of Proteins in Group I + II Intron Splicing","NIGMS","6868918",5R01GM037951-21,5,R01,GM,037951,21,,,"1876836","LAMBOWITZ, ALAN M.",Not Applicable,"UNIVERSITY OF TEXAS AUSTIN", ,2005,567175,
"Involvement of Proteins in Group I + II Intron Splicing","NIGMS","6733526",5R01GM037951-20,5,R01,GM,037951,20,,,"1876836","LAMBOWITZ, ALAN M.",Not Applicable,"UNIVERSITY OF TEXAS AUSTIN", ,2004,551326,
"Involvement of Proteins in Group I + II Intron Splicing","NIGMS","6762650",3R01GM037951-19S1,3,R01,GM,037951,19,S1,,"1876836","LAMBOWITZ, ALAN M.",Not Applicable,"UNIVERSITY OF TEXAS AUSTIN", ,2003,84302,
"Involvement of Proteins in Group I + II Intron Splicing","NIGMS","6606330",2R01GM037951-19,2,R01,GM,037951,19,,,"1876836","LAMBOWITZ, ALAN M.",Not Applicable,"UNIVERSITY OF TEXAS AUSTIN", ,2003,423536,
"INVOLVEMENT OF PROTEINS IN SPLICING GROUP I INTRONS","NIGMS","6519249",5R37GM037951-18,5,R37,GM,037951,18,,,"1876836","LAMBOWITZ, ALAN M.",Not Applicable,"UNIVERSITY OF TEXAS AUSTIN", ,2002,391540,
"INVOLVEMENT OF PROTEINS IN SPLICING GROUP I INTRONS","NIGMS","6385668",5R37GM037951-17,5,R37,GM,037951,17,,,"1876836","LAMBOWITZ, ALAN M.",Not Applicable,"UNIVERSITY OF TEXAS AUSTIN", ,2001,383374,
"INVOLVEMENT OF PROTEINS IN SPLICING GROUP I INTRONS","NIGMS","6179508",5R37GM037951-16,5,R37,GM,037951,16,,,"1876836","LAMBOWITZ, ALAN M.",Not Applicable,"UNIVERSITY OF TEXAS AUSTIN", ,2000,375446,
"INVOLVEMENT OF PROTEINS IN SPLICING GROUP I INTRONS","NIGMS","2900641",5R37GM037951-15,5,R37,GM,037951,15,,,"1876836","LAMBOWITZ, ALAN M.",Not Applicable,"UNIVERSITY OF TEXAS AUSTIN", ,1999,367750,
"INVOLVEMENT OF PROTEINS IN SPLICING GROUP I INTRONS","NIGMS","2693230",4R37GM037951-14,4,R37,GM,037951,14,,,"1876836","LAMBOWITZ, ALAN M.",Not Applicable,"UNIVERSITY OF TEXAS AUSTIN", ,1998,359010,
"INVOLVEMENT OF PROTEINS IN SPLICING GROUP I INTRONS","NIGMS","2389490",7R37GM037951-13,7,R37,GM,037951,13,,,"1876836","LAMBOWITZ, ALAN M.",Not Applicable,"UNIVERSITY OF TEXAS AUSTIN", ,1997,95572,
"INVOLVEMENT OF PROTEINS IN SPLICING GROUP I INTRONS","NIGMS","2392020",5R37GM037951-12,5,R37,GM,037951,12,,,"1876836","LAMBOWITZ, ALAN M.",Not Applicable,"OHIO STATE UNIVERSITY", ,1997,241392,
"INVOLVEMENT OF PROTEINS IN SPLICING GROUP I INTRONS","NIGMS","2179064",5R37GM037951-11,5,R37,GM,037951,11,,,"1876836","LAMBOWITZ, ALAN M.",Not Applicable,"OHIO STATE UNIVERSITY", ,1996,322121,
"Group II Intron-Based Gene Targeting Methods for Xenopus","NICHD","7580896",5R01HD054349-03,5,R01,HD,054349,03,,,"1876836","LAMBOWITZ, ALAN M.",Not Applicable,"UNIVERSITY OF TEXAS, AUSTIN", ,2009,247426,
"Group II Intron-Based Gene Targeting Methods for Xenopus","NICHD","7364153",5R01HD054349-02,5,R01,HD,054349,02,,,"1876836","LAMBOWITZ, ALAN M.",Not Applicable,"UNIVERSITY OF TEXAS, AUSTIN", ,2008,247498,
"Group II Intron-Based Gene Targeting Methods for Xenopus","NICHD","7169700",1R01HD054349-01,1,R01,HD,054349,01,,,"1876836","LAMBOWITZ, ALAN M.",Not Applicable,"UNIVERSITY OF TEXAS, AUSTIN", ,2007,252620,

