----------------------------------------------------------------------------------Search Criteria:  Search in: Projects 		AdminIC: All; Principal Investigator / Project Leader: SCOTT; ALAN L; Fiscal Year: 2016; 2015; 2014; 2013; 2012; 2011; 2010; 2009; 2008; 2007; 2006; 2005; 2004; 2003; 2002; 2001; 2000; 1999; 1998; 1997; 1996 ----------------------------------------------------------------------------------Project Title,Administering  IC,Application ID,Project Number,Type,Activity,IC,Serial Number,Support Year,Suffix,Subproject Number ,Contact PI  Person ID,Contact PI / Project Leader,Other PI or Project Leader(s),Organization Name,ARRA Indicator,FY,FY Total Cost ,FY Total Cost  (Sub Projects),
"Training: Molecular & Cellular Bases of Infectious Diseases","NIAID","8665367",5T32AI007417-20,5,T32,AI,007417,20,,,"1869278","GRIFFIN, DIANE E ","AGRE, PETER C;BREAM, JAY H.;COPPENS, ISABELLE ;DIMOPOULOS, GEORGE ;DINGLASAN, RHOEL DAVID RAMOS;GLASS, GREGORY E;HARDWICK, J. MARIE ;HOICZYK, EGBERT ;JACOBS-LORENA, MARCELO ;KETNER, GARY W;KLEIN, SABRA L.;KUMAR, NIRBHAY ;LEVITSKAIA, ELENA ;MARGOLICK, JOSEPH B.;MARKHAM, RICHARD B.;MOSS, WILLIAM J;NORRIS, DOUGLAS E;PEKOSZ, ANDREW S.;PINEDA, FERNANDO JAVIER;PRIGGE, SEAN TAYLOR;RASGON, JASON L;ROSE, NOEL R.;SCOTT, ALAN L;SHIFF, CLIVE J;YU, XIAO-FANG ;ZAVALA, FIDEL P;ZHANG, YING ","JOHNS HOPKINS UNIVERSITY", ,2014,424613,
"Training: Molecular & Cellular Bases of Infectious Diseases","NIAID","8467660",5T32AI007417-19,5,T32,AI,007417,19,,,"1869278","GRIFFIN, DIANE E ","AGRE, PETER C;BREAM, JAY H.;COPPENS, ISABELLE ;DIMOPOULOS, GEORGE ;DINGLASAN, RHOEL DAVID RAMOS;GLASS, GREGORY E;HARDWICK, J. MARIE ;HOICZYK, EGBERT ;JACOBS-LORENA, MARCELO ;KETNER, GARY W;KLEIN, SABRA L.;KUMAR, NIRBHAY ;LEVITSKAIA, ELENA ;MARGOLICK, JOSEPH B.;MARKHAM, RICHARD B.;MOSS, WILLIAM J;NORRIS, DOUGLAS E;PEKOSZ, ANDREW S.;PINEDA, FERNANDO JAVIER;PRIGGE, SEAN TAYLOR;RASGON, JASON L;ROSE, NOEL R.;SCOTT, ALAN L;SHIFF, CLIVE J;YU, XIAO-FANG ;ZAVALA, FIDEL P;ZHANG, YING ","JOHNS HOPKINS UNIVERSITY", ,2013,507302,
"Training: Molecular & Cellular Bases of Infectious Diseases","NIAID","8294636",5T32AI007417-18,5,T32,AI,007417,18,,,"1869278","GRIFFIN, DIANE E ","AGRE, PETER C;BREAM, JAY H.;COPPENS, ISABELLE ;DIMOPOULOS, GEORGE ;DINGLASAN, RHOEL DAVID RAMOS;GLASS, GREGORY E;HARDWICK, J. MARIE ;HOICZYK, EGBERT ;JACOBS-LORENA, MARCELO ;KETNER, GARY W;KLEIN, SABRA L.;KUMAR, NIRBHAY ;LEVITSKAIA, ELENA ;MARGOLICK, JOSEPH B.;MARKHAM, RICHARD B.;MOSS, WILLIAM J;NORRIS, DOUGLAS E;PEKOSZ, ANDREW S.;PINEDA, FERNANDO JAVIER;PRIGGE, SEAN TAYLOR;RASGON, JASON L;ROSE, NOEL R.;SCOTT, ALAN L;SHIFF, CLIVE J;YU, XIAO-FANG ;ZAVALA, FIDEL P;ZHANG, YING ","JOHNS HOPKINS UNIVERSITY", ,2012,499422,
"Training: Molecular & Cellular Bases of Infectious Diseases","NIAID","8119725",5T32AI007417-17,5,T32,AI,007417,17,,,"1869278","GRIFFIN, DIANE E ","AGRE, PETER C;BREAM, JAY H.;COPPENS, ISABELLE ;DIMOPOULOS, GEORGE ;DINGLASAN, RHOEL DAVID RAMOS;GLASS, GREGORY E;HARDWICK, J. MARIE ;HOICZYK, EGBERT ;JACOBS-LORENA, MARCELO ;KETNER, GARY W;KLEIN, SABRA L.;KUMAR, NIRBHAY ;LEVITSKAIA, ELENA ;MARGOLICK, JOSEPH B.;MARKHAM, RICHARD B.;MOSS, WILLIAM J;NORRIS, DOUGLAS E;PEKOSZ, ANDREW S.;PINEDA, FERNANDO JAVIER;PRIGGE, SEAN TAYLOR;RASGON, JASON L;ROSE, NOEL R.;SCOTT, ALAN L;SHIFF, CLIVE J;YU, XIAO-FANG ;ZAVALA, FIDEL P;ZHANG, YING ","JOHNS HOPKINS UNIVERSITY", ,2011,450573,
"Training: Molecular & Cellular Bases of Infectious Diseases","NIAID","7943602",2T32AI007417-16,2,T32,AI,007417,16,,,"1869278","GRIFFIN, DIANE E ","AGRE, PETER C;BREAM, JAY H.;COPPENS, ISABELLE ;DIMOPOULOS, GEORGE ;DINGLASAN, RHOEL DAVID RAMOS;GLASS, GREGORY E;HARDWICK, J. MARIE ;HOICZYK, EGBERT ;JACOBS-LORENA, MARCELO ;KETNER, GARY W;KLEIN, SABRA L.;KUMAR, NIRBHAY ;LEVITSKAIA, ELENA ;MARGOLICK, JOSEPH B.;MARKHAM, RICHARD B.;MOSS, WILLIAM J;NORRIS, DOUGLAS E;PEKOSZ, ANDREW S.;PINEDA, FERNANDO JAVIER;PRIGGE, SEAN TAYLOR;RASGON, JASON L;ROSE, NOEL R.;SCOTT, ALAN L;SHIFF, CLIVE J;YU, XIAO-FANG ;ZAVALA, FIDEL P;ZHANG, YING ","JOHNS HOPKINS UNIVERSITY", ,2010,427416,
"B MALAYI L3/L4 SURFACE ANTIGENS FROM PCR CDNA LIBRARIES","NIAID","2064968",5R01AI029411-05,5,R01,AI,029411,05,,,"1897383","SCOTT, ALAN L",Not Applicable,"JOHNS HOPKINS UNIVERSITY", ,1996,215699,
"Genomics and Genotyping Core","NIAID","8689891",5U19AI089680-05,5,U19,AI,089680,05,,6413,"1897383","SCOTT, ALAN L",Not Applicable,"JOHNS HOPKINS UNIVERSITY", ,2014,,36458
"Genomics and Genotyping Core","NIAID","8503403",5U19AI089680-04,5,U19,AI,089680,04,,6413,"1897383","SCOTT, ALAN L",Not Applicable,"JOHNS HOPKINS UNIVERSITY", ,2013,,57236
"Genomics and Genotyping Core","NIAID","8378386",5U19AI089680-03,5,U19,AI,089680,03,,6413,"1897383","SCOTT, ALAN L",Not Applicable,"JOHNS HOPKINS UNIVERSITY", ,2012,,63914
"Genomics and Genotyping Core","NIAID","8299634",5U19AI089680-02,5,U19,AI,089680,02,,6413,"1897383","SCOTT, ALAN L",Not Applicable,"JOHNS HOPKINS UNIVERSITY", ,2011,,97411
"Genomics and Genotyping Core","NIAID","8009122",1U19AI089680-01,1,U19,AI,089680,01,,6413,"1897383","SCOTT, ALAN L",Not Applicable,"JOHNS HOPKINS UNIVERSITY", ,2010,,100527
"CORE--MOLECULAR","NIDCR","6765349",5P60DE013078-05,5,P60,DE,013078,05,,9003,"1897383","SCOTT, ALAN L",Not Applicable,"JOHNS HOPKINS UNIVERSITY", ,2003,,254104
"CORE--MOLECULAR","NIDCR","6709301",5P60DE013078-04,5,P60,DE,013078,04,,9003,"1897383","SCOTT, ALAN L",Not Applicable,"JOHNS HOPKINS UNIVERSITY", ,2002,,254104
"CORE--MOLECULAR","NIDCR","6481909",5P60DE013078-03,5,P60,DE,013078,03,,9003,"1897383","SCOTT, ALAN L",Not Applicable,"JOHNS HOPKINS UNIVERSITY", ,2001,,254104
"CORE--MOLECULAR","NIDCR","6159317",1P60DE013078-01,1,P60,DE,013078,01,,9003,"1897383","SCOTT, ALAN L",Not Applicable,"JOHNS HOPKINS UNIVERSITY", ,1999,,0
"APPLIED GENOMICS IN CARDIOPULMONARY DISEASE","NHLBI","6649254",5U01HL066623-04,5,U01,HL,066623,04,,,"1897383","SCOTT, ALAN L",Not Applicable,"JOHNS HOPKINS UNIVERSITY", ,2003,703215,
"APPLIED GENOMICS IN CARDIOPULMONARY DISEASE","NHLBI","6527825",5U01HL066623-03,5,U01,HL,066623,03,,,"1897383","SCOTT, ALAN L",Not Applicable,"JOHNS HOPKINS UNIVERSITY", ,2002,793340,
"APPLIED GENOMICS IN CARDIOPULMONARY DISEASE","NHLBI","6390933",5U01HL066623-02,5,U01,HL,066623,02,,,"1897383","SCOTT, ALAN L",Not Applicable,"JOHNS HOPKINS UNIVERSITY", ,2001,804221,
"APPLIED GENOMICS IN CARDIOPULMONARY DISEASE","NHLBI","6291606",1U01HL066623-01,1,U01,HL,066623,01,,,"1897383","SCOTT, ALAN L",Not Applicable,"JOHNS HOPKINS UNIVERSITY", ,2000,765151,

