----------------------------------------------------------------------------------Search Criteria:  Search in: Projects 		AdminIC: All; Principal Investigator / Project Leader: HOFFMANN; ALEXANDER; Fiscal Year: 2016; 2015; 2014; 2013; 2012; 2011; 2010; 2009; 2008; 2007; 2006; 2005; 2004; 2003; 2002; 2001; 2000; 1999; 1998; 1997; 1996 ----------------------------------------------------------------------------------Project Title,Administering  IC,Application ID,Project Number,Type,Activity,IC,Serial Number,Support Year,Suffix,Subproject Number ,Contact PI  Person ID,Contact PI / Project Leader,Other PI or Project Leader(s),Organization Name,ARRA Indicator,FY,FY Total Cost ,FY Total Cost  (Sub Projects),
"IKK:Biophysical basis of dynamic regulation","NCI","8463406",5R01CA141722-05,5,R01,CA,141722,05,,,"1872999","GHOSH, GOURISANKAR  ","HOFFMANN, ALEXANDER ","UNIVERSITY OF CALIFORNIA, SAN DIEGO", ,2013,506483,
"IKK:Biophysical basis of dynamic regulation","NCI","8259780",5R01CA141722-04,5,R01,CA,141722,04,,,"1872999","GHOSH, GOURISANKAR  ","HOFFMANN, ALEXANDER ","UNIVERSITY OF CALIFORNIA, SAN DIEGO", ,2012,538810,
"IKK:Biophysical basis of dynamic regulation","NCI","8072633",5R01CA141722-03,5,R01,CA,141722,03,,,"1872999","GHOSH, GOURISANKAR  ","HOFFMANN, ALEXANDER ","UNIVERSITY OF CALIFORNIA, SAN DIEGO", ,2011,538810,
"IKK:Biophysical basis of dynamic regulation","NCI","7843488",5R01CA141722-02,5,R01,CA,141722,02,,,"1872999","GHOSH, GOURISANKAR  ","HOFFMANN, ALEXANDER ","UNIVERSITY OF CALIFORNIA, SAN DIEGO", ,2010,555473,
"IKK:Biophysical basis of dynamic regulation","NCI","7714251",1R01CA141722-01,1,R01,CA,141722,01,,,"1872999","GHOSH, GOURISANKAR  ","HOFFMANN, ALEXANDER ","UNIVERSITY OF CALIFORNIA, SAN DIEGO", ,2009,544581,
"The NF-kB signaling system as a regulator of B-cell activation","NIAID","8787827",7R01AI083453-06,7,R01,AI,083453,06,,,"7845920","HOFFMANN, ALEXANDER ",Not Applicable,"UNIVERSITY OF CALIFORNIA LOS ANGELES", ,2014,283268,
"The NF-kB signaling system as a regulator of B-cell activation","NIAID","8582530",5R01AI083453-05,5,R01,AI,083453,05,,,"7845920","HOFFMANN, ALEXANDER ",Not Applicable,"UNIVERSITY OF CALIFORNIA, SAN DIEGO", ,2014,40878,
"The NF-kB signaling system as a regulator of B-cell activation","NIAID","8389839",5R01AI083453-04,5,R01,AI,083453,04,,,"7845920","HOFFMANN, ALEXANDER ",Not Applicable,"UNIVERSITY OF CALIFORNIA, SAN DIEGO", ,2013,328296,
"The NF-kB signaling system as a regulator of B-cell activation","NIAID","8197850",5R01AI083453-03,5,R01,AI,083453,03,,,"7845920","HOFFMANN, ALEXANDER ",Not Applicable,"UNIVERSITY OF CALIFORNIA, SAN DIEGO", ,2012,356314,
"The NF-kB signaling system as a regulator of B-cell activation","NIAID","8004988",5R01AI083453-02,5,R01,AI,083453,02,,,"7845920","HOFFMANN, ALEXANDER ",Not Applicable,"UNIVERSITY OF CALIFORNIA, SAN DIEGO", ,2011,365809,
"The NF-kB signaling system as a regulator of B-cell activation","NIAID","7787104",1R01AI083453-01A1,1,R01,AI,083453,01,A1,,"7845920","HOFFMANN, ALEXANDER ",Not Applicable,"UNIVERSITY OF CALIFORNIA, SAN DIEGO", ,2010,372810,
"Mathematically Modeling the regulation of immune responses to HIV-infection","NIAID","8707333",7P01AI090935-05,7,P01,AI,090935,05,,6809,"7845920","HOFFMANN, ALEXANDER ",Not Applicable,"SANFORD BURNHAM PREBYS MEDICAL DISCOVERY INSTITUTE", ,2014,,450339
"Mathematically Modeling the regulation of immune responses to HIV-infection","NIAID","8517000",5P01AI090935-04,5,P01,AI,090935,04,,6809,"7845920","HOFFMANN, ALEXANDER ",Not Applicable,"SALK INSTITUTE FOR BIOLOGICAL STUDIES", ,2013,,323641
"Mathematically Modeling the regulation of immune responses to HIV-infection","NIAID","8382093",5P01AI090935-03,5,P01,AI,090935,03,,6809,"7845920","HOFFMANN, ALEXANDER ",Not Applicable,"SALK INSTITUTE FOR BIOLOGICAL STUDIES", ,2012,,339882
"Mathematically Modeling the regulation of immune responses to HIV-infection","NIAID","8309453",5P01AI090935-02,5,P01,AI,090935,02,,6809,"7845920","HOFFMANN, ALEXANDER ",Not Applicable,"SALK INSTITUTE FOR BIOLOGICAL STUDIES", ,2011,,355982
"Mathematically Modeling the regulation of immune responses to HIV-infection","NIAID","8013204",1P01AI090935-01,1,P01,AI,090935,01,,6809,"7845920","HOFFMANN, ALEXANDER ",Not Applicable,"SALK INSTITUTE FOR BIOLOGICAL STUDIES", ,2010,,363724
"NGS Data Analysis Skills for the Biosciences Pipeline","NIBIB","9150643",5R25EB022364-02,5,R25,EB,022364,02,,,"7845920","HOFFMANN, ALEXANDER  ","PAPP, JEANETTE CHRISTINE","UNIVERSITY OF CALIFORNIA LOS ANGELES", ,2016,155677,
"NGS Data Analysis Skills for the Biosciences Pipeline","NIBIB","9044430",1R25EB022364-01,1,R25,EB,022364,01,,,"7845920","HOFFMANN, ALEXANDER  ","PAPP, JEANETTE CHRISTINE","UNIVERSITY OF CALIFORNIA LOS ANGELES", ,2015,159997,
"NFkB during TLR signaling in macrophages","NIGMS","8457116",5R01GM071573-09,5,R01,GM,071573,09,,,"7845920","HOFFMANN, ALEXANDER ",Not Applicable,"UNIVERSITY OF CALIFORNIA, SAN DIEGO", ,2013,255445,
"NFkB during TLR signaling in macrophages","NIGMS","8261104",5R01GM071573-08,5,R01,GM,071573,08,,,"7845920","HOFFMANN, ALEXANDER ",Not Applicable,"UNIVERSITY OF CALIFORNIA, SAN DIEGO", ,2012,270564,
"NFkB during TLR signaling in macrophages","NIGMS","8066611",5R01GM071573-07,5,R01,GM,071573,07,,,"7845920","HOFFMANN, ALEXANDER ",Not Applicable,"UNIVERSITY OF CALIFORNIA, SAN DIEGO", ,2011,276818,
"NFkB during TLR signaling in macrophages","NIGMS","7890145",2R01GM071573-06,2,R01,GM,071573,06,,,"7845920","HOFFMANN, ALEXANDER ",Not Applicable,"UNIVERSITY OF CALIFORNIA, SAN DIEGO", ,2010,278141,
"Regulation of signaling via the lkB-NF-kB interaction","NIGMS","7614253",5R01GM071573-05,5,R01,GM,071573,05,,,"7845920","HOFFMANN, ALEXANDER ",Not Applicable,"UNIVERSITY OF CALIFORNIA, SAN DIEGO", ,2009,231676,
"Regulation of signaling via the lkB-NF-kB interaction","NIGMS","7413421",5R01GM071573-04,5,R01,GM,071573,04,,,"7845920","HOFFMANN, ALEXANDER ",Not Applicable,"UNIVERSITY OF CALIFORNIA, SAN DIEGO", ,2008,232296,
"Regulation of signaling via the lkB-NF-kB interaction","NIGMS","7249466",5R01GM071573-03,5,R01,GM,071573,03,,,"7845920","HOFFMANN, ALEXANDER ",Not Applicable,"UNIVERSITY OF CALIFORNIA", ,2007,222548,
"Regulation of signaling via the lkB-NF-kB interaction","NIGMS","7036614",5R01GM071573-02,5,R01,GM,071573,02,,,"7845920","HOFFMANN, ALEXANDER ",Not Applicable,"UNIVERSITY OF CALIFORNIA SAN DIEGO", ,2006,229836,
"Regulation of signaling via the lkB-NF-kB interaction","NIGMS","6920214",1R01GM071573-01A1,1,R01,GM,071573,01,A1,,"7845920","HOFFMANN, ALEXANDER ",Not Applicable,"UNIVERSITY OF CALIFORNIA SAN DIEGO", ,2005,235730,
"Project 5: In Vivo Signal Transduction Control by the","NIGMS","9024567",4P01GM071862-10,4,P01,GM,071862,10,,8395,"7845920","HOFFMANN, ALEXANDER ",Not Applicable,"UNIVERSITY OF CALIFORNIA, SAN DIEGO", ,2016,,360707
"Project 5: In Vivo Signal Transduction Control by the","NIGMS","8812876",5P01GM071862-09,5,P01,GM,071862,09,,8395,"7845920","HOFFMANN, ALEXANDER ",Not Applicable,"UNIVERSITY OF CALIFORNIA, SAN DIEGO", ,2015,,365573
"Project 5: In Vivo Signal Transduction Control by the","NIGMS","8627181",5P01GM071862-08,5,P01,GM,071862,08,,8395,"7845920","HOFFMANN, ALEXANDER ",Not Applicable,"UNIVERSITY OF CALIFORNIA, SAN DIEGO", ,2014,,359252
"Project 5: In Vivo Signal Transduction Control by the","NIGMS","8459441",5P01GM071862-07,5,P01,GM,071862,07,,8395,"7845920","HOFFMANN, ALEXANDER ",Not Applicable,"UNIVERSITY OF CALIFORNIA, SAN DIEGO", ,2013,,351911
"Project 5: In Vivo Signal Transduction Control by the","NIGMS","8260173",2P01GM071862-06A1,2,P01,GM,071862,06,A1,8395,"7845920","HOFFMANN, ALEXANDER ",Not Applicable,"UNIVERSITY OF CALIFORNIA, SAN DIEGO", ,2012,,334399
"SIGNAL TRANSDUCTION CONTROL OF THE IKB FAMILY MEMBERS","NIGMS","8052867",5P01GM071862-05,5,P01,GM,071862,05,,0005,"7845920","HOFFMANN, ALEXANDER ",Not Applicable,"UNIVERSITY OF CALIFORNIA, SAN DIEGO", ,2010,,307187
"SIGNAL TRANSDUCTION CONTROL OF THE IKB FAMILY MEMBERS","NIGMS","7791297",5P01GM071862-04,5,P01,GM,071862,04,,0005,"7845920","HOFFMANN, ALEXANDER ",Not Applicable,"UNIVERSITY OF CALIFORNIA, SAN DIEGO", ,2009,,314043
"SIGNAL TRANSDUCTION CONTROL OF THE IKB FAMILY MEMBERS","NIGMS","7585243",5P01GM071862-03,5,P01,GM,071862,03,,0005,"7845920","HOFFMANN, ALEXANDER ",Not Applicable,"UNIVERSITY OF CALIFORNIA, SAN DIEGO", ,2008,,280342
"SIGNAL TRANSDUCTION CONTROL OF THE IKB FAMILY MEMBERS","NIGMS","7553330",5P01GM071862-02,5,P01,GM,071862,02,,0005,"7845920","HOFFMANN, ALEXANDER ",Not Applicable,"UNIVERSITY OF CALIFORNIA", ,2007,,286655
"SIGNAL TRANSDUCTION CONTROL OF THE IKB FAMILY MEMBERS","NIGMS","7096440",1P01GM071862-01A2,1,P01,GM,071862,01,A2,0005,"7845920","HOFFMANN, ALEXANDER ",Not Applicable,"UNIVERSITY OF CALIFORNIA SAN DIEGO", ,2006,,278603
"SEED PROJECT","NIGMS","8729592",5P50GM085764-05,5,P50,GM,085764,05,,5776,"7845920","HOFFMANN, ALEXANDER ",Not Applicable,"UNIVERSITY OF CALIFORNIA, SAN DIEGO", ,2014,,130217
"CORE E: EDUCATION","NIGMS","8729597",5P50GM085764-05,5,P50,GM,085764,05,,5786,"7845920","HOFFMANN, ALEXANDER ",Not Applicable,"UNIVERSITY OF CALIFORNIA, SAN DIEGO", ,2014,,29311
"ADMINISTRATION","NIGMS","8729598",5P50GM085764-05,5,P50,GM,085764,05,,5789,"7845920","HOFFMANN, ALEXANDER ",Not Applicable,"UNIVERSITY OF CALIFORNIA, SAN DIEGO", ,2014,,98212
"SEED PROJECT","NIGMS","8538446",5P50GM085764-04,5,P50,GM,085764,04,,5776,"7845920","HOFFMANN, ALEXANDER ",Not Applicable,"UNIVERSITY OF CALIFORNIA, SAN DIEGO", ,2013,,145175
"CORE E: EDUCATION","NIGMS","8538451",5P50GM085764-04,5,P50,GM,085764,04,,5786,"7845920","HOFFMANN, ALEXANDER ",Not Applicable,"UNIVERSITY OF CALIFORNIA, SAN DIEGO", ,2013,,31725
"ADMINISTRATION","NIGMS","8538452",5P50GM085764-04,5,P50,GM,085764,04,,5789,"7845920","HOFFMANN, ALEXANDER ",Not Applicable,"UNIVERSITY OF CALIFORNIA, SAN DIEGO", ,2013,,119093
"Center for Systems Biology of Cellular Stress Responses","NIGMS","8608685",3P50GM085764-03S1,3,P50,GM,085764,03,S1,,"7845920","HOFFMANN, ALEXANDER ",Not Applicable,"UNIVERSITY OF CALIFORNIA, SAN DIEGO", ,2013,54413,
"SEED PROJECT","NIGMS","8380341",5P50GM085764-03,5,P50,GM,085764,03,,5776,"7845920","HOFFMANN, ALEXANDER ",Not Applicable,"UNIVERSITY OF CALIFORNIA, SAN DIEGO", ,2012,,147535
"CORE E: EDUCATION","NIGMS","8380348",5P50GM085764-03,5,P50,GM,085764,03,,5786,"7845920","HOFFMANN, ALEXANDER ",Not Applicable,"UNIVERSITY OF CALIFORNIA, SAN DIEGO", ,2012,,31303
"ADMINISTRATION","NIGMS","8380350",5P50GM085764-03,5,P50,GM,085764,03,,5789,"7845920","HOFFMANN, ALEXANDER ",Not Applicable,"UNIVERSITY OF CALIFORNIA, SAN DIEGO", ,2012,,130506
"Center for Systems Biology of Cellular Stress Responses","NIGMS","8332812",5P50GM085764-03,5,P50,GM,085764,03,,,"7845920","HOFFMANN, ALEXANDER ",Not Applicable,"UNIVERSITY OF CALIFORNIA, SAN DIEGO", ,2012,2956419,
"Center for Systems Biology of Cellular Stress Responses","NIGMS","8327483",3P50GM085764-02S1,3,P50,GM,085764,02,S1,,"7845920","HOFFMANN, ALEXANDER ",Not Applicable,"UNIVERSITY OF CALIFORNIA, SAN DIEGO", ,2011,250000,
"SEED PROJECT","NIGMS","8332804",5P50GM085764-02,5,P50,GM,085764,02,,5776,"7845920","HOFFMANN, ALEXANDER ",Not Applicable,"UNIVERSITY OF CALIFORNIA, SAN DIEGO", ,2011,,160990
"CORE E: EDUCATION","NIGMS","8332809",5P50GM085764-02,5,P50,GM,085764,02,,5786,"7845920","HOFFMANN, ALEXANDER ",Not Applicable,"UNIVERSITY OF CALIFORNIA, SAN DIEGO", ,2011,,33164
"ADMINISTRATION","NIGMS","8332810",5P50GM085764-02,5,P50,GM,085764,02,,5789,"7845920","HOFFMANN, ALEXANDER ",Not Applicable,"UNIVERSITY OF CALIFORNIA, SAN DIEGO", ,2011,,138378
"Center for Systems Biology of Cellular Stress Responses","NIGMS","8145605",5P50GM085764-02,5,P50,GM,085764,02,,,"7845920","HOFFMANN, ALEXANDER ",Not Applicable,"UNIVERSITY OF CALIFORNIA, SAN DIEGO", ,2011,2972468,
"SEED PROJECT","NIGMS","8151848",1P50GM085764-01A2,1,P50,GM,085764,01,A2,5776,"7845920","HOFFMANN, ALEXANDER ",Not Applicable,"UNIVERSITY OF CALIFORNIA, SAN DIEGO", ,2010,,154500
"CORE E: EDUCATION","NIGMS","8151886",1P50GM085764-01A2,1,P50,GM,085764,01,A2,5786,"7845920","HOFFMANN, ALEXANDER ",Not Applicable,"UNIVERSITY OF CALIFORNIA, SAN DIEGO", ,2010,,30900
"ADMINISTRATION","NIGMS","8151889",1P50GM085764-01A2,1,P50,GM,085764,01,A2,5789,"7845920","HOFFMANN, ALEXANDER ",Not Applicable,"UNIVERSITY OF CALIFORNIA, SAN DIEGO", ,2010,,129045
"Center for Systems Biology of Cellular Stress Responses","NIGMS","7981615",1P50GM085764-01A2,1,P50,GM,085764,01,A2,,"7845920","HOFFMANN, ALEXANDER ",Not Applicable,"UNIVERSITY OF CALIFORNIA, SAN DIEGO", ,2010,3096235,
"Understanding dynamical coding by NFkB","NIGMS","9010757",1R01GM117134-01,1,R01,GM,117134,01,,,"7845920","HOFFMANN, ALEXANDER  ","WOLLMAN, ROY ","UNIVERSITY OF CALIFORNIA LOS ANGELES", ,2016,633800,
"'Ribonomics' of Gene Regulation to predict Innate Immune Responses","NHGRI","8991718",5U01HG007912-02,5,U01,HG,007912,02,,,"7845920","HOFFMANN, ALEXANDER  ","BLACK, DOUGLAS L.","UNIVERSITY OF CALIFORNIA LOS ANGELES", ,2016,1939552,
"'Ribonomics' of Gene Regulation to predict Innate Immune Responses","NHGRI","8771101",1U01HG007912-01,1,U01,HG,007912,01,,,"7845920","HOFFMANN, ALEXANDER  ","BLACK, DOUGLAS L.","UNIVERSITY OF CALIFORNIA LOS ANGELES", ,2015,1979328,
"Graduate Training Program in Bioinformatics","NIGMS","8870369",5T32GM008806-15,5,T32,GM,008806,15,,,"1936703","SUBRAMANIAM, SHANKAR  ","HOFFMANN, ALEXANDER ;PEVZNER, PAVEL A","UNIVERSITY OF CALIFORNIA, SAN DIEGO", ,2015,356799,
"Graduate Training Program in Bioinformatics","NIGMS","8689072",5T32GM008806-14,5,T32,GM,008806,14,,,"1936703","SUBRAMANIAM, SHANKAR  ","HOFFMANN, ALEXANDER ;PEVZNER, PAVEL A","UNIVERSITY OF CALIFORNIA, SAN DIEGO", ,2014,302207,
"Graduate Training Program in Bioinformatics","NIGMS","8499315",5T32GM008806-13,5,T32,GM,008806,13,,,"1936703","SUBRAMANIAM, SHANKAR  ","HOFFMANN, ALEXANDER ;PEVZNER, PAVEL A","UNIVERSITY OF CALIFORNIA, SAN DIEGO", ,2013,298372,
"Graduate Training Program in Bioinformatics","NIGMS","8284320",5T32GM008806-12,5,T32,GM,008806,12,,,"1936703","SUBRAMANIAM, SHANKAR  ","HOFFMANN, ALEXANDER ;PEVZNER, PAVEL A","UNIVERSITY OF CALIFORNIA, SAN DIEGO", ,2012,298372,
"Graduate Training Program in Bioinformatics","NIGMS","8018924",2T32GM008806-11,2,T32,GM,008806,11,,,"1936703","SUBRAMANIAM, SHANKAR  ","HOFFMANN, ALEXANDER ;PEVZNER, PAVEL A","UNIVERSITY OF CALIFORNIA, SAN DIEGO", ,2011,294638,
"Delays and variability in single-cell NFkB signaling","NIGMS","8464742",5R01GM089976-04,5,R01,GM,089976,04,,,"9749522","TSIMRING, LEV S ","HASTY, JEFF M;HOFFMANN, ALEXANDER ","UNIVERSITY OF CALIFORNIA, SAN DIEGO", ,2013,468273,
"Delays and variability in single-cell NFkB signaling","NIGMS","8260531",5R01GM089976-03,5,R01,GM,089976,03,,,"9749522","TSIMRING, LEV S ","HASTY, JEFF M;HOFFMANN, ALEXANDER ","UNIVERSITY OF CALIFORNIA, SAN DIEGO", ,2012,485268,
"Delays and variability in single-cell NFkB signaling","NIGMS","8060597",5R01GM089976-02,5,R01,GM,089976,02,,,"9749522","TSIMRING, LEV S ","HASTY, JEFF M;HOFFMANN, ALEXANDER ","UNIVERSITY OF CALIFORNIA, SAN DIEGO", ,2011,485277,
"Delays and variability in single-cell NFkB signaling","NIGMS","7768106",1R01GM089976-01,1,R01,GM,089976,01,,,"9749522","TSIMRING, LEV S ","HASTY, JEFF M;HOFFMANN, ALEXANDER ","UNIVERSITY OF CALIFORNIA, SAN DIEGO", ,2010,542904,
"Epigenomic control of RNA splicing","NIEHS","8921202",5R01ES024995-02,5,R01,ES,024995,02,,,"9187294","XING, YI  ","HOFFMANN, ALEXANDER ","UNIVERSITY OF CALIFORNIA LOS ANGELES", ,2015,308000,
"Epigenomic control of RNA splicing","NIEHS","8815662",1R01ES024995-01,1,R01,ES,024995,01,,,"9187294","XING, YI  ","HOFFMANN, ALEXANDER ","UNIVERSITY OF CALIFORNIA LOS ANGELES", ,2014,308000,

