----------------------------------------------------------------------------------Search Criteria:  Search in: Projects 		AdminIC: All; Principal Investigator / Project Leader: NORD; ALEX; Fiscal Year: 2016; 2015; 2014; 2013; 2012; 2011; 2010; 2009; 2008; 2007; 2006; 2005; 2004; 2003; 2002; 2001; 2000; 1999; 1998; 1997; 1996 ----------------------------------------------------------------------------------Project Title,Administering  IC,Application ID,Project Number,Type,Activity,IC,Serial Number,Support Year,Suffix,Subproject Number ,Contact PI  Person ID,Contact PI / Project Leader,Other PI or Project Leader(s),Organization Name,ARRA Indicator,FY,FY Total Cost ,FY Total Cost  (Sub Projects),
"Developmental and evolutionary dynamics of tissue-specific mammalian enhancers.","NIGMS","8732476",5F32GM105202-02,5,F32,GM,105202,02,,,"9262519","NORD, ALEXANDER ",Not Applicable,"UNIVERSITY OF CALIF-LAWRENC BERKELEY LAB", ,2014,7862,
"Developmental and evolutionary dynamics of tissue-specific mammalian enhancers.","NIGMS","8595085",1F32GM105202-01A1,1,F32,GM,105202,01,A1,,"9262519","NORD, ALEXANDER ",Not Applicable,"UNIVERSITY OF CALIF-LAWRENC BERKELEY LAB", ,2013,52190,
"Functional Elucidation of the Sequence-Encoded Regulatory Activity of Enhancers in Vivo in the Brain","NIGMS","9142940",1R35GM119831-01,1,R35,GM,119831,01,,,"9262519","NORD, ALEXANDER ",Not Applicable,"UNIVERSITY OF CALIFORNIA AT DAVIS", ,2016,355968,

