----------------------------------------------------------------------------------Search Criteria:  Search in: Projects 		AdminIC: All; Principal Investigator / Project Leader: SCHIER; ALEXANDER F; Fiscal Year: 2016; 2015; 2014; 2013; 2012; 2011; 2010; 2009; 2008; 2007; 2006; 2005; 2004; 2003; 2002; 2001; 2000; 1999; 1998; 1997; 1996 ----------------------------------------------------------------------------------Project Title,Administering  IC,Application ID,Project Number,Type,Activity,IC,Serial Number,Support Year,Suffix,Subproject Number ,Contact PI  Person ID,Contact PI / Project Leader,Other PI or Project Leader(s),Organization Name,ARRA Indicator,FY,FY Total Cost ,FY Total Cost  (Sub Projects),
"Comprehensive Classification Of Neuronal Subtypes By Single Cell Transcriptomics","NIMH","9324097",3U01MH105960-03S1,3,U01,MH,105960,03,S1,,"1875128","SANES, JOSHUA R ","REGEV, AVIV ;SCHIER, ALEXANDER F;ZHANG, YI ","HARVARD UNIVERSITY", ,2016,84705,
"Comprehensive Classification Of Neuronal Subtypes By Single Cell Transcriptomics","NIMH","9116299",5U01MH105960-03,5,U01,MH,105960,03,,,"1875128","SANES, JOSHUA R ","REGEV, AVIV ;SCHIER, ALEXANDER F;ZHANG, YI ","HARVARD UNIVERSITY", ,2016,1375599,
"Comprehensive Classification Of Neuronal Subtypes By Single Cell Transcriptomics","NIMH","9133052",3U01MH105960-02S1,3,U01,MH,105960,02,S1,,"1875128","SANES, JOSHUA R ","REGEV, AVIV ;SCHIER, ALEXANDER F;ZHANG, YI ","HARVARD UNIVERSITY", ,2015,347998,
"Comprehensive Classification Of Neuronal Subtypes By Single Cell Transcriptomics","NIMH","8935933",5U01MH105960-02,5,U01,MH,105960,02,,,"1875128","SANES, JOSHUA R ","REGEV, AVIV ;SCHIER, ALEXANDER F;ZHANG, YI ","HARVARD UNIVERSITY", ,2015,1315255,
"Comprehensive Classification Of Neuronal Subtypes By Single Cell Transcriptomics","NIMH","8822370",1U01MH105960-01,1,U01,MH,105960,01,,,"1875128","SANES, JOSHUA R ","REGEV, AVIV ;SCHIER, ALEXANDER F;ZHANG, YI ","HARVARD UNIVERSITY", ,2014,1362489,
"COMPARATIVE GENETICS OF GLI FUNCTION","NIDCR","7480403",5R01DE016779-05,5,R01,DE,016779,05,,,"1879377","SCHIER, ALEXANDER F",Not Applicable,"HARVARD UNIVERSITY", ,2008,390339,
"COMPARATIVE GENETICS OF GLI FUNCTION","NIDCR","7277314",5R01DE016779-04,5,R01,DE,016779,04,,,"1879377","SCHIER, ALEXANDER F",Not Applicable,"HARVARD UNIVERSITY", ,2007,394681,
"COMPARATIVE GENETICS OF GLI FUNCTION","NIDCR","7118636",5R01DE016779-03,5,R01,DE,016779,03,,,"1879377","SCHIER, ALEXANDER F",Not Applicable,"HARVARD UNIVERSITY", ,2006,406468,
"COMPARATIVE GENETICS OF GLI FUNCTION","NIDCR","6954194",7R01DE016779-02,7,R01,DE,016779,02,,,"1879377","SCHIER, ALEXANDER F",Not Applicable,"HARVARD UNIVERSITY", ,2005,416250,
"COMPARATIVE GENETICS OF GLI FUNCTION","NIDCR","6829985",1R01DE016779-01,1,R01,DE,016779,01,,,"1879377","SCHIER, ALEXANDER F",Not Applicable,"NEW YORK UNIVERSITY SCHOOL OF MEDICINE", ,2004,422500,
"Genetic Mechanisms of Axis Formation in Vertebrates","NIGMS","9028017",2R37GM056211-18,2,R37,GM,056211,18,,,"1879377","SCHIER, ALEXANDER F",Not Applicable,"HARVARD UNIVERSITY", ,2016,380960,
"Genetic Mechanisms of Axis Formation in Vertebrates","NIGMS","9025923",3R01GM056211-17S1,3,R01,GM,056211,17,S1,,"1879377","SCHIER, ALEXANDER F",Not Applicable,"HARVARD UNIVERSITY", ,2015,50001,
"Genetic Mechanisms of Axis Formation in Vertebrates","NIGMS","8782488",5R01GM056211-17,5,R01,GM,056211,17,,,"1879377","SCHIER, ALEXANDER F",Not Applicable,"HARVARD UNIVERSITY", ,2015,358882,
"Genetic Mechanisms of Axis Formation in Vertebrates","NIGMS","8600689",5R01GM056211-16,5,R01,GM,056211,16,,,"1879377","SCHIER, ALEXANDER F",Not Applicable,"HARVARD UNIVERSITY", ,2014,357973,
"Genetic Mechanisms of Axis Formation in Vertebrates","NIGMS","8401908",5R01GM056211-15,5,R01,GM,056211,15,,,"1879377","SCHIER, ALEXANDER F",Not Applicable,"HARVARD UNIVERSITY", ,2013,347930,
"Genetic Mechanisms of Axis Formation in Vertebrates","NIGMS","8216232",2R01GM056211-14A1,2,R01,GM,056211,14,A1,,"1879377","SCHIER, ALEXANDER F",Not Applicable,"HARVARD UNIVERSITY", ,2012,373490,
"Genetic Mechanisms of Axis Formation in Vertebrates","NIGMS","8319830",3R01GM056211-13S1,3,R01,GM,056211,13,S1,,"1879377","SCHIER, ALEXANDER F",Not Applicable,"HARVARD UNIVERSITY", ,2011,124442,
"Genetic Mechanisms of Axis Formation in Vertebrates","NIGMS","7669155",5R01GM056211-13,5,R01,GM,056211,13,,,"1879377","SCHIER, ALEXANDER F",Not Applicable,"HARVARD UNIVERSITY", ,2009,371117,
"Genetic Mechanisms of Axis Formation in Vertebrates","NIGMS","7884089",3R01GM056211-12S1,3,R01,GM,056211,12,S1,,"1879377","SCHIER, ALEXANDER F",Not Applicable,"HARVARD UNIVERSITY",YES,2009,138530,
"Genetic Mechanisms of Axis Formation in Vertebrates","NIGMS","7491084",5R01GM056211-12,5,R01,GM,056211,12,,,"1879377","SCHIER, ALEXANDER F",Not Applicable,"HARVARD UNIVERSITY", ,2008,369277,
"Genetic Mechanisms of Axis Formation in Vertebrates","NIGMS","7262543",5R01GM056211-11,5,R01,GM,056211,11,,,"1879377","SCHIER, ALEXANDER F",Not Applicable,"HARVARD UNIVERSITY", ,2007,368908,
"Genetic Mechanisms of Axis Formation in Vertebrates","NIGMS","7149642",2R01GM056211-10,2,R01,GM,056211,10,,,"1879377","SCHIER, ALEXANDER F",Not Applicable,"HARVARD UNIVERSITY", ,2006,378029,
"Genetic Mechanisms of Axis Formation in Vertebrates","NIGMS","6936632",7R01GM056211-09,7,R01,GM,056211,09,,,"1879377","SCHIER, ALEXANDER F",Not Applicable,"HARVARD UNIVERSITY", ,2005,355334,
"Genetic Mechanisms of Axis Formation in Vertebrates","NIGMS","6788833",5R01GM056211-08,5,R01,GM,056211,08,,,"1879377","SCHIER, ALEXANDER F",Not Applicable,"NEW YORK UNIVERSITY SCHOOL OF MEDICINE", ,2004,366167,
"Genetic Mechanisms of Axis Formation in Vertebrates","NIGMS","6605655",5R01GM056211-07,5,R01,GM,056211,07,,,"1879377","SCHIER, ALEXANDER F",Not Applicable,"NEW YORK UNIVERSITY SCHOOL OF MEDICINE", ,2003,328575,
"Genetic Mechanisms of Axis Formation in Vertebrates","NIGMS","6472330",2R01GM056211-06,2,R01,GM,056211,06,,,"1879377","SCHIER, ALEXANDER F",Not Applicable,"NEW YORK UNIVERSITY SCHOOL OF MEDICINE", ,2002,327600,
"GENETIC MECHANISMS OF AXIS FORMATION IN VERTEBRATES","NIGMS","6386718",5R01GM056211-05,5,R01,GM,056211,05,,,"1879377","SCHIER, ALEXANDER F",Not Applicable,"NEW YORK UNIVERSITY SCHOOL OF MEDICINE", ,2001,267348,
"GENETIC MECHANISMS OF AXIS FORMATION IN VERTEBRATES","NIGMS","6180850",5R01GM056211-04,5,R01,GM,056211,04,,,"1879377","SCHIER, ALEXANDER F",Not Applicable,"NEW YORK UNIVERSITY SCHOOL OF MEDICINE", ,2000,260747,
"GENETIC MECHANISMS OF AXIS FORMATION IN VERTEBRATES","NIGMS","6019311",5R01GM056211-03,5,R01,GM,056211,03,,,"1879377","SCHIER, ALEXANDER F",Not Applicable,"NEW YORK UNIVERSITY SCHOOL OF MEDICINE", ,1999,254337,
"GENETIC MECHANISMS OF AXIS FORMATION IN VERTEBRATES","NIGMS","2771095",5R01GM056211-02,5,R01,GM,056211,02,,,"1879377","SCHIER, ALEXANDER F",Not Applicable,"NEW YORK UNIVERSITY SCHOOL OF MEDICINE", ,1998,247989,
"GENETIC MECHANISMS OF AXIS FORMATION IN VERTEBRATES","NIGMS","2372678",1R01GM056211-01,1,R01,GM,056211,01,,,"1879377","SCHIER, ALEXANDER F",Not Applicable,"NEW YORK UNIVERSITY SCHOOL OF MEDICINE", ,1997,238143,
"SENSITIZED SCREEN MUTATION AFFECTING EARLY EMBRYOGENESIS","NIGMS","6641240",5R01GM064327-03,5,R01,GM,064327,03,,,"1879377","SCHIER, ALEXANDER F",Not Applicable,"NEW YORK UNIVERSITY SCHOOL OF MEDICINE", ,2003,211250,
"SENSITIZED SCREEN MUTATION AFFECTING EARLY EMBRYOGENESIS","NIGMS","6526267",5R01GM064327-02,5,R01,GM,064327,02,,,"1879377","SCHIER, ALEXANDER F",Not Applicable,"NEW YORK UNIVERSITY SCHOOL OF MEDICINE", ,2002,210625,
"SENSITIZED SCREEN MUTATION AFFECTING EARLY EMBRYOGENESIS","NIGMS","6315650",1R01GM064327-01,1,R01,GM,064327,01,,,"1879377","SCHIER, ALEXANDER F",Not Applicable,"NEW YORK UNIVERSITY SCHOOL OF MEDICINE", ,2001,210000,
"Genetics of Sleep in Zebrafish","NIGMS","7845641",5R01GM085357-03,5,R01,GM,085357,03,,,"1879377","SCHIER, ALEXANDER F",Not Applicable,"HARVARD UNIVERSITY", ,2010,332640,
"Genetics of Sleep in Zebrafish","NIGMS","7628393",5R01GM085357-02,5,R01,GM,085357,02,,,"1879377","SCHIER, ALEXANDER F",Not Applicable,"HARVARD UNIVERSITY", ,2009,335833,
"Genetics of Sleep in Zebrafish","NIGMS","7498773",1R01GM085357-01A1,1,R01,GM,085357,01,A1,,"1879377","SCHIER, ALEXANDER F",Not Applicable,"HARVARD UNIVERSITY", ,2008,334000,
"2007/2009  'Developmental Biology' Gordon Research Conferences","NICHD","7273068",1R13HD055720-01,1,R13,HD,055720,01,,,"1879377","SCHIER, ALEXANDER F",Not Applicable,"GORDON RESEARCH CONFERENCES", ,2007,14000,
"2009/2011 'Developmental Biology' Gordon Research Conferences","NICHD","8079551",5R13HD062039-03,5,R13,HD,062039,03,,,"1879377","SCHIER, ALEXANDER F",Not Applicable,"GORDON RESEARCH CONFERENCES", ,2011,10000,
"2009/2011 'Developmental Biology' Gordon Research Conferences","NICHD","7873006",5R13HD062039-02,5,R13,HD,062039,02,,,"1879377","SCHIER, ALEXANDER F",Not Applicable,"GORDON RESEARCH CONFERENCES", ,2010,1,
"2009/2011 'Developmental Biology' Gordon Research Conferences","NICHD","7743903",1R13HD062039-01,1,R13,HD,062039,01,,,"1879377","SCHIER, ALEXANDER F",Not Applicable,"GORDON RESEARCH CONFERENCES", ,2009,10000,
"Multicolor Fluorescent Analysis in Zebrafish","NICHD","8291907",5R01HD067140-03,5,R01,HD,067140,03,,,"1879377","SCHIER, ALEXANDER F",Not Applicable,"HARVARD UNIVERSITY", ,2012,234259,
"Multicolor Fluorescent Analysis in Zebrafish","NICHD","8142948",5R01HD067140-02,5,R01,HD,067140,02,,,"1879377","SCHIER, ALEXANDER F",Not Applicable,"HARVARD UNIVERSITY", ,2011,234259,
"Multicolor Fluorescent Analysis in Zebrafish","NICHD","7935634",1R01HD067140-01,1,R01,HD,067140,01,,,"1879377","SCHIER, ALEXANDER F",Not Applicable,"HARVARD UNIVERSITY", ,2010,244020,
"Histone Modifications During Embryogenesis","NICHD","8441510",5R21HD072733-02,5,R21,HD,072733,02,,,"1879377","SCHIER, ALEXANDER F",Not Applicable,"HARVARD UNIVERSITY", ,2013,192195,
"Histone Modifications During Embryogenesis","NICHD","8320462",1R21HD072733-01,1,R21,HD,072733,01,,,"1879377","SCHIER, ALEXANDER F",Not Applicable,"HARVARD UNIVERSITY", ,2012,249201,
"Genetics of long non-coding RNAs in zebrafish","NICHD","9056624",5R01HD076708-03,5,R01,HD,076708,03,,,"1879377","SCHIER, ALEXANDER F",Not Applicable,"HARVARD UNIVERSITY", ,2016,347168,
"Genetics of long non-coding RNAs in zebrafish","NICHD","8909149",5R01HD076708-02,5,R01,HD,076708,02,,,"1879377","SCHIER, ALEXANDER F",Not Applicable,"HARVARD UNIVERSITY", ,2015,341907,
"Genetics of long non-coding RNAs in zebrafish","NICHD","8736103",1R01HD076708-01A1,1,R01,HD,076708,01,A1,,"1879377","SCHIER, ALEXANDER F",Not Applicable,"HARVARD UNIVERSITY", ,2014,350675,
"Embryonic gene regulatory networks from spatially resolved transcriptomes","NICHD","8994944",1R01HD085905-01,1,R01,HD,085905,01,,,"1879377","SCHIER, ALEXANDER F",Not Applicable,"HARVARD UNIVERSITY", ,2016,643516,
"LARGE SCALE INSERTIONAL TAGGING OF ZEBRAFISH GENES","NHGRI","2674273",5R21HG001704-02,5,R21,HG,001704,02,,,"1879377","SCHIER, ALEXANDER F",Not Applicable,"NEW YORK UNIVERSITY SCHOOL OF MEDICINE", ,1998,161487,
"LARGE SCALE INSERTIONAL TAGGING OF ZEBRAFISH GENES","NHGRI","2487293",1R21HG001704-01,1,R21,HG,001704,01,,,"1879377","SCHIER, ALEXANDER F",Not Applicable,"NEW YORK UNIVERSITY SCHOOL OF MEDICINE", ,1997,158564,
"TARGETED MANIPULATION OF THE ZEBRAFISH GENOME","NHGRI","6947751",7R01HG003494-02,7,R01,HG,003494,02,,,"1879377","SCHIER, ALEXANDER F",Not Applicable,"HARVARD UNIVERSITY", ,2005,258300,
"TARGETED MANIPULATION OF THE ZEBRAFISH GENOME","NHGRI","6830324",1R01HG003494-01,1,R01,HG,003494,01,,,"1879377","SCHIER, ALEXANDER F",Not Applicable,"NEW YORK UNIVERSITY SCHOOL OF MEDICINE", ,2004,228150,
"Genetics of Sleep in Zebrafish","NHLBI","8877616",5R01HL109525-08,5,R01,HL,109525,08,,,"1879377","SCHIER, ALEXANDER F",Not Applicable,"HARVARD UNIVERSITY", ,2015,416162,
"Genetics of Sleep in Zebrafish","NHLBI","8692005",5R01HL109525-07,5,R01,HL,109525,07,,,"1879377","SCHIER, ALEXANDER F",Not Applicable,"HARVARD UNIVERSITY", ,2014,414050,
"Genetics of Sleep in Zebrafish","NHLBI","8502342",5R01HL109525-06,5,R01,HL,109525,06,,,"1879377","SCHIER, ALEXANDER F",Not Applicable,"HARVARD UNIVERSITY", ,2013,402220,
"Genetics of Sleep in Zebrafish","NHLBI","8301000",5R01HL109525-05,5,R01,HL,109525,05,,,"1879377","SCHIER, ALEXANDER F",Not Applicable,"HARVARD UNIVERSITY", ,2012,422500,
"Genetics of Sleep in Zebrafish","NHLBI","8150087",9R01HL109525-04,9,R01,HL,109525,04,,,"1879377","SCHIER, ALEXANDER F",Not Applicable,"HARVARD UNIVERSITY", ,2011,422500,
"MOLECULAR GENETICS OF FOREBRAIN DEVELOPMENT","NINDS","6639538",5R01NS037801-04,5,R01,NS,037801,04,,,"1879377","SCHIER, ALEXANDER F",Not Applicable,"NEW YORK UNIVERSITY SCHOOL OF MEDICINE", ,2003,328700,
"MOLECULAR GENETICS OF FOREBRAIN DEVELOPMENT","NINDS","6540005",5R01NS037801-03,5,R01,NS,037801,03,,,"1879377","SCHIER, ALEXANDER F",Not Applicable,"NEW YORK UNIVERSITY SCHOOL OF MEDICINE", ,2002,328700,
"MOLECULAR GENETICS OF FOREBRAIN DEVELOPMENT","NINDS","6393977",5R01NS037801-02,5,R01,NS,037801,02,,,"1879377","SCHIER, ALEXANDER F",Not Applicable,"NEW YORK UNIVERSITY SCHOOL OF MEDICINE", ,2001,328700,
"MOLECULAR GENETICS OF FOREBRAIN DEVELOPMENT","NINDS","6131067",1R01NS037801-01A2,1,R01,NS,037801,01,A2,,"1879377","SCHIER, ALEXANDER F",Not Applicable,"NEW YORK UNIVERSITY SCHOOL OF MEDICINE", ,2000,287450,
"MOLECULAR GENETICS OF SENSORY GANGLIA DEVELOPMENT","NINDS","7281992",5R01NS049319-04,5,R01,NS,049319,04,,,"1879377","SCHIER, ALEXANDER F",Not Applicable,"HARVARD UNIVERSITY", ,2007,287679,
"MOLECULAR GENETICS OF SENSORY GANGLIA DEVELOPMENT","NINDS","7118200",5R01NS049319-03,5,R01,NS,049319,03,,,"1879377","SCHIER, ALEXANDER F",Not Applicable,"HARVARD UNIVERSITY", ,2006,296271,
"MOLECULAR GENETICS OF SENSORY GANGLIA DEVELOPMENT","NINDS","6925444",7R01NS049319-02,7,R01,NS,049319,02,,,"1879377","SCHIER, ALEXANDER F",Not Applicable,"HARVARD UNIVERSITY", ,2005,303400,
"MOLECULAR GENETICS OF SENSORY GANGLIA DEVELOPMENT","NINDS","6814341",1R01NS049319-01,1,R01,NS,049319,01,,,"1879377","SCHIER, ALEXANDER F",Not Applicable,"NEW YORK UNIVERSITY SCHOOL OF MEDICINE", ,2004,312650,
"Generation of Hypocretin Neurons from Narcoleptic Patients","NINDS","8066290",5R21NS071598-02,5,R21,NS,071598,02,,,"1879377","SCHIER, ALEXANDER F",Not Applicable,"HARVARD UNIVERSITY", ,2011,246960,
"Generation of Hypocretin Neurons from Narcoleptic Patients","NINDS","7993903",1R21NS071598-01,1,R21,NS,071598,01,,,"1879377","SCHIER, ALEXANDER F",Not Applicable,"HARVARD UNIVERSITY", ,2010,210000,

