----------------------------------------------------------------------------------Search Criteria:  Search in: Projects 		AdminIC: All; Principal Investigator / Project Leader: BOTHWELL; ALFRED; Fiscal Year: 2016; 2015; 2014; 2013; 2012; 2011; 2010; 2009; 2008; 2007; 2006; 2005; 2004; 2003; 2002; 2001; 2000; 1999; 1998; 1997; 1996 ----------------------------------------------------------------------------------Project Title,Administering  IC,Application ID,Project Number,Type,Activity,IC,Serial Number,Support Year,Suffix,Subproject Number ,Contact PI  Person ID,Contact PI / Project Leader,Other PI or Project Leader(s),Organization Name,ARRA Indicator,FY,FY Total Cost ,FY Total Cost  (Sub Projects),
"PILOT STUDY--LINEAGE SPECIFIC HEMATOPOIETIC DEFECTS IN THE NOD MOUSE","NIDDK","5210768",5P30DK045735-04,5,P30,DK,045735,04,,0002,"3185138","BOTHWELL, ALFRED ",Not Applicable,"", ,1996,,,,,
"Revascularization of Islets to Treat Type I Diabetes","NIAID","7342853",5R21AI063277-02,5,R21,AI,063277,02,,,"1863265","BOTHWELL, ALFRED LM",Not Applicable,"YALE UNIVERSITY", ,2008,202689,
"Revascularization of Islets to Treat Type I Diabetes","NIAID","7209702",1R21AI063277-01A2,1,R21,AI,063277,01,A2,,"1863265","BOTHWELL, ALFRED LM",Not Applicable,"YALE UNIVERSITY", ,2007,247500,
"Regulatory T cell mediated control of colitis by Dkk1","NIAID","8680139",5R21AI107957-02,5,R21,AI,107957,02,,,"1863265","BOTHWELL, ALFRED LM",Not Applicable,"YALE UNIVERSITY", ,2014,208125,
"Regulatory T cell mediated control of colitis by Dkk1","NIAID","8583635",1R21AI107957-01A1,1,R21,AI,107957,01,A1,,"1863265","BOTHWELL, ALFRED LM",Not Applicable,"YALE UNIVERSITY", ,2013,234706,
"Regulatory T Cell Control of Intestinal Tumorigenesis","NCI","9206553",3R01CA168670-03S1,3,R01,CA,168670,03,S1,,"1863265","BOTHWELL, ALFRED LM",Not Applicable,"YALE UNIVERSITY", ,2016,126184,
"Regulatory T Cell Control of Intestinal Tumorigenesis","NCI","9024465",5R01CA168670-03,5,R01,CA,168670,03,,,"1863265","BOTHWELL, ALFRED LM",Not Applicable,"YALE UNIVERSITY", ,2016,345488,
"Regulatory T cell control of intestinal tumorigenesis","NCI","8967818",3R01CA168670-02S1,3,R01,CA,168670,02,S1,,"1863265","BOTHWELL, ALFRED LM",Not Applicable,"YALE UNIVERSITY", ,2015,80544,
"Regulatory T Cell Control of Intestinal Tumorigenesis","NCI","8812782",5R01CA168670-02,5,R01,CA,168670,02,,,"1863265","BOTHWELL, ALFRED LM",Not Applicable,"YALE UNIVERSITY", ,2015,345488,
"Regulatory T Cell Control of Intestinal Tumorigenesis","NCI","8632371",1R01CA168670-01A1,1,R01,CA,168670,01,A1,,"1863265","BOTHWELL, ALFRED LM",Not Applicable,"YALE UNIVERSITY", ,2014,345488,
"PILOT STUDY--LINEAGE SPECIFIC HEMATOPOIETIC DEFECTS IN THE NOD MOUSE","NIDDK","6239086",5P30DK045735-05,5,P30,DK,045735,05,,0002,"1863265","BOTHWELL, ALFRED LM",Not Applicable,"YALE UNIVERSITY", ,1997,,145113
"Generation of Synthetic Human Islet Microorgans","NIDDK","7803600",5R01DK077910-04,5,R01,DK,077910,04,,,"1863265","BOTHWELL, ALFRED LM",Not Applicable,"YALE UNIVERSITY", ,2010,329165,
"Generation of Synthetic Human Islet Microorgans","NIDDK","7623912",5R01DK077910-03,5,R01,DK,077910,03,,,"1863265","BOTHWELL, ALFRED LM",Not Applicable,"YALE UNIVERSITY", ,2009,332490,
"Generation of Synthetic Human Islet Microorgans","NIDDK","7423907",5R01DK077910-02,5,R01,DK,077910,02,,,"1863265","BOTHWELL, ALFRED LM",Not Applicable,"YALE UNIVERSITY", ,2008,332322,
"Generation of Synthetic Human Islet Microorgans","NIDDK","7247810",1R01DK077910-01,1,R01,DK,077910,01,,,"1863265","BOTHWELL, ALFRED LM",Not Applicable,"YALE UNIVERSITY", ,2007,338250,
"CHARACTERIZATION OF THE LY6 MULTIGENE FAMILY","NIGMS","6686334",5R01GM040924-13,5,R01,GM,040924,13,,,"1863265","BOTHWELL, ALFRED LM",Not Applicable,"YALE UNIVERSITY", ,2004,286125,
"CHARACTERIZATION OF THE LY6 MULTIGENE FAMILY","NIGMS","6625069",5R01GM040924-12,5,R01,GM,040924,12,,,"1863265","BOTHWELL, ALFRED LM",Not Applicable,"YALE UNIVERSITY", ,2003,286125,
"CHARACTERIZATION OF THE LY6 MULTIGENE FAMILY","NIGMS","6476495",5R01GM040924-11,5,R01,GM,040924,11,,,"1863265","BOTHWELL, ALFRED LM",Not Applicable,"YALE UNIVERSITY", ,2002,286125,
"CHARACTERIZATION OF THE LY6 MULTIGENE FAMILY","NIGMS","6286223",2R01GM040924-10,2,R01,GM,040924,10,,,"1863265","BOTHWELL, ALFRED LM",Not Applicable,"YALE UNIVERSITY", ,2001,284458,
"LY6 MULTIGENE FAMILY","NIGMS","6125364",5R01GM040924-09,5,R01,GM,040924,09,,,"1863265","BOTHWELL, ALFRED LM",Not Applicable,"YALE UNIVERSITY", ,2000,241192,
"LY6 MULTIGENE FAMILY","NIGMS","2838553",5R01GM040924-08,5,R01,GM,040924,08,,,"1863265","BOTHWELL, ALFRED LM",Not Applicable,"YALE UNIVERSITY", ,1999,234614,
"LY6 MULTIGENE FAMILY","NIGMS","2608884",5R01GM040924-07,5,R01,GM,040924,07,,,"1863265","BOTHWELL, ALFRED LM",Not Applicable,"YALE UNIVERSITY", ,1998,228228,
"LY6 MULTIGENE FAMILY","NIGMS","2022258",2R01GM040924-06A3,2,R01,GM,040924,06,A3,,"1863265","BOTHWELL, ALFRED LM",Not Applicable,"YALE UNIVERSITY", ,1997,222029,
"ANALYSIS OF T CELL RECOGNITION USING SOLUBLE RECEPTORS","NIGMS","6018854",5R01GM046367-07,5,R01,GM,046367,07,,,"1863265","BOTHWELL, ALFRED LM",Not Applicable,"YALE UNIVERSITY", ,1999,273387,
"ANALYSIS OF T CELL RECOGNITION USING SOLUBLE RECEPTORS","NIGMS","2734708",5R01GM046367-06,5,R01,GM,046367,06,,,"1863265","BOTHWELL, ALFRED LM",Not Applicable,"YALE UNIVERSITY", ,1998,263819,
"T CELL RECOGNITION USING SOLUBLE RECEPTORS","NIGMS","2444798",5R01GM046367-05,5,R01,GM,046367,05,,,"1863265","BOTHWELL, ALFRED LM",Not Applicable,"YALE UNIVERSITY", ,1997,254622,
"T CELL RECOGNITION USING SOLUBLE RECEPTORS","NIGMS","2183838",2R01GM046367-04A1,2,R01,GM,046367,04,A1,,"1863265","BOTHWELL, ALFRED LM",Not Applicable,"YALE UNIVERSITY", ,1996,253075,
"Regulation of Cell survival Following T Cell Recognition","NHLBI","7232298",5R01HL051448-12,5,R01,HL,051448,12,,,"1863265","BOTHWELL, ALFRED LM",Not Applicable,"YALE UNIVERSITY", ,2007,348813,
"Regulation of Cell survival Following T Cell Recognition","NHLBI","7065654",5R01HL051448-11,5,R01,HL,051448,11,,,"1863265","BOTHWELL, ALFRED LM",Not Applicable,"YALE UNIVERSITY", ,2006,359231,
"Regulation of Cell survival Following T Cell Recognition","NHLBI","6906582",5R01HL051448-10,5,R01,HL,051448,10,,,"1863265","BOTHWELL, ALFRED LM",Not Applicable,"YALE UNIVERSITY", ,2005,367875,
"Regulation of Cell survival Following T Cell Recognition","NHLBI","6732379",2R01HL051448-09A2,2,R01,HL,051448,09,A2,,"1863265","BOTHWELL, ALFRED LM",Not Applicable,"YALE UNIVERSITY", ,2004,367875,
"STRUCTURAL BASIS OF CD59 AND CD58 SIGNALING TO T CELLS","NHLBI","6343532",5R01HL051448-08,5,R01,HL,051448,08,,,"1863265","BOTHWELL, ALFRED LM",Not Applicable,"YALE UNIVERSITY", ,2001,324545,
"STRUCTURAL BASIS OF CD59 AND CD58 SIGNALING TO T CELLS","NHLBI","6139173",5R01HL051448-07,5,R01,HL,051448,07,,,"1863265","BOTHWELL, ALFRED LM",Not Applicable,"YALE UNIVERSITY", ,2000,315492,
"STRUCTURAL BASIS OF CD59 AND CD58 SIGNALING TO T CELLS","NHLBI","2857827",5R01HL051448-06,5,R01,HL,051448,06,,,"1863265","BOTHWELL, ALFRED LM",Not Applicable,"YALE UNIVERSITY", ,1999,306699,
"STRUCTURAL BASIS OF CD59 AND CD58 SIGNALING TO T CELLS","NHLBI","2638013",5R01HL051448-05,5,R01,HL,051448,05,,,"1863265","BOTHWELL, ALFRED LM",Not Applicable,"YALE UNIVERSITY", ,1998,303610,
"STRUCTURAL BASIS OF CD59 AND CD58 SIGNALING TO T CELLS","NHLBI","2550939",3R01HL051448-04S1,3,R01,HL,051448,04,S1,,"1863265","BOTHWELL, ALFRED LM",Not Applicable,"YALE UNIVERSITY", ,1997,5445,
"STRUCTURAL BASIS OF CD59 AND CD58 SIGNALING TO T CELLS","NHLBI","2029023",2R01HL051448-04,2,R01,HL,051448,04,,,"1863265","BOTHWELL, ALFRED LM",Not Applicable,"YALE UNIVERSITY", ,1997,295911,
"STRUCTURAL BASIS OF CD59 AND CD58 SIGNALING TO T-CELLS","NHLBI","2228206",5R01HL051448-03,5,R01,HL,051448,03,,,"1863265","BOTHWELL, ALFRED LM",Not Applicable,"YALE UNIVERSITY", ,1996,272762,
"HUMAN ANTI PORCINE IMMUNE RESPONSES IN VIVO","NHLBI","6755172",5R01HL065744-05,5,R01,HL,065744,05,,,"1863265","BOTHWELL, ALFRED LM",Not Applicable,"YALE UNIVERSITY", ,2004,408750,
"HUMAN ANTI PORCINE IMMUNE RESPONSES IN VIVO","NHLBI","6638701",5R01HL065744-04,5,R01,HL,065744,04,,,"1863265","BOTHWELL, ALFRED LM",Not Applicable,"YALE UNIVERSITY", ,2003,408750,
"HUMAN ANTI PORCINE IMMUNE RESPONSES IN VIVO","NHLBI","6537894",5R01HL065744-03,5,R01,HL,065744,03,,,"1863265","BOTHWELL, ALFRED LM",Not Applicable,"YALE UNIVERSITY", ,2002,408750,
"HUMAN ANTI PORCINE IMMUNE RESPONSES IN VIVO","NHLBI","6390899",5R01HL065744-02,5,R01,HL,065744,02,,,"1863265","BOTHWELL, ALFRED LM",Not Applicable,"YALE UNIVERSITY", ,2001,408750,
"HUMAN ANTI PORCINE IMMUNE RESPONSES IN VIVO","NHLBI","6357620",3R01HL065744-01S1,3,R01,HL,065744,01,S1,,"1863265","BOTHWELL, ALFRED LM",Not Applicable,"YALE UNIVERSITY", ,2000,47415,
"HUMAN ANTI PORCINE IMMUNE RESPONSES IN VIVO","NHLBI","6194807",1R01HL065744-01,1,R01,HL,065744,01,,,"1863265","BOTHWELL, ALFRED LM",Not Applicable,"YALE UNIVERSITY", ,2000,404305,
"Core--RNA expression profiling","NHLBI","7117159",5P01HL070295-05,5,P01,HL,070295,05,,9004,"1863265","BOTHWELL, ALFRED LM",Not Applicable,"YALE UNIVERSITY", ,2005,,193924
"Core--RNA expression profiling","NHLBI","6839272",5P01HL070295-03,5,P01,HL,070295,03,,9004,"1863265","BOTHWELL, ALFRED LM",Not Applicable,"YALE UNIVERSITY", ,2003,,182792
"Core--RNA expression profiling","NHLBI","6659336",5P01HL070295-02,5,P01,HL,070295,02,,9004,"1863265","BOTHWELL, ALFRED LM",Not Applicable,"YALE UNIVERSITY", ,2002,,177467
"PPAR-Mediated Inhibition of Vascular Remodeling","NHLBI","8058633",5R01HL088258-04,5,R01,HL,088258,04,,,"1863265","BOTHWELL, ALFRED LM",Not Applicable,"YALE UNIVERSITY", ,2011,413750,
"PPAR-Mediated Inhibition of Vascular Remodeling","NHLBI","7817156",5R01HL088258-03,5,R01,HL,088258,03,,,"1863265","BOTHWELL, ALFRED LM",Not Applicable,"YALE UNIVERSITY", ,2010,413750,
"PPAR-Mediated Inhibition of Vascular Remodeling","NHLBI","7613438",5R01HL088258-02,5,R01,HL,088258,02,,,"1863265","BOTHWELL, ALFRED LM",Not Applicable,"YALE UNIVERSITY", ,2009,413750,
"PPAR-Mediated Inhibition of Vascular Remodeling","NHLBI","7466601",1R01HL088258-01A1,1,R01,HL,088258,01,A1,,"1863265","BOTHWELL, ALFRED LM",Not Applicable,"YALE UNIVERSITY", ,2008,413438,
"Regulating Anti-Endothelial T Cell Responses in Graft Arteriosclerosis","NHLBI","8676560",5R01HL109455-04,5,R01,HL,109455,04,,,"1930382","POBER, JORDAN S ","BOTHWELL, ALFRED LM","YALE UNIVERSITY", ,2014,610733,
"Regulating Anti-Endothelial T Cell Responses in Graft Arteriosclerosis","NHLBI","8496111",5R01HL109455-03,5,R01,HL,109455,03,,,"1930382","POBER, JORDAN S ","BOTHWELL, ALFRED LM","YALE UNIVERSITY", ,2013,595628,
"Regulating Anti-Endothelial T Cell Responses in Graft Arteriosclerosis","NHLBI","8320141",5R01HL109455-02,5,R01,HL,109455,02,,,"1930382","POBER, JORDAN S ","BOTHWELL, ALFRED LM","YALE UNIVERSITY", ,2012,626288,
"Regulating Anti-Endothelial T Cell Responses in Graft Arteriosclerosis","NHLBI","8160638",1R01HL109455-01,1,R01,HL,109455,01,,,"1930382","POBER, JORDAN S ","BOTHWELL, ALFRED LM","YALE UNIVERSITY", ,2011,626947,

