----------------------------------------------------------------------------------Search Criteria:  Search in: Projects 		AdminIC: All; Principal Investigator / Project Leader: GRIMSON; ANDREW W; Fiscal Year: 2016; 2015; 2014; 2013; 2012; 2011; 2010; 2009; 2008; 2007; 2006; 2005; 2004; 2003; 2002; 2001; 2000; 1999; 1998; 1997; 1996 ----------------------------------------------------------------------------------Project Title,Administering  IC,Application ID,Project Number,Type,Activity,IC,Serial Number,Support Year,Suffix,Subproject Number ,Contact PI  Person ID,Contact PI / Project Leader,Other PI or Project Leader(s),Organization Name,ARRA Indicator,FY,FY Total Cost ,FY Total Cost  (Sub Projects),
"Investigating gene silencing by hsiRNAs in C. elegans","NIGMS","7069973",5F32GM072271-03,5,F32,GM,072271,03,,,"7892748","GRIMSON, ANDREW W",Not Applicable,"WHITEHEAD INSTITUTE FOR BIOMEDICAL RES", ,2006,48796,
"Investigating gene silencing by hsiRNAs in C. elegans","NIGMS","6923732",5F32GM072271-02,5,F32,GM,072271,02,,,"7892748","GRIMSON, ANDREW W",Not Applicable,"WHITEHEAD INSTITUTE FOR BIOMEDICAL RES", ,2005,43976,
"Investigating gene silencing by hsiRNAs in C. elegans","NIGMS","6836358",1F32GM072271-01,1,F32,GM,072271,01,,,"7892748","GRIMSON, ANDREW W",Not Applicable,"WHITEHEAD INSTITUTE FOR BIOMEDICAL RES", ,2004,41068,
"Identifying cis and trans factors required for microRNA function","NIGMS","9087278",4R01GM105668-04,4,R01,GM,105668,04,,,"7892748","GRIMSON, ANDREW W",Not Applicable,"CORNELL UNIVERSITY", ,2016,293019,
"Identifying cis and trans factors required for microRNA function","NIGMS","8878300",5R01GM105668-03,5,R01,GM,105668,03,,,"7892748","GRIMSON, ANDREW W",Not Applicable,"CORNELL UNIVERSITY", ,2015,293378,
"Identifying cis and trans factors required for microRNA function","NIGMS","8680262",5R01GM105668-02,5,R01,GM,105668,02,,,"7892748","GRIMSON, ANDREW W",Not Applicable,"CORNELL UNIVERSITY", ,2014,293698,
"Identifying cis and trans factors required for microRNA function","NIGMS","8477562",1R01GM105668-01,1,R01,GM,105668,01,,,"7892748","GRIMSON, ANDREW W",Not Applicable,"CORNELL UNIVERSITY", ,2013,292277,
"Project 1: Defining the regulatory functions of small RNAs in the male mouse ger","NICHD","9039477",5P50HD076210-03,5,P50,HD,076210,03,,6498,"7892748","GRIMSON, ANDREW W",Not Applicable,"CORNELL UNIVERSITY", ,2016,,275677
"Core B: RNA SEQUENCING CORE (RSC)","NICHD","9039482",5P50HD076210-03,5,P50,HD,076210,03,,6514,"7892748","GRIMSON, ANDREW W",Not Applicable,"CORNELL UNIVERSITY", ,2016,,226454
"Project 1: Defining the regulatory functions of small RNAs in the male mouse ger","NICHD","8837526",5P50HD076210-02,5,P50,HD,076210,02,,6498,"7892748","GRIMSON, ANDREW W",Not Applicable,"CORNELL UNIVERSITY", ,2015,,271925
"Core B: RNA SEQUENCING CORE (RSC)","NICHD","8837530",5P50HD076210-02,5,P50,HD,076210,02,,6514,"7892748","GRIMSON, ANDREW W",Not Applicable,"CORNELL UNIVERSITY", ,2015,,226471
"Project 1: Defining the regulatory functions of small RNAs in the male mouse ger","NICHD","8705107",1P50HD076210-01A1,1,P50,HD,076210,01,A1,6498,"7892748","GRIMSON, ANDREW W",Not Applicable,"CORNELL UNIVERSITY", ,2014,,254930
"Core B: RNA SEQUENCING CORE (RSC)","NICHD","8705112",1P50HD076210-01A1,1,P50,HD,076210,01,A1,6514,"7892748","GRIMSON, ANDREW W",Not Applicable,"CORNELL UNIVERSITY", ,2014,,255793

