----------------------------------------------------------------------------------Search Criteria:  Search in: Projects 		AdminIC: All; Principal Investigator / Project Leader: MARKS; ANDREW ROBERT; Fiscal Year: 2016; 2015; 2014; 2013; 2012; 2011; 2010; 2009; 2008; 2007; 2006; 2005; 2004; 2003; 2002; 2001; 2000; 1999; 1998; 1997; 1996 ----------------------------------------------------------------------------------Project Title,Administering  IC,Application ID,Project Number,Type,Activity,IC,Serial Number,Support Year,Suffix,Subproject Number ,Contact PI  Person ID,Contact PI / Project Leader,Other PI or Project Leader(s),Organization Name,ARRA Indicator,FY,FY Total Cost ,FY Total Cost  (Sub Projects),
"(PQ#9)Targeting leaky ryanodine receptor (RyR2) to treat and prevent chemotherapy-associated cognitive dysfunction in patients with breast cancer.","NCI","9101318",1R01CA206025-01,1,R01,CA,206025,01,,,"1898856","GUISE, THERESA A ","MARKS, ANDREW ROBERT;TERRITO, PAUL RICHARD","INDIANA UNIV-PURDUE UNIV AT INDIANAPOLIS", ,2016,655037,
"CALCIUM CHANNELS IN NON EXCITABLE CELLS","NIAID","6169913",5R01AI039794-10,5,R01,AI,039794,10,,,"1859027","MARKS, ANDREW ROBERT",Not Applicable,"COLUMBIA UNIVERSITY HEALTH SCIENCES", ,2000,290677,
"CALCIUM CHANNELS IN NON EXCITABLE CELLS","NIAID","2887205",5R01AI039794-09,5,R01,AI,039794,09,,,"1859027","MARKS, ANDREW ROBERT",Not Applicable,"COLUMBIA UNIVERSITY HEALTH SCIENCES", ,1999,282210,
"CALCIUM CHANNELS IN NON EXCITABLE CELLS","NIAID","2672762",5R01AI039794-08,5,R01,AI,039794,08,,,"1859027","MARKS, ANDREW ROBERT",Not Applicable,"COLUMBIA UNIVERSITY HEALTH SCIENCES", ,1998,273990,
"CALCIUM CHANNELS IN NON EXCITABLE CELLS","NIAID","2625376",2R01AI039794-07,2,R01,AI,039794,07,,,"1859027","MARKS, ANDREW ROBERT",Not Applicable,"COLUMBIA UNIVERSITY HEALTH SCIENCES", ,1997,266009,
"CALCIUM CHANNELS IN NON EXCITABLE CELLS","NIAID","2448784",7R21AI039794-06,7,R21,AI,039794,06,,,"1859027","MARKS, ANDREW ROBERT",Not Applicable,"COLUMBIA UNIVERSITY HEALTH SCIENCES", ,1996,241810,
"CALCIUM CHANNELS IN NON EXCITABLE CELLS","NIAID","2327303",9R21AI039794-05,9,R21,AI,039794,05,,,"1859027","MARKS, ANDREW ROBERT",Not Applicable,"MOUNT SINAI SCHOOL OF MEDICINE OF CUNY", ,1996,47034,
"Intracellular calcium leak and muscle function","NIAMS","8660652",5R01AR060037-05,5,R01,AR,060037,05,,,"1859027","MARKS, ANDREW ROBERT",Not Applicable,"COLUMBIA UNIVERSITY HEALTH SCIENCES", ,2014,340805,
"Intracellular calcium leak and muscle function","NIAMS","8468120",5R01AR060037-04,5,R01,AR,060037,04,,,"1859027","MARKS, ANDREW ROBERT",Not Applicable,"COLUMBIA UNIVERSITY HEALTH SCIENCES", ,2013,330372,
"Intracellular calcium leak and muscle function","NIAMS","8260470",5R01AR060037-03,5,R01,AR,060037,03,,,"1859027","MARKS, ANDREW ROBERT",Not Applicable,"COLUMBIA UNIVERSITY HEALTH SCIENCES", ,2012,347760,
"Intracellular calcium leak and muscle function","NIAMS","8098827",5R01AR060037-02,5,R01,AR,060037,02,,,"1859027","MARKS, ANDREW ROBERT",Not Applicable,"COLUMBIA UNIVERSITY HEALTH SCIENCES", ,2011,347760,
"Intracellular calcium leak and muscle function","NIAMS","7991433",1R01AR060037-01,1,R01,AR,060037,01,,,"1859027","MARKS, ANDREW ROBERT",Not Applicable,"COLUMBIA UNIVERSITY HEALTH SCIENCES", ,2010,362250,
"Cardiac and skeletal muscle calcium release channels","NHLBI","7595856",5R01HL056180-15,5,R01,HL,056180,15,,,"1859027","MARKS, ANDREW ROBERT",Not Applicable,"COLUMBIA UNIVERSITY HEALTH SCIENCES", ,2009,390828,
"Cardiac and skeletal muscle calcium release channels","NHLBI","7392176",5R01HL056180-14,5,R01,HL,056180,14,,,"1859027","MARKS, ANDREW ROBERT",Not Applicable,"COLUMBIA UNIVERSITY HEALTH SCIENCES", ,2008,390828,
"Cardiac and skeletal muscle calcium release channels","NHLBI","7162131",5R01HL056180-13,5,R01,HL,056180,13,,,"1859027","MARKS, ANDREW ROBERT",Not Applicable,"COLUMBIA UNIVERSITY HEALTH SCIENCES", ,2007,390828,
"Cardiac and skeletal muscle calcium release channels","NHLBI","7044152",2R01HL056180-12,2,R01,HL,056180,12,,,"1859027","MARKS, ANDREW ROBERT",Not Applicable,"COLUMBIA UNIVERSITY HEALTH SCIENCES", ,2006,402500,
"Cardiac and skeletal muscle calcium release channels","NHLBI","7207837",3R01HL056180-11S1,3,R01,HL,056180,11,S1,,"1859027","MARKS, ANDREW ROBERT",Not Applicable,"COLUMBIA UNIVERSITY HEALTH SCIENCES", ,2006,12075,
"Cardiac and skeletal muscle calcium release channels","NHLBI","6863629",5R01HL056180-11,5,R01,HL,056180,11,,,"1859027","MARKS, ANDREW ROBERT",Not Applicable,"COLUMBIA UNIVERSITY HEALTH SCIENCES", ,2005,419215,
"Cardiac and skeletal muscle calcium release channels","NHLBI","6912255",3R01HL056180-10S1,3,R01,HL,056180,10,S1,,"1859027","MARKS, ANDREW ROBERT",Not Applicable,"COLUMBIA UNIVERSITY HEALTH SCIENCES", ,2004,37835,
"Cardiac and skeletal muscle calcium release channels","NHLBI","6721247",5R01HL056180-10,5,R01,HL,056180,10,,,"1859027","MARKS, ANDREW ROBERT",Not Applicable,"COLUMBIA UNIVERSITY HEALTH SCIENCES", ,2004,408750,
"Cardiac and skeletal muscle calcium release channels","NHLBI","6638444",5R01HL056180-09,5,R01,HL,056180,09,,,"1859027","MARKS, ANDREW ROBERT",Not Applicable,"COLUMBIA UNIVERSITY HEALTH SCIENCES", ,2003,408750,
"Cardiac and skeletal muscle calcium release channels","NHLBI","6537256",5R01HL056180-08,5,R01,HL,056180,08,,,"1859027","MARKS, ANDREW ROBERT",Not Applicable,"COLUMBIA UNIVERSITY HEALTH SCIENCES", ,2002,408750,
"Cardiac and skeletal muscle calcium release channels","NHLBI","6326896",2R01HL056180-07,2,R01,HL,056180,07,,,"1859027","MARKS, ANDREW ROBERT",Not Applicable,"COLUMBIA UNIVERSITY HEALTH SCIENCES", ,2001,408750,
"CARDIAC AND SKELETAL MUSCLE CALCIUM RELEASE CHANNELS","NHLBI","6184198",5R01HL056180-06,5,R01,HL,056180,06,,,"1859027","MARKS, ANDREW ROBERT",Not Applicable,"COLUMBIA UNIVERSITY HEALTH SCIENCES", ,2000,357249,
"CARDIAC AND SKELETAL MUSCLE CALCIUM RELEASE CHANNELS","NHLBI","2901239",5R01HL056180-05,5,R01,HL,056180,05,,,"1859027","MARKS, ANDREW ROBERT",Not Applicable,"COLUMBIA UNIVERSITY HEALTH SCIENCES", ,1999,343506,
"CARDIAC AND SKELETAL MUSCLE CALCIUM RELEASE CHANNELS","NHLBI","2685480",5R01HL056180-04,5,R01,HL,056180,04,,,"1859027","MARKS, ANDREW ROBERT",Not Applicable,"COLUMBIA UNIVERSITY HEALTH SCIENCES", ,1998,323551,
"CARDIAC AND SKELETAL MUSCLE CALCIUM RELEASE CHANNELS","NHLBI","2447545",5R01HL056180-03,5,R01,HL,056180,03,,,"1859027","MARKS, ANDREW ROBERT",Not Applicable,"COLUMBIA UNIVERSITY HEALTH SCIENCES", ,1997,290621,
"CARDIAC AND SKELETAL MUSCLE CALCIUM RELEASE CHANNELS","NHLBI","2392785",7R01HL056180-02,7,R01,HL,056180,02,,,"1859027","MARKS, ANDREW ROBERT",Not Applicable,"COLUMBIA UNIVERSITY HEALTH SCIENCES", ,1996,94581,
"CARDIAC AND SKELETAL MUSCLE CALCIUM RELEASE CHANNELS","NHLBI","2234779",1R01HL056180-01,1,R01,HL,056180,01,,,"1859027","MARKS, ANDREW ROBERT",Not Applicable,"MOUNT SINAI SCHOOL OF MEDICINE OF CUNY", ,1996,178520,
"Molecular Basis of Heart Failure","NHLBI","9113612",4R01HL061503-18,4,R01,HL,061503,18,,,"1859027","MARKS, ANDREW ROBERT",Not Applicable,"COLUMBIA UNIVERSITY HEALTH SCIENCES", ,2016,400000,
"Molecular Basis of Heart Failure","NHLBI","8893121",5R01HL061503-17,5,R01,HL,061503,17,,,"1859027","MARKS, ANDREW ROBERT",Not Applicable,"COLUMBIA UNIVERSITY HEALTH SCIENCES", ,2015,394000,
"Molecular Basis of Heart Failure","NHLBI","8701131",5R01HL061503-16,5,R01,HL,061503,16,,,"1859027","MARKS, ANDREW ROBERT",Not Applicable,"COLUMBIA UNIVERSITY HEALTH SCIENCES", ,2014,392000,
"Molecular Basis of Heart Failure","NHLBI","8529250",5R01HL061503-15,5,R01,HL,061503,15,,,"1859027","MARKS, ANDREW ROBERT",Not Applicable,"COLUMBIA UNIVERSITY HEALTH SCIENCES", ,2013,380800,
"Molecular Basis of Heart Failure","NHLBI","8388643",2R01HL061503-14,2,R01,HL,061503,14,,,"1859027","MARKS, ANDREW ROBERT",Not Applicable,"COLUMBIA UNIVERSITY HEALTH SCIENCES", ,2012,400000,
"Molecular Basis of Heart Failure","NHLBI","8051622",5R01HL061503-13,5,R01,HL,061503,13,,,"1859027","MARKS, ANDREW ROBERT",Not Applicable,"COLUMBIA UNIVERSITY HEALTH SCIENCES", ,2011,402500,
"Molecular Basis of Heart Failure","NHLBI","7784509",5R01HL061503-12,5,R01,HL,061503,12,,,"1859027","MARKS, ANDREW ROBERT",Not Applicable,"COLUMBIA UNIVERSITY HEALTH SCIENCES", ,2010,420153,
"Molecular Basis of Heart Failure","NHLBI","7901207",3R01HL061503-11S1,3,R01,HL,061503,11,S1,,"1859027","MARKS, ANDREW ROBERT",Not Applicable,"COLUMBIA UNIVERSITY HEALTH SCIENCES", ,2009,35266,
"Molecular Basis of Heart Failure","NHLBI","7613430",5R01HL061503-11,5,R01,HL,061503,11,,,"1859027","MARKS, ANDREW ROBERT",Not Applicable,"COLUMBIA UNIVERSITY HEALTH SCIENCES", ,2009,402500,
"Molecular Basis of Heart Failure","NHLBI","7318028",2R01HL061503-10,2,R01,HL,061503,10,,,"1859027","MARKS, ANDREW ROBERT",Not Applicable,"COLUMBIA UNIVERSITY HEALTH SCIENCES", ,2008,402500,
"Molecular Basis of Heart Failure","NHLBI","7114372",5R01HL061503-09,5,R01,HL,061503,09,,,"1859027","MARKS, ANDREW ROBERT",Not Applicable,"COLUMBIA UNIVERSITY HEALTH SCIENCES", ,2006,399144,
"Molecular Basis of Heart Failure","NHLBI","6932109",5R01HL061503-08,5,R01,HL,061503,08,,,"1859027","MARKS, ANDREW ROBERT",Not Applicable,"COLUMBIA UNIVERSITY HEALTH SCIENCES", ,2005,408750,
"Molecular Basis of Heart Failure","NHLBI","7015794",3R01HL061503-07S1,3,R01,HL,061503,07,S1,,"1859027","MARKS, ANDREW ROBERT",Not Applicable,"COLUMBIA UNIVERSITY HEALTH SCIENCES", ,2005,31556,
"Molecular Basis of Heart Failure","NHLBI","6785921",5R01HL061503-07,5,R01,HL,061503,07,,,"1859027","MARKS, ANDREW ROBERT",Not Applicable,"COLUMBIA UNIVERSITY HEALTH SCIENCES", ,2004,423923,
"Molecular Basis of Heart Failure","NHLBI","6843708",3R01HL061503-06S1,3,R01,HL,061503,06,S1,,"1859027","MARKS, ANDREW ROBERT",Not Applicable,"COLUMBIA UNIVERSITY HEALTH SCIENCES", ,2004,33356,
"Molecular Basis of Heart Failure","NHLBI","6687203",2R01HL061503-06,2,R01,HL,061503,06,,,"1859027","MARKS, ANDREW ROBERT",Not Applicable,"COLUMBIA UNIVERSITY HEALTH SCIENCES", ,2003,408750,
"MOLECULAR BASIS OF HEART FAILURE","NHLBI","6527389",5R01HL061503-05,5,R01,HL,061503,05,,,"1859027","MARKS, ANDREW ROBERT",Not Applicable,"COLUMBIA UNIVERSITY HEALTH SCIENCES", ,2002,391000,
"MOLECULAR BASIS OF HEART FAILURE","NHLBI","6390120",5R01HL061503-04,5,R01,HL,061503,04,,,"1859027","MARKS, ANDREW ROBERT",Not Applicable,"COLUMBIA UNIVERSITY HEALTH SCIENCES", ,2001,391000,
"MOLECULAR BASIS OF HEART FAILURE","NHLBI","6185071",5R01HL061503-03,5,R01,HL,061503,03,,,"1859027","MARKS, ANDREW ROBERT",Not Applicable,"COLUMBIA UNIVERSITY HEALTH SCIENCES", ,2000,391000,
"MOLECULAR BASIS OF HEART FAILURE","NHLBI","6078040",5R01HL061503-02,5,R01,HL,061503,02,,,"1859027","MARKS, ANDREW ROBERT",Not Applicable,"COLUMBIA UNIVERSITY HEALTH SCIENCES", ,1999,391000,
"MOLECULAR BASIS OF HEART FAILURE","NHLBI","2737075",1R01HL061503-01,1,R01,HL,061503,01,,,"1859027","MARKS, ANDREW ROBERT",Not Applicable,"COLUMBIA UNIVERSITY HEALTH SCIENCES", ,1998,408625,
"Intracellular Calcium Release Channels and Cardiac Arrhythmias","NHLBI","8236895",5P01HL067849-10,5,P01,HL,067849,10,,5615,"1859027","MARKS, ANDREW ROBERT",Not Applicable,"COLUMBIA UNIVERSITY HEALTH SCIENCES", ,2011,,319185
"Administrative Core","NHLBI","8236898",5P01HL067849-10,5,P01,HL,067849,10,,5618,"1859027","MARKS, ANDREW ROBERT",Not Applicable,"COLUMBIA UNIVERSITY HEALTH SCIENCES", ,2011,,319180
"Molecular Basis of Sudden Cardiac Death","NHLBI","8049703",5P01HL067849-10,5,P01,HL,067849,10,,,"1859027","MARKS, ANDREW ROBERT",Not Applicable,"COLUMBIA UNIVERSITY HEALTH SCIENCES", ,2011,1595905,
"Molecular Basis of Sudden Cardiac Death","NHLBI","8121259",3P01HL067849-09S1,3,P01,HL,067849,09,S1,,"1859027","MARKS, ANDREW ROBERT",Not Applicable,"COLUMBIA UNIVERSITY HEALTH SCIENCES", ,2010,37054,
"Intracellular Calcium Release Channels and Cardiac Arrhythmias","NHLBI","8148017",5P01HL067849-09,5,P01,HL,067849,09,,5615,"1859027","MARKS, ANDREW ROBERT",Not Applicable,"COLUMBIA UNIVERSITY HEALTH SCIENCES", ,2010,,326933
"Administrative Core","NHLBI","8148021",5P01HL067849-09,5,P01,HL,067849,09,,5618,"1859027","MARKS, ANDREW ROBERT",Not Applicable,"COLUMBIA UNIVERSITY HEALTH SCIENCES", ,2010,,326930
"Molecular Basis of Sudden Cardiac Death","NHLBI","7790751",5P01HL067849-09,5,P01,HL,067849,09,,,"1859027","MARKS, ANDREW ROBERT",Not Applicable,"COLUMBIA UNIVERSITY HEALTH SCIENCES", ,2010,1597599,
"Molecular Basis of Sudden Cardiac Death","NHLBI","7920526",3P01HL067849-08S1,3,P01,HL,067849,08,S1,,"1859027","MARKS, ANDREW ROBERT",Not Applicable,"COLUMBIA UNIVERSITY HEALTH SCIENCES", ,2009,37746,
"Molecular Basis of Sudden Cardiac Death","NHLBI","7589845",5P01HL067849-08,5,P01,HL,067849,08,,,"1859027","MARKS, ANDREW ROBERT",Not Applicable,"COLUMBIA UNIVERSITY HEALTH SCIENCES", ,2009,1570588,
"Molecular Basis of Sudden Cardiac Death","NHLBI","7426927",5P01HL067849-07,5,P01,HL,067849,07,,,"1859027","MARKS, ANDREW ROBERT",Not Applicable,"COLUMBIA UNIVERSITY HEALTH SCIENCES", ,2008,1539178,
"Intracellular Calcium Release Channels and Cardiac Arrhythmias","NHLBI","7279590",2P01HL067849-06A1,2,P01,HL,067849,06,A1,0002,"1859027","MARKS, ANDREW ROBERT",Not Applicable,"COLUMBIA UNIVERSITY HEALTH SCIENCES", ,2007,,436018
"Intracellular Calcium and Sudden Cardiac Death","NHLBI","7279595",2P01HL067849-06A1,2,P01,HL,067849,06,A1,0004,"1859027","MARKS, ANDREW ROBERT",Not Applicable,"COLUMBIA UNIVERSITY HEALTH SCIENCES", ,2007,,156884
"Molecular Basis of Sudden Cardiac Death","NHLBI","7242052",2P01HL067849-06A1,2,P01,HL,067849,06,A1,,"1859027","MARKS, ANDREW ROBERT",Not Applicable,"COLUMBIA UNIVERSITY HEALTH SCIENCES", ,2007,1585838,
"Intracellular calcium release channels and cardiac arrhythmias","NHLBI","7103455",5P01HL067849-05,5,P01,HL,067849,05,,0002,"1859027","MARKS, ANDREW ROBERT",Not Applicable,"COLUMBIA UNIVERSITY HEALTH SCIENCES", ,2005,,369215
"Molecular Basis of Sudden Cardiac Death","NHLBI","6929301",5P01HL067849-05,5,P01,HL,067849,05,,,"1859027","MARKS, ANDREW ROBERT",Not Applicable,"COLUMBIA UNIVERSITY HEALTH SCIENCES", ,2005,1476863,
"Molecular Basis of Sudden Cardiac Death","NHLBI","6785917",5P01HL067849-04,5,P01,HL,067849,04,,,"1859027","MARKS, ANDREW ROBERT",Not Applicable,"COLUMBIA UNIVERSITY HEALTH SCIENCES", ,2004,1441500,
"Intracellular calcium release channels and cardiac arrhythmias","NHLBI","6839173",5P01HL067849-03,5,P01,HL,067849,03,,0002,"1859027","MARKS, ANDREW ROBERT",Not Applicable,"COLUMBIA UNIVERSITY HEALTH SCIENCES", ,2003,,351794
"Molecular Basis of Sudden Cardiac Death","NHLBI","6637314",5P01HL067849-03,5,P01,HL,067849,03,,,"1859027","MARKS, ANDREW ROBERT",Not Applicable,"COLUMBIA UNIVERSITY HEALTH SCIENCES", ,2003,1407179,
"Molecular Basis of Sudden Cardiac Death","NHLBI","6527752",5P01HL067849-02,5,P01,HL,067849,02,,,"1859027","MARKS, ANDREW ROBERT",Not Applicable,"COLUMBIA UNIVERSITY HEALTH SCIENCES", ,2002,1373855,
"Molecular Basis of Sudden Cardiac Death","NHLBI","6361662",1P01HL067849-01,1,P01,HL,067849,01,,,"1859027","MARKS, ANDREW ROBERT",Not Applicable,"COLUMBIA UNIVERSITY HEALTH SCIENCES", ,2001,1357384,
"REGULATION OF RYANODINE RECEPTORS BY ALLOSTERIC MODULATION","NHLBI","7930548",5P01HL081172-03,5,P01,HL,081172,03,,0002,"1859027","MARKS, ANDREW ROBERT",Not Applicable,"COLUMBIA UNIVERSITY HEALTH SCIENCES", ,2009,,390519
"REGULATION OF RYANODINE RECEPTORS BY ALLOSTERIC MODULATION","NHLBI","7700537",5P01HL081172-02,5,P01,HL,081172,02,,0002,"1859027","MARKS, ANDREW ROBERT",Not Applicable,"COLUMBIA UNIVERSITY HEALTH SCIENCES", ,2008,,382708
"REGULATION OF RYANODINE RECEPTORS BY ALLOSTERIC MODULATION","NHLBI","7215385",1P01HL081172-01A1,1,P01,HL,081172,01,A1,0002,"1859027","MARKS, ANDREW ROBERT",Not Applicable,"COLUMBIA UNIVERSITY HEALTH SCIENCES", ,2007,,389506
"Regulation of cardiac ion channel function via allosteric modulators","NHLBI","7162130",5R01HL083418-02,5,R01,HL,083418,02,,,"1859027","MARKS, ANDREW ROBERT",Not Applicable,"COLUMBIA UNIVERSITY HEALTH SCIENCES", ,2007,424830,
"Regulation of cardiac ion channel function via allosteric modulators","NHLBI","7282778",3R01HL083418-01S1,3,R01,HL,083418,01,S1,,"1859027","MARKS, ANDREW ROBERT",Not Applicable,"COLUMBIA UNIVERSITY HEALTH SCIENCES", ,2006,13283,
"Regulation of cardiac ion channel function via allosteric modulators","NHLBI","7027234",1R01HL083418-01,1,R01,HL,083418,01,,,"1859027","MARKS, ANDREW ROBERT",Not Applicable,"COLUMBIA UNIVERSITY HEALTH SCIENCES", ,2006,402500,
"Multidisciplinary Training in Translational Cardiovascular Research","NHLBI","8020969",5T32HL087745-05,5,T32,HL,087745,05,,,"1859027","MARKS, ANDREW ROBERT",Not Applicable,"COLUMBIA UNIVERSITY HEALTH SCIENCES", ,2011,395961,
"Multidisciplinary Training in Translational Cardiovascular Research","NHLBI","7798201",5T32HL087745-04,5,T32,HL,087745,04,,,"1859027","MARKS, ANDREW ROBERT",Not Applicable,"COLUMBIA UNIVERSITY HEALTH SCIENCES", ,2010,408745,
"Multidisciplinary Training in Translational Cardiovascular Research","NHLBI","7576141",5T32HL087745-03,5,T32,HL,087745,03,,,"1859027","MARKS, ANDREW ROBERT",Not Applicable,"COLUMBIA UNIVERSITY HEALTH SCIENCES", ,2009,406205,
"Multidisciplinary Training in Translational Cardiovascular Research","NHLBI","7393674",5T32HL087745-02,5,T32,HL,087745,02,,,"1859027","MARKS, ANDREW ROBERT",Not Applicable,"COLUMBIA UNIVERSITY HEALTH SCIENCES", ,2008,403691,
"Multidisciplinary Training in Translational Cardiovascular Research","NHLBI","7233532",1T32HL087745-01,1,T32,HL,087745,01,,,"1859027","MARKS, ANDREW ROBERT",Not Applicable,"COLUMBIA UNIVERSITY HEALTH SCIENCES", ,2007,199707,
"Novel Therapeutic Approaches to Atrial Fibrillation Targeting Intracellular Calci","NHLBI","8656743",5R01HL102040-04,5,R01,HL,102040,04,,,"1859027","MARKS, ANDREW ROBERT",Not Applicable,"COLUMBIA UNIVERSITY HEALTH SCIENCES", ,2014,392000,
"Novel Therapeutic Approaches to Atrial Fibrillation Targeting Intracellular Calci","NHLBI","8468017",5R01HL102040-03,5,R01,HL,102040,03,,,"1859027","MARKS, ANDREW ROBERT",Not Applicable,"COLUMBIA UNIVERSITY HEALTH SCIENCES", ,2013,380800,
"Novel Therapeutic Approaches to Atrial Fibrillation Targeting Intracellular Calci","NHLBI","8301586",5R01HL102040-02,5,R01,HL,102040,02,,,"1859027","MARKS, ANDREW ROBERT",Not Applicable,"COLUMBIA UNIVERSITY HEALTH SCIENCES", ,2012,400000,
"Novel Therapeutic Approaches to Atrial Fibrillation Targeting Intracellular Calci","NHLBI","8106862",1R01HL102040-01A1,1,R01,HL,102040,01,A1,,"1859027","MARKS, ANDREW ROBERT",Not Applicable,"COLUMBIA UNIVERSITY HEALTH SCIENCES", ,2011,400417,
"Training in Cardiovascular Translational Research","NHLBI","8986205",5T32HL120826-03,5,T32,HL,120826,03,,,"1859027","MARKS, ANDREW ROBERT",Not Applicable,"COLUMBIA UNIVERSITY HEALTH SCIENCES", ,2016,467161,
"Training in Cardiovascular Translational Research","NHLBI","8787788",5T32HL120826-02,5,T32,HL,120826,02,,,"1859027","MARKS, ANDREW ROBERT",Not Applicable,"COLUMBIA UNIVERSITY HEALTH SCIENCES", ,2015,436469,
"Training in Cardiovascular Translational Research","NHLBI","8608392",1T32HL120826-01,1,T32,HL,120826,01,,,"1859027","MARKS, ANDREW ROBERT",Not Applicable,"COLUMBIA UNIVERSITY HEALTH SCIENCES", ,2014,213459,
"Macromolecular Local Signaling Complexes","NHLBI","8985276",1R13HL129726-01,1,R13,HL,129726,01,,,"1859027","MARKS, ANDREW ROBERT",Not Applicable,"COLUMBIA UNIVERSITY HEALTH SCIENCES", ,2015,16000,
"Coupled gating between intracellular calcium release ch*","FIC","6747707",5R03TW000949-06,5,R03,TW,000949,06,,,"1859027","MARKS, ANDREW ROBERT",Not Applicable,"COLUMBIA UNIVERSITY HEALTH SCIENCES", ,2004,40320,
"Coupled gating between intracellular calcium release ch*","FIC","6605831",5R03TW000949-05,5,R03,TW,000949,05,,,"1859027","MARKS, ANDREW ROBERT",Not Applicable,"COLUMBIA UNIVERSITY HEALTH SCIENCES", ,2003,40320,
"Coupled gating between intracellular calcium release ch*","FIC","6548860",2R03TW000949-04A1,2,R03,TW,000949,04,A1,,"1859027","MARKS, ANDREW ROBERT",Not Applicable,"COLUMBIA UNIVERSITY HEALTH SCIENCES", ,2002,38500,
"REGULATION OF CALCIUM RELEASE CHANNELS","FIC","6188613",5R03TW000949-03,5,R03,TW,000949,03,,,"1859027","MARKS, ANDREW ROBERT",Not Applicable,"COLUMBIA UNIVERSITY HEALTH SCIENCES", ,2000,28716,
"REGULATION OF CALCIUM RELEASE CHANNELS","FIC","2910801",5R03TW000949-02,5,R03,TW,000949,02,,,"1859027","MARKS, ANDREW ROBERT",Not Applicable,"COLUMBIA UNIVERSITY HEALTH SCIENCES", ,1999,28716,
"REGULATION OF CALCIUM RELEASE CHANNELS","FIC","2625776",1R03TW000949-01,1,R03,TW,000949,01,,,"1859027","MARKS, ANDREW ROBERT",Not Applicable,"COLUMBIA UNIVERSITY HEALTH SCIENCES", ,1998,22982,

