----------------------------------------------------------------------------------Search Criteria:  Search in: Projects 		AdminIC: All; Principal Investigator / Project Leader: HOLLAND; ANDREW J; Fiscal Year: 2016; 2015; 2014; 2013; 2012; 2011; 2010; 2009; 2008; 2007; 2006; 2005; 2004; 2003; 2002; 2001; 2000; 1999; 1998; 1997; 1996 ----------------------------------------------------------------------------------Project Title,Administering  IC,Application ID,Project Number,Type,Activity,IC,Serial Number,Support Year,Suffix,Subproject Number ,Contact PI  Person ID,Contact PI / Project Leader,Other PI or Project Leader(s),Organization Name,ARRA Indicator,FY,FY Total Cost ,FY Total Cost  (Sub Projects),
"Centrosome biogenesis and copy number control","NIGMS","9097740",5R01GM114119-02,5,R01,GM,114119,02,,,"10339103","HOLLAND, ANDREW JON",Not Applicable,"JOHNS HOPKINS UNIVERSITY", ,2016,358289,
"Centrosome biogenesis and copy number control","NIGMS","9099011",3R01GM114119-01S1,3,R01,GM,114119,01,S1,,"10339103","HOLLAND, ANDREW JON",Not Applicable,"JOHNS HOPKINS UNIVERSITY", ,2015,32507,
"Centrosome biogenesis and copy number control","NIGMS","8859558",1R01GM114119-01,1,R01,GM,114119,01,,,"10339103","HOLLAND, ANDREW JON",Not Applicable,"JOHNS HOPKINS UNIVERSITY", ,2015,311850,

