----------------------------------------------------------------------------------Search Criteria:  Search in: Projects 		AdminIC: All; Principal Investigator / Project Leader: VANDEMARK; ANDREW P; Fiscal Year: 2016; 2015; 2014; 2013; 2012; 2011; 2010; 2009; 2008; 2007; 2006; 2005; 2004; 2003; 2002; 2001; 2000; 1999; 1998; 1997; 1996 ----------------------------------------------------------------------------------Project Title,Administering  IC,Application ID,Project Number,Type,Activity,IC,Serial Number,Support Year,Suffix,Subproject Number ,Contact PI  Person ID,Contact PI / Project Leader,Other PI or Project Leader(s),Organization Name,ARRA Indicator,FY,FY Total Cost ,FY Total Cost  (Sub Projects),
"The Structural Basis of Shroom-Mediated Cell Contractility","NIGMS","8883569",5R01GM097204-05,5,R01,GM,097204,05,,,"2081674","VANDEMARK, ANDREW PAUL",Not Applicable,"UNIVERSITY OF PITTSBURGH AT PITTSBURGH", ,2015,275613,
"The Structural Basis of Shroom-Mediated Cell Contractility","NIGMS","8692911",5R01GM097204-04,5,R01,GM,097204,04,,,"2081674","VANDEMARK, ANDREW PAUL",Not Applicable,"UNIVERSITY OF PITTSBURGH AT PITTSBURGH", ,2014,275969,
"The Structural Basis of Shroom-Mediated Cell Contractility","NIGMS","8499374",5R01GM097204-03,5,R01,GM,097204,03,,,"2081674","VANDEMARK, ANDREW PAUL",Not Applicable,"UNIVERSITY OF PITTSBURGH AT PITTSBURGH", ,2013,266645,
"The Structural Basis of Shroom-Mediated Cell Contractility","NIGMS","8289424",5R01GM097204-02,5,R01,GM,097204,02,,,"2081674","VANDEMARK, ANDREW PAUL",Not Applicable,"UNIVERSITY OF PITTSBURGH AT PITTSBURGH", ,2012,276652,
"The Structural Basis of Shroom-Mediated Cell Contractility","NIGMS","8081650",1R01GM097204-01,1,R01,GM,097204,01,,,"2081674","VANDEMARK, ANDREW PAUL",Not Applicable,"UNIVERSITY OF PITTSBURGH AT PITTSBURGH", ,2011,266106,
"THE PAF1 TRANSCRIPTION ELONGATION COMPLEX","NCRR","8363406",5P41RR012408-15,5,P41,RR,012408,15,,7513,"2081674","VANDEMARK, ANDREW PAUL",Not Applicable,"BROOKHAVEN SCIENCE ASSOC-BROOKHAVEN LAB", ,2011,,1921
"DSHRM SD2 DOMAIN","NCRR","8170661",5P41RR012408-14,5,P41,RR,012408,14,,6579,"2081674","VANDEMARK, ANDREW PAUL",Not Applicable,"BROOKHAVEN SCIENCE ASSOC-BROOKHAVEN LAB", ,2010,,3402
"THE PAF1 TRANSCRIPTION ELONGATION COMPLEX","NCRR","8170671",5P41RR012408-14,5,P41,RR,012408,14,,6589,"2081674","VANDEMARK, ANDREW PAUL",Not Applicable,"BROOKHAVEN SCIENCE ASSOC-BROOKHAVEN LAB", ,2010,,4643

