----------------------------------------------------------------------------------Search Criteria:  Search in: Projects 		AdminIC: All; Principal Investigator / Project Leader: CASADEVALL; ARTURO; Fiscal Year: 2016; 2015; 2014; 2013; 2012; 2011; 2010; 2009; 2008; 2007; 2006; 2005; 2004; 2003; 2002; 2001; 2000; 1999; 1998; 1997; 1996 ----------------------------------------------------------------------------------Project Title,Administering  IC,Application ID,Project Number,Type,Activity,IC,Serial Number,Support Year,Suffix,Subproject Number ,Contact PI  Person ID,Contact PI / Project Leader,Other PI or Project Leader(s),Organization Name,ARRA Indicator,FY,FY Total Cost ,FY Total Cost  (Sub Projects),
"The Molecular and Cellular Basis of Infectious Diseases (MCBID) Program","NIAID","9147686",2T32AI007417-21A1,2,T32,AI,007417,21,A1,,"6139526","CASADEVALL, ARTURO ",Not Applicable,"JOHNS HOPKINS UNIVERSITY", ,2016,413019,
"Molecular Pathogenesis of Infectious Diseases","NIAID","8268417",5T32AI007506-15,5,T32,AI,007506,15,,,"6139526","CASADEVALL, ARTURO ",Not Applicable,"ALBERT EINSTEIN COLLEGE OF MEDICINE", ,2012,319402,
"Molecular Pathogenesis of Infectious Diseases","NIAID","8046466",5T32AI007506-14,5,T32,AI,007506,14,,,"6139526","CASADEVALL, ARTURO ",Not Applicable,"ALBERT EINSTEIN COLLEGE OF MEDICINE", ,2011,307752,
"Molecular Pathogenesis of Infectious Diseases","NIAID","7828043",5T32AI007506-13,5,T32,AI,007506,13,,,"6139526","CASADEVALL, ARTURO ",Not Applicable,"ALBERT EINSTEIN COLLEGE OF MEDICINE", ,2010,198333,
"Molecular Pathogenesis of Infectious Diseases","NIAID","7628525",5T32AI007506-12,5,T32,AI,007506,12,,,"6139526","CASADEVALL, ARTURO ",Not Applicable,"ALBERT EINSTEIN COLLEGE OF MEDICINE", ,2009,308762,
"Molecular Pathogenesis of Infectious Diseases","NIAID","7501563",2T32AI007506-11A1,2,T32,AI,007506,11,A1,,"6139526","CASADEVALL, ARTURO ",Not Applicable,"ALBERT EINSTEIN COLLEGE OF MEDICINE", ,2008,306701,
"Molecular Pathogenesis of Infectious Diseases","NIAID","7069115",5T32AI007506-10,5,T32,AI,007506,10,,,"6139526","CASADEVALL, ARTURO ",Not Applicable,"ALBERT EINSTEIN COL OF MED YESHIVA UNIV", ,2006,341236,
"Molecular Pathogenesis of Infectious Diseases","NIAID","6892794",5T32AI007506-09,5,T32,AI,007506,09,,,"6139526","CASADEVALL, ARTURO ",Not Applicable,"ALBERT EINSTEIN COL OF MED YESHIVA UNIV", ,2005,343258,
"Molecular Characterization of C. neoformans Antibodies","NIAID","9023400",5R37AI033142-24,5,R37,AI,033142,24,,,"6139526","CASADEVALL, ARTURO ",Not Applicable,"JOHNS HOPKINS UNIVERSITY", ,2016,364500,
"Molecular Characterization of C. neoformans Antibodies","NIAID","9124287",7R37AI033142-23,7,R37,AI,033142,23,,,"6139526","CASADEVALL, ARTURO ",Not Applicable,"JOHNS HOPKINS UNIVERSITY", ,2015,277267,
"Molecular Characterization of C. neoformans Antibodies","NIAID","8798564",5R37AI033142-22,5,R37,AI,033142,22,,,"6139526","CASADEVALL, ARTURO ",Not Applicable,"ALBERT EINSTEIN COLLEGE OF MEDICINE", ,2015,161031,
"Biological and Clinical Impact of Cryptococcal Extralcellular Vesicles","NIAID","8958486",3R37AI033142-21S1,3,R37,AI,033142,21,S1,,"6139526","CASADEVALL, ARTURO ",Not Applicable,"ALBERT EINSTEIN COLLEGE OF MEDICINE", ,2015,15656,
"Molecular Characterization of C. neoformans Antibodies","NIAID","8610217",5R37AI033142-21,5,R37,AI,033142,21,,,"6139526","CASADEVALL, ARTURO ",Not Applicable,"ALBERT EINSTEIN COLLEGE OF MEDICINE", ,2014,375750,
"Molecular Characterization of C. neoformans Antibodies","NIAID","8415914",5R37AI033142-20,5,R37,AI,033142,20,,,"6139526","CASADEVALL, ARTURO ",Not Applicable,"ALBERT EINSTEIN COLLEGE OF MEDICINE", ,2013,353205,
"Molecular Characterization of C. neoformans Antibodies","NIAID","8124329",4R37AI033142-19,4,R37,AI,033142,19,,,"6139526","CASADEVALL, ARTURO ",Not Applicable,"ALBERT EINSTEIN COLLEGE OF MEDICINE", ,2012,374813,
"Molecular Characterization of C. neoformans Antibodies","NIAID","8035347",5R37AI033142-18,5,R37,AI,033142,18,,,"6139526","CASADEVALL, ARTURO ",Not Applicable,"ALBERT EINSTEIN COLLEGE OF MEDICINE", ,2011,279308,
"Molecular Characterization of C. neoformans Antibodies","NIAID","8051963",3R37AI033142-17S1,3,R37,AI,033142,17,S1,,"6139526","CASADEVALL, ARTURO ",Not Applicable,"ALBERT EINSTEIN COLLEGE OF MEDICINE",YES,2010,441075,
"Molecular Characterization of C. neoformans Antibodies","NIAID","7766993",5R37AI033142-17,5,R37,AI,033142,17,,,"6139526","CASADEVALL, ARTURO ",Not Applicable,"ALBERT EINSTEIN COLLEGE OF MEDICINE", ,2010,282130,
"Molecular Characterization of C. neoformans Antibodies","NIAID","7570005",5R37AI033142-16,5,R37,AI,033142,16,,,"6139526","CASADEVALL, ARTURO ",Not Applicable,"ALBERT EINSTEIN COLLEGE OF MEDICINE", ,2009,353125,
"Molecular Characterization of C. neoformans Antibodies","NIAID","7569585",3R37AI033142-15S1,3,R37,AI,033142,15,S1,,"6139526","CASADEVALL, ARTURO ",Not Applicable,"ALBERT EINSTEIN COLLEGE OF MEDICINE", ,2008,64259,
"Molecular Characterization of C. neoformans Antibodies","NIAID","7364609",5R37AI033142-15,5,R37,AI,033142,15,,,"6139526","CASADEVALL, ARTURO ",Not Applicable,"ALBERT EINSTEIN COLLEGE OF MEDICINE", ,2008,284981,
"Molecular Characterization of C. neoformans Antibodies","NIAID","7195305",2R37AI033142-14,2,R37,AI,033142,14,,,"6139526","CASADEVALL, ARTURO ",Not Applicable,"ALBERT EINSTEIN COLLEGE OF MEDICINE", ,2007,290500,
"Molecular Characterization of C Neoformans Antibodies","NIAID","7018415",5R01AI033142-13,5,R01,AI,033142,13,,,"6139526","CASADEVALL, ARTURO ",Not Applicable,"ALBERT EINSTEIN COL OF MED YESHIVA UNIV", ,2006,244613,
"Molecular Characterization of C Neoformans Antibodies","NIAID","6864868",5R01AI033142-12,5,R01,AI,033142,12,,,"6139526","CASADEVALL, ARTURO ",Not Applicable,"ALBERT EINSTEIN COL OF MED YESHIVA UNIV", ,2005,250500,
"Molecular Characterization of C Neoformans Antibodies","NIAID","6706309",5R01AI033142-11,5,R01,AI,033142,11,,,"6139526","CASADEVALL, ARTURO ",Not Applicable,"ALBERT EINSTEIN COL OF MED YESHIVA UNIV", ,2004,250500,
"Molecular Characterization of C Neoformans Antibodies","NIAID","6621541",5R01AI033142-10,5,R01,AI,033142,10,,,"6139526","CASADEVALL, ARTURO ",Not Applicable,"YESHIVA UNIVERSITY", ,2003,293800,
"Molecular Characterization of C Neoformans Antibodies","NIAID","6434867",2R01AI033142-09,2,R01,AI,033142,09,,,"6139526","CASADEVALL, ARTURO ",Not Applicable,"YESHIVA UNIVERSITY", ,2002,250750,
"MOLECULAR CHARACTERIZATION OF C NEOFORMANS ANTIBODIES","NIAID","6362306",5R01AI033142-08,5,R01,AI,033142,08,,,"6139526","CASADEVALL, ARTURO ",Not Applicable,"YESHIVA UNIVERSITY", ,2001,187290,
"MOLECULAR CHARACTERIZATION OF C NEOFORMANS ANTIBODIES","NIAID","6163889",5R01AI033142-07,5,R01,AI,033142,07,,,"6139526","CASADEVALL, ARTURO ",Not Applicable,"YESHIVA UNIVERSITY", ,2000,181835,
"MOLECULAR CHARACTERIZATION OF C NEOFORMANS ANTIBODIES","NIAID","2882184",5R01AI033142-06,5,R01,AI,033142,06,,,"6139526","CASADEVALL, ARTURO ",Not Applicable,"YESHIVA UNIVERSITY", ,1999,176537,
"MOLECULAR CHARACTERIZATION OF C NEOFORMANS ANTIBODIES","NIAID","2667735",5R01AI033142-05,5,R01,AI,033142,05,,,"6139526","CASADEVALL, ARTURO ",Not Applicable,"YESHIVA UNIVERSITY", ,1998,172416,
"MOLECULAR CHARACTERIZATION OF C NEOFORMANS ANTIBODIES","NIAID","2003849",2R01AI033142-04,2,R01,AI,033142,04,,,"6139526","CASADEVALL, ARTURO ",Not Applicable,"YESHIVA UNIVERSITY", ,1997,284170,
"MOLECULAR CHARACTERIZATION OF C NEOFORMANS ANTIBODIES","NIAID","2068136",5R01AI033142-03,5,R01,AI,033142,03,,,"6139526","CASADEVALL, ARTURO ",Not Applicable,"YESHIVA UNIVERSITY", ,1996,173859,
"Protective antibodies for Cryptococcal Infections","NIAID","8586514",5R01AI033774-20,5,R01,AI,033774,20,,,"6139526","CASADEVALL, ARTURO ",Not Applicable,"ALBERT EINSTEIN COLLEGE OF MEDICINE", ,2014,410850,
"Protective antibodies for Cryptococcal Infections","NIAID","8390490",5R01AI033774-19,5,R01,AI,033774,19,,,"6139526","CASADEVALL, ARTURO ",Not Applicable,"ALBERT EINSTEIN COLLEGE OF MEDICINE", ,2013,386199,
"Protective antibodies for Cryptococcal Infections","NIAID","8197104",5R01AI033774-18,5,R01,AI,033774,18,,,"6139526","CASADEVALL, ARTURO ",Not Applicable,"ALBERT EINSTEIN COLLEGE OF MEDICINE", ,2012,410850,
"Protective antibodies for Cryptococcal Infections","NIAID","8005028",5R01AI033774-17,5,R01,AI,033774,17,,,"6139526","CASADEVALL, ARTURO ",Not Applicable,"ALBERT EINSTEIN COLLEGE OF MEDICINE", ,2011,410850,
"Protective antibodies for Cryptococcal Infections","NIAID","7837145",2R01AI033774-16,2,R01,AI,033774,16,,,"6139526","CASADEVALL, ARTURO ",Not Applicable,"ALBERT EINSTEIN COLLEGE OF MEDICINE", ,2010,415000,
"Protective Antibodies for Cryptococcal Infections","NIAID","7384474",5R01AI033774-15,5,R01,AI,033774,15,,,"6139526","CASADEVALL, ARTURO ",Not Applicable,"ALBERT EINSTEIN COLLEGE OF MEDICINE", ,2008,397235,
"Protective Antibodies for Cryptococcal Infections","NIAID","7214112",5R01AI033774-14,5,R01,AI,033774,14,,,"6139526","CASADEVALL, ARTURO ",Not Applicable,"ALBERT EINSTEIN COLLEGE OF MEDICINE", ,2007,451821,
"Protective Antibodies for Cryptococcal Infections","NIAID","7039104",5R01AI033774-13,5,R01,AI,033774,13,,,"6139526","CASADEVALL, ARTURO ",Not Applicable,"ALBERT EINSTEIN COL OF MED YESHIVA UNIV", ,2006,465229,
"Protective Antibodies for Cryptococcal Infections","NIAID","7061569",3R01AI033774-12S1,3,R01,AI,033774,12,S1,,"6139526","CASADEVALL, ARTURO ",Not Applicable,"ALBERT EINSTEIN COL OF MED YESHIVA UNIV", ,2005,51269,
"Protective Antibodies for Cryptococcal Infections","NIAID","6879080",5R01AI033774-12,5,R01,AI,033774,12,,,"6139526","CASADEVALL, ARTURO ",Not Applicable,"ALBERT EINSTEIN COL OF MED YESHIVA UNIV", ,2005,417500,
"Protective Antibodies for Cryptococcal Infections","NIAID","6798409",2R01AI033774-11,2,R01,AI,033774,11,,,"6139526","CASADEVALL, ARTURO ",Not Applicable,"ALBERT EINSTEIN COL OF MED YESHIVA UNIV", ,2004,417500,
"PROTECTIVE ANTIBODIES FOR CRYPTOCOCCAL INFECTIONS","NIAID","6624624",5R01AI033774-10,5,R01,AI,033774,10,,,"6139526","CASADEVALL, ARTURO ",Not Applicable,"YESHIVA UNIVERSITY", ,2003,321481,
"PROTECTIVE ANTIBODIES FOR CRYPTOCOCCAL INFECTIONS","NIAID","6475683",5R01AI033774-09,5,R01,AI,033774,09,,,"6139526","CASADEVALL, ARTURO ",Not Applicable,"YESHIVA UNIVERSITY", ,2002,347159,
"PROTECTIVE ANTIBODIES FOR CRYPTOCOCCAL INFECTIONS","NIAID","6328715",5R01AI033774-08,5,R01,AI,033774,08,,,"6139526","CASADEVALL, ARTURO ",Not Applicable,"YESHIVA UNIVERSITY", ,2001,322001,
"PROTECTIVE ANTIBODIES FOR CRYPTOCOCCAL INFECTIONS","NIAID","6124269",5R01AI033774-07,5,R01,AI,033774,07,,,"6139526","CASADEVALL, ARTURO ",Not Applicable,"YESHIVA UNIVERSITY", ,2000,326774,
"PROTECTIVE ANTIBODIES FOR CRYPTOCOCCAL INFECTIONS","NIAID","2795854",2R01AI033774-06,2,R01,AI,033774,06,,,"6139526","CASADEVALL, ARTURO ",Not Applicable,"YESHIVA UNIVERSITY", ,1999,297024,
"PROTECTIVE ANTIBODIES FOR CRYPTOCOCCAL INFECTIONS","NIAID","2607806",5R01AI033774-05,5,R01,AI,033774,05,,,"6139526","CASADEVALL, ARTURO ",Not Applicable,"YESHIVA UNIVERSITY", ,1998,251941,
"PROTECTIVE ANTIBODIES FOR CRYPTOCOCCAL INFECTIONS","NIAID","2003913",5R01AI033774-04,5,R01,AI,033774,04,,,"6139526","CASADEVALL, ARTURO ",Not Applicable,"YESHIVA UNIVERSITY", ,1997,240185,
"PROTECTIVE ANTIBODIES FOR CRYPTOCOCCAL INFECTIONS","NIAID","2068834",5R01AI033774-03,5,R01,AI,033774,03,,,"6139526","CASADEVALL, ARTURO ",Not Applicable,"YESHIVA UNIVERSITY", ,1996,336306,
"Biology of Fungal Melanin","NIAID","9004593",5R01AI052733-13,5,R01,AI,052733,13,,,"6139526","CASADEVALL, ARTURO ",Not Applicable,"JOHNS HOPKINS UNIVERSITY", ,2016,533181,
"Biology of Fungal Melanin","NIAID","9032198",7R01AI052733-12,7,R01,AI,052733,12,,,"6139526","CASADEVALL, ARTURO ",Not Applicable,"JOHNS HOPKINS UNIVERSITY", ,2015,563341,
"Biology of Fungal Melanin","NIAID","8473757",5R01AI052733-10,5,R01,AI,052733,10,,,"6139526","CASADEVALL, ARTURO ",Not Applicable,"ALBERT EINSTEIN COLLEGE OF MEDICINE", ,2013,444642,
"Biology of Fungal Melanin","NIAID","8287096",5R01AI052733-09,5,R01,AI,052733,09,,,"6139526","CASADEVALL, ARTURO ",Not Applicable,"ALBERT EINSTEIN COLLEGE OF MEDICINE", ,2012,466153,
"Biology of Fungal Melanin","NIAID","8084087",5R01AI052733-08,5,R01,AI,052733,08,,,"6139526","CASADEVALL, ARTURO ",Not Applicable,"ALBERT EINSTEIN COLLEGE OF MEDICINE", ,2011,466469,
"Biology of Fungal Melanin","NIAID","7874499",5R01AI052733-07,5,R01,AI,052733,07,,,"6139526","CASADEVALL, ARTURO ",Not Applicable,"ALBERT EINSTEIN COLLEGE OF MEDICINE", ,2010,471168,
"Biology of Fungal Melanin","NIAID","7621215",2R01AI052733-06A1,2,R01,AI,052733,06,A1,,"6139526","CASADEVALL, ARTURO ",Not Applicable,"ALBERT EINSTEIN COLLEGE OF MEDICINE", ,2009,478446,
"Biology of Fungal Melanin","NIAID","7161747",5R01AI052733-05,5,R01,AI,052733,05,,,"6139526","CASADEVALL, ARTURO ",Not Applicable,"ALBERT EINSTEIN COLLEGE OF MEDICINE", ,2007,330395,
"Biology of Fungal Melanin","NIAID","6999743",5R01AI052733-04,5,R01,AI,052733,04,,,"6139526","CASADEVALL, ARTURO ",Not Applicable,"ALBERT EINSTEIN COL OF MED YESHIVA UNIV", ,2006,343475,
"Biology of Fungal Melanin","NIAID","6835228",5R01AI052733-03,5,R01,AI,052733,03,,,"6139526","CASADEVALL, ARTURO ",Not Applicable,"ALBERT EINSTEIN COL OF MED YESHIVA UNIV", ,2005,354872,
"Biology of Fungal Melanin","NIAID","6767745",5R01AI052733-02,5,R01,AI,052733,02,,,"6139526","CASADEVALL, ARTURO ",Not Applicable,"ALBERT EINSTEIN COL OF MED YESHIVA UNIV", ,2004,357855,
"Biology of Fungal Melanin","NIAID","6696010",1R01AI052733-01A2,1,R01,AI,052733,01,A2,,"6139526","CASADEVALL, ARTURO ",Not Applicable,"YESHIVA UNIVERSITY", ,2003,188722,
"Development of new passive immunization strategies for anthrax","NIAID","8444617",5U54AI057158-10,5,U54,AI,057158,10,,5701,"6139526","CASADEVALL, ARTURO ",Not Applicable,"COLUMBIA UNIVERSITY HEALTH SCIENCES", ,2013,,906932
"Development of new passive immunization strategies for anthrax","NIAID","8376720",5U54AI057158-09,5,U54,AI,057158,09,,5701,"6139526","CASADEVALL, ARTURO ",Not Applicable,"COLUMBIA UNIVERSITY HEALTH SCIENCES", ,2012,,983096
"Development of new passive immunization strategies for anthrax","NIAID","8230240",5U54AI057158-08,5,U54,AI,057158,08,,5701,"6139526","CASADEVALL, ARTURO ",Not Applicable,"COLUMBIA UNIVERSITY HEALTH SCIENCES", ,2011,,567768
"Development of new passive immunization strategies for anthrax","NIAID","8043568",5U54AI057158-07,5,U54,AI,057158,07,,5701,"6139526","CASADEVALL, ARTURO ",Not Applicable,"COLUMBIA UNIVERSITY HEALTH SCIENCES", ,2010,,619753
"Development of new passive immunization strategies for anthrax","NIAID","7670792",2U54AI057158-06,2,U54,AI,057158,06,,5701,"6139526","CASADEVALL, ARTURO ",Not Applicable,"COLUMBIA UNIVERSITY HEALTH SCIENCES", ,2009,,529506
"B Cell Related Prophylaxis and Therapeutics","NIAID","7706280",3U54AI057158-05S1,3,U54,AI,057158,05,S1,0001,"6139526","CASADEVALL, ARTURO ",Not Applicable,"WADSWORTH CENTER", ,2008,,835818
"Mining slime mold for susceptibility genes to fungi","NIGMS","6915685",5R21GM071421-02,5,R21,GM,071421,02,,,"6139526","CASADEVALL, ARTURO ",Not Applicable,"ALBERT EINSTEIN COL OF MED YESHIVA UNIV", ,2005,125250,
"Mining slime mold for susceptibility genes to fungi","NIGMS","6806925",1R21GM071421-01,1,R21,GM,071421,01,,,"6139526","CASADEVALL, ARTURO ",Not Applicable,"ALBERT EINSTEIN COL OF MED YESHIVA UNIV", ,2004,125250,
"Atoms-to-Animals: Structural Genomics of Immunity","NIGMS","9266109",6U01GM094665-06,6,U01,GM,094665,06,,,"6139526","CASADEVALL, ARTURO ",Not Applicable,"ALBERT EINSTEIN COLLEGE OF MEDICINE, INC", ,2014,480664,
"Atoms-to-Animals: Structural Genomics of Immunity","NIGMS","8708895",5U01GM094665-05,5,U01,GM,094665,05,,,"6139526","CASADEVALL, ARTURO ",Not Applicable,"ALBERT EINSTEIN COLLEGE OF MEDICINE", ,2014,613573,
"Atoms-to-Animals: Structural Genomics of Immunity","NIGMS","8514011",5U01GM094665-04,5,U01,GM,094665,04,,,"6139526","CASADEVALL, ARTURO ",Not Applicable,"ALBERT EINSTEIN COLLEGE OF MEDICINE", ,2013,1055939,
"Atoms-to-Animals: Structural Genomics of Immunity","NIGMS","8306836",5U01GM094665-03,5,U01,GM,094665,03,,,"6139526","CASADEVALL, ARTURO ",Not Applicable,"ALBERT EINSTEIN COLLEGE OF MEDICINE", ,2012,1094237,
"Synergy of Host Defense Mechanisms in the Lung","NHLBI","9123661",5R01HL059842-17,5,R01,HL,059842,17,,,"6139526","CASADEVALL, ARTURO ",Not Applicable,"JOHNS HOPKINS UNIVERSITY", ,2016,405000,
"Synergy of Host Defense Mechanisms in the Lung","NHLBI","8975431",2R01HL059842-16A1,2,R01,HL,059842,16,A1,,"6139526","CASADEVALL, ARTURO ",Not Applicable,"JOHNS HOPKINS UNIVERSITY", ,2015,405000,
"Synergy of Host Defense Mechanisms in the Lung","NHLBI","8204550",5R01HL059842-15,5,R01,HL,059842,15,,,"6139526","CASADEVALL, ARTURO ",Not Applicable,"ALBERT EINSTEIN COLLEGE OF MEDICINE", ,2012,373500,
"Synergy of Host Defense Mechanisms in the Lung","NHLBI","8010956",5R01HL059842-14,5,R01,HL,059842,14,,,"6139526","CASADEVALL, ARTURO ",Not Applicable,"ALBERT EINSTEIN COLLEGE OF MEDICINE", ,2011,373500,
"Synergy of Host Defense Mechanisms in the Lung","NHLBI","7753867",5R01HL059842-13,5,R01,HL,059842,13,,,"6139526","CASADEVALL, ARTURO ",Not Applicable,"ALBERT EINSTEIN COLLEGE OF MEDICINE", ,2010,373500,
"Synergy of Host Defense Mechanisms in the Lung","NHLBI","7547041",5R01HL059842-12,5,R01,HL,059842,12,,,"6139526","CASADEVALL, ARTURO ",Not Applicable,"ALBERT EINSTEIN COLLEGE OF MEDICINE", ,2009,373500,
"Synergy of Host Defense Mechanisms in the Lung","NHLBI","7371204",2R01HL059842-11,2,R01,HL,059842,11,,,"6139526","CASADEVALL, ARTURO ",Not Applicable,"ALBERT EINSTEIN COLLEGE OF MEDICINE", ,2008,373500,
"Synergy of Host Defense Mechanisms in Lung","NHLBI","7088930",5R01HL059842-10,5,R01,HL,059842,10,,,"6139526","CASADEVALL, ARTURO ",Not Applicable,"ALBERT EINSTEIN COL OF MED YESHIVA UNIV", ,2006,326151,
"Synergy of Host Defense Mechanisms in Lung","NHLBI","6918007",5R01HL059842-09,5,R01,HL,059842,09,,,"6139526","CASADEVALL, ARTURO ",Not Applicable,"ALBERT EINSTEIN COL OF MED YESHIVA UNIV", ,2005,384100,
"Synergy of Host Defense Mechanisms in Lung","NHLBI","6765947",5R01HL059842-08,5,R01,HL,059842,08,,,"6139526","CASADEVALL, ARTURO ",Not Applicable,"ALBERT EINSTEIN COL OF MED YESHIVA UNIV", ,2004,384100,
"Synergy of Host Defense Mechanisms in Lung","NHLBI","6798928",3R01HL059842-07S1,3,R01,HL,059842,07,S1,,"6139526","CASADEVALL, ARTURO ",Not Applicable,"YESHIVA UNIVERSITY", ,2003,50100,
"Synergy of Host Defense Mechanisms in Lung","NHLBI","6655026",5R01HL059842-07,5,R01,HL,059842,07,,,"6139526","CASADEVALL, ARTURO ",Not Applicable,"YESHIVA UNIVERSITY", ,2003,334000,
"Synergy of Host Defense Mechanisms in Lung","NHLBI","6547012",2R01HL059842-06,2,R01,HL,059842,06,,,"6139526","CASADEVALL, ARTURO ",Not Applicable,"YESHIVA UNIVERSITY", ,2002,334000,
"SYNERGY OF HOST DEFENSE MECHANISMS IN LUNG","NHLBI","6389841",5R01HL059842-05,5,R01,HL,059842,05,,,"6139526","CASADEVALL, ARTURO ",Not Applicable,"YESHIVA UNIVERSITY", ,2001,252000,
"SYNERGY OF HOST DEFENSE MECHANISMS IN LUNG","NHLBI","6184346",5R01HL059842-04,5,R01,HL,059842,04,,,"6139526","CASADEVALL, ARTURO ",Not Applicable,"YESHIVA UNIVERSITY", ,2000,252000,
"SYNERGY OF HOST DEFENSE MECHANISMS IN LUNG","NHLBI","6056511",5R01HL059842-03,5,R01,HL,059842,03,,,"6139526","CASADEVALL, ARTURO ",Not Applicable,"YESHIVA UNIVERSITY", ,1999,252000,
"SYNERGY OF HOST DEFENSE MECHANISMS IN LUNG","NHLBI","2771663",5R01HL059842-02,5,R01,HL,059842,02,,,"6139526","CASADEVALL, ARTURO ",Not Applicable,"YESHIVA UNIVERSITY", ,1998,252000,
"SYNERGY OF HOST DEFENSE MECHANISMS IN LUNG","NHLBI","2541562",1R01HL059842-01,1,R01,HL,059842,01,,,"6139526","CASADEVALL, ARTURO ",Not Applicable,"YESHIVA UNIVERSITY", ,1997,255750,
"PROTECTIVE ANTIBODY FOR CRYPTOCOCCAL INFECTIONS","FIC","2042295",5R03TW000498-03,5,R03,TW,000498,03,,,"6139526","CASADEVALL, ARTURO ",Not Applicable,"YESHIVA UNIVERSITY", ,1996,22074,
"PROTECTIVE ANTIBODIES FOR CRYPTOCOCCAL INFECTIONS","FIC","6540774",5R03TW001201-03,5,R03,TW,001201,03,,,"6139526","CASADEVALL, ARTURO ",Not Applicable,"YESHIVA UNIVERSITY", ,2002,53467,
"PROTECTIVE ANTIBODIES FOR CRYPTOCOCCAL INFECTIONS","FIC","6394973",5R03TW001201-02,5,R03,TW,001201,02,,,"6139526","CASADEVALL, ARTURO ",Not Applicable,"YESHIVA UNIVERSITY", ,2001,53600,
"PROTECTIVE ANTIBODIES FOR CRYPTOCOCCAL INFECTIONS","FIC","6021397",1R03TW001201-01,1,R03,TW,001201,01,,,"6139526","CASADEVALL, ARTURO ",Not Applicable,"YESHIVA UNIVERSITY", ,2000,53626,

