----------------------------------------------------------------------------------Search Criteria:  Search in: Projects 		AdminIC: All; Principal Investigator / Project Leader: PRINZ; ASTRID A; Fiscal Year: 2016; 2015; 2014; 2013; 2012; 2011; 2010; 2009; 2008; 2007; 2006; 2005; 2004; 2003; 2002; 2001; 2000; 1999; 1998; 1997; 1996 ----------------------------------------------------------------------------------Project Title,Administering  IC,Application ID,Project Number,Type,Activity,IC,Serial Number,Support Year,Suffix,Subproject Number ,Contact PI  Person ID,Contact PI / Project Leader,Other PI or Project Leader(s),Organization Name,ARRA Indicator,FY,FY Total Cost ,FY Total Cost  (Sub Projects),
"Activity-dependent homeostatic regulation in neural networks","NINDS","8013508",5R01NS054911-05,5,R01,NS,054911,05,,,"8302182","PRINZ, ASTRID ANTONIA",Not Applicable,"EMORY UNIVERSITY", ,2011,229596,
"Activity-dependent homeostatic regulation in neural networks","NINDS","7750492",5R01NS054911-04,5,R01,NS,054911,04,,,"8302182","PRINZ, ASTRID ANTONIA",Not Applicable,"EMORY UNIVERSITY", ,2010,250780,
"Activity-dependent homeostatic regulation in neural networks","NINDS","7544892",5R01NS054911-03,5,R01,NS,054911,03,,,"8302182","PRINZ, ASTRID ANTONIA",Not Applicable,"EMORY UNIVERSITY", ,2009,278456,
"Activity-dependent homeostatic regulation in neural networks","NINDS","7649589",3R01NS054911-02S1,3,R01,NS,054911,02,S1,,"8302182","PRINZ, ASTRID ANTONIA",Not Applicable,"EMORY UNIVERSITY", ,2008,21677,
"Activity-dependent homeostatic regulation in neural networks","NINDS","7342005",5R01NS054911-02,5,R01,NS,054911,02,,,"8302182","PRINZ, ASTRID ANTONIA",Not Applicable,"EMORY UNIVERSITY", ,2008,234281,
"Activity-dependent homeostatic regulation in neural networks","NINDS","7208512",1R01NS054911-01A1,1,R01,NS,054911,01,A1,,"8302182","PRINZ, ASTRID ANTONIA",Not Applicable,"EMORY UNIVERSITY", ,2007,234281,

