----------------------------------------------------------------------------------Search Criteria:  Search in: Projects 		AdminIC: All; Principal Investigator / Project Leader: SHEN; BEN; Fiscal Year: 2016; 2015; 2014; 2013; 2012; 2011; 2010; 2009; 2008; 2007; 2006; 2005; 2004; 2003; 2002; 2001; 2000; 1999; 1998; 1997; 1996 ----------------------------------------------------------------------------------Project Title,Administering  IC,Application ID,Project Number,Type,Activity,IC,Serial Number,Support Year,Suffix,Subproject Number ,Contact PI  Person ID,Contact PI / Project Leader,Other PI or Project Leader(s),Organization Name,ARRA Indicator,FY,FY Total Cost ,FY Total Cost  (Sub Projects),
"Natural products as antifilarial asparaginyl-tRNA synthetase inhibitors","NIAID","8721845",5R21AI105472-02,5,R21,AI,105472,02,,,"1881279","KRON, MICHAEL A. ","SHEN, BEN ","MEDICAL COLLEGE OF WISCONSIN", ,2014,256516,
"Natural products as antifilarial asparaginyl-tRNA synthetase inhibitors","NIAID","8489688",1R21AI105472-01,1,R21,AI,105472,01,,,"1881279","KRON, MICHAEL A. ","SHEN, BEN ","MEDICAL COLLEGE OF WISCONSIN", ,2013,218421,
"BIOSYNTHESIS OF PEPTIDE/POLYKETIDE DERIVED ANTIBIOTICS","NIAID","6500938",7R29AI040475-06,7,R29,AI,040475,06,,,"1864110","SHEN, BEN ",Not Applicable,"UNIVERSITY OF WISCONSIN-MADISON", ,2001,42100,
"BIOSYNTHESIS OF PEPTIDE/POLYKETIDE DERIVED ANTIBIOTICS","NIAID","6328743",5R29AI040475-05,5,R29,AI,040475,05,,,"1864110","SHEN, BEN ",Not Applicable,"UNIVERSITY OF CALIFORNIA DAVIS", ,2001,37651,
"BIOSYNTHESIS OF PEPTIDE/POLYKETIDE DERIVED ANTIBIOTICS","NIAID","6124371",5R29AI040475-04,5,R29,AI,040475,04,,,"1864110","SHEN, BEN ",Not Applicable,"UNIVERSITY OF CALIFORNIA DAVIS", ,2000,101663,
"BIOSYNTHESIS OF PEPTIDE/POLYKETIDE DERIVED ANTIBIOTICS","NIAID","2837470",5R29AI040475-03,5,R29,AI,040475,03,,,"1864110","SHEN, BEN ",Not Applicable,"UNIVERSITY OF CALIFORNIA DAVIS", ,1999,99712,
"BIOSYNTHESIS OF PEPTIDE/POLYKETIDE DERIVED ANTIBIOTICS","NIAID","2607849",5R29AI040475-02,5,R29,AI,040475,02,,,"1864110","SHEN, BEN ",Not Applicable,"UNIVERSITY OF CALIFORNIA DAVIS", ,1998,93915,
"BIOSYNTHESIS OF PEPTIDE/POLYKETIDE DERIVED ANTIBIOTICS","NIAID","2005055",1R29AI040475-01,1,R29,AI,040475,01,,,"1864110","SHEN, BEN ",Not Applicable,"UNIVERSITY OF CALIFORNIA DAVIS", ,1997,103611,
"Enediyne Antitumor Antibiotic Synthesis - Streptomycetes","NIAID","6898468",5K02AI051689-05,5,K02,AI,051689,05,,,"1864110","SHEN, BEN ",Not Applicable,"UNIVERSITY OF WISCONSIN MADISON", ,2005,106920,
"Enediyne Antitumor Antibiotic Synthesis - Streptomycetes","NIAID","6743720",5K02AI051689-04,5,K02,AI,051689,04,,,"1864110","SHEN, BEN ",Not Applicable,"UNIVERSITY OF WISCONSIN MADISON", ,2004,106920,
"Enediyne Antitumor Antibiotic Synthesis - Streptomycetes","NIAID","6643502",5K02AI051689-03,5,K02,AI,051689,03,,,"1864110","SHEN, BEN ",Not Applicable,"UNIVERSITY OF WISCONSIN MADISON", ,2003,106920,
"Enediyne Antitumor Antibiotic Synthesis - Streptomycetes","NIAID","6532903",5K02AI051689-02,5,K02,AI,051689,02,,,"1864110","SHEN, BEN ",Not Applicable,"UNIVERSITY OF WISCONSIN MADISON", ,2002,106920,
"Enediyne Antitumor Antibiotic Synthesis - Streptomycetes","NIAID","6475243",1K02AI051689-01,1,K02,AI,051689,01,,,"1864110","SHEN, BEN ",Not Applicable,"UNIVERSITY OF WISCONSIN MADISON", ,2001,106920,
"Platnesimycin and platencin biosynthesis and engineering in antibacterial drugs","NIAID","8257191",7R56AI079070-02,7,R56,AI,079070,02,,,"1864110","SHEN, BEN ",Not Applicable,"SCRIPPS FLORIDA", ,2010,348640,
"Platnesimycin and platencin biosynthesis and engineering in antibacterial drugs","NIAID","8132759",1R56AI079070-01A2,1,R56,AI,079070,01,A2,,"1864110","SHEN, BEN ",Not Applicable,"UNIVERSITY OF WISCONSIN-MADISON", ,2010,14850,
"Enediyne Biosynthesis and Engineering","NCI","8889044",5R01CA078747-15,5,R01,CA,078747,15,,,"1864110","SHEN, BEN ",Not Applicable,"SCRIPPS FLORIDA", ,2015,410850,
"Enediyne Biosynthesis and Engineering","NCI","8703026",5R01CA078747-14,5,R01,CA,078747,14,,,"1864110","SHEN, BEN ",Not Applicable,"SCRIPPS FLORIDA", ,2014,398525,
"Enediyne Biosynthesis and Engineering","NCI","8507149",5R01CA078747-13,5,R01,CA,078747,13,,,"1864110","SHEN, BEN ",Not Applicable,"SCRIPPS FLORIDA", ,2013,386199,
"Enediyne Biosynthesis and Engineering","NCI","8336821",5R01CA078747-12,5,R01,CA,078747,12,,,"1864110","SHEN, BEN ",Not Applicable,"SCRIPPS FLORIDA", ,2012,410850,
"Enediyne Biosynthesis and Engineering","NCI","8041890",2R01CA078747-11,2,R01,CA,078747,11,,,"1864110","SHEN, BEN ",Not Applicable,"SCRIPPS FLORIDA", ,2011,410850,
"Enediyne Biosynthesis and Engineering","NCI","7811497",3R01CA078747-10S1,3,R01,CA,078747,10,S1,,"1864110","SHEN, BEN ",Not Applicable,"UNIVERSITY OF WISCONSIN-MADISON",YES,2009,178357,
"Enediyne Biosynthesis and Engineering","NCI","7555378",5R01CA078747-10,5,R01,CA,078747,10,,,"1864110","SHEN, BEN ",Not Applicable,"UNIVERSITY OF WISCONSIN-MADISON", ,2009,135759,
"Enediyne Biosynthesis and Engineering","NCI","7334188",5R01CA078747-09,5,R01,CA,078747,09,,,"1864110","SHEN, BEN ",Not Applicable,"UNIVERSITY OF WISCONSIN-MADISON", ,2008,135824,
"Enediyne Biosynthesis and Engineering","NCI","7174811",5R01CA078747-08,5,R01,CA,078747,08,,,"1864110","SHEN, BEN ",Not Applicable,"UNIVERSITY OF WISCONSIN-MADISON", ,2007,135886,
"Enediyne Biosynthesis and Engineering","NCI","7017786",5R01CA078747-07,5,R01,CA,078747,07,,,"1864110","SHEN, BEN ",Not Applicable,"UNIVERSITY OF WISCONSIN MADISON", ,2006,140007,
"Enediyne Biosynthesis and Engineering","NCI","6871443",2R01CA078747-06,2,R01,CA,078747,06,,,"1864110","SHEN, BEN ",Not Applicable,"UNIVERSITY OF WISCONSIN MADISON", ,2005,143438,
"ENEDIYNE ANTITUMOR ANTIBIOTIC BIOSYNTHESIS","NCI","6633250",5R01CA078747-05,5,R01,CA,078747,05,,,"1864110","SHEN, BEN ",Not Applicable,"UNIVERSITY OF WISCONSIN MADISON", ,2003,113951,
"ENEDIYNE ANTITUMOR ANTIBIOTIC BIOSYNTHESIS","NCI","6513160",5R01CA078747-04,5,R01,CA,078747,04,,,"1864110","SHEN, BEN ",Not Applicable,"UNIVERSITY OF WISCONSIN MADISON", ,2002,110631,
"ENEDIYNE ANTITUMOR ANTIBIOTIC BIOSYNTHESIS","NCI","6377192",7R01CA078747-03,7,R01,CA,078747,03,,,"1864110","SHEN, BEN ",Not Applicable,"UNIVERSITY OF WISCONSIN MADISON", ,2001,107410,
"ENEDIYNE ANTITUMOR ANTIBIOTIC BIOSYNTHESIS","NCI","6413263",3R01CA078747-02S1,3,R01,CA,078747,02,S1,,"1864110","SHEN, BEN ",Not Applicable,"UNIVERSITY OF CALIFORNIA DAVIS", ,2001,43220,
"ENEDIYNE ANTITUMOR ANTIBIOTIC BIOSYNTHESIS","NCI","6174150",5R01CA078747-02,5,R01,CA,078747,02,,,"1864110","SHEN, BEN ",Not Applicable,"UNIVERSITY OF CALIFORNIA DAVIS", ,2000,102722,
"ENEDIYNE ANTITUMOR ANTIBIOTIC BIOSYNTHESIS","NCI","2901908",1R01CA078747-01A1,1,R01,CA,078747,01,A1,,"1864110","SHEN, BEN ",Not Applicable,"UNIVERSITY OF CALIFORNIA DAVIS", ,1999,106353,
"Biosynthesis of hybrid peptide-polyketide antibiotics","NCI","7160529",5R01CA094426-10,5,R01,CA,094426,10,,,"1864110","SHEN, BEN ",Not Applicable,"UNIVERSITY OF WISCONSIN-MADISON", ,2007,291787,
"Biosynthesis of hybrid peptide-polyketide antibiotics","NCI","6999781",5R01CA094426-09,5,R01,CA,094426,09,,,"1864110","SHEN, BEN ",Not Applicable,"UNIVERSITY OF WISCONSIN MADISON", ,2006,300501,
"Biosynthesis of hybrid peptide-polyketide antibiotics","NCI","6839415",5R01CA094426-08,5,R01,CA,094426,08,,,"1864110","SHEN, BEN ",Not Applicable,"UNIVERSITY OF WISCONSIN MADISON", ,2005,307733,
"Biosynthesis of hybrid peptide-polyketide antibiotics","NCI","6693421",5R01CA094426-07,5,R01,CA,094426,07,,,"1864110","SHEN, BEN ",Not Applicable,"UNIVERSITY OF WISCONSIN MADISON", ,2004,307733,
"Biosynthesis of hybrid peptide-polyketide antibiotics","NCI","6560970",2R01CA094426-06A1,2,R01,CA,094426,06,A1,,"1864110","SHEN, BEN ",Not Applicable,"UNIVERSITY OF WISCONSIN MADISON", ,2003,307733,
"AT-less Type I Polyketide Synthases","NCI","8832575",5R01CA106150-10,5,R01,CA,106150,10,,,"1864110","SHEN, BEN ",Not Applicable,"SCRIPPS FLORIDA", ,2015,384868,
"AT-less Type I Polyketide Synthases","NCI","8633415",5R01CA106150-09,5,R01,CA,106150,09,,,"1864110","SHEN, BEN ",Not Applicable,"SCRIPPS FLORIDA", ,2014,373322,
"AT-less Type I Polyketide Synthases","NCI","8446450",5R01CA106150-08,5,R01,CA,106150,08,,,"1864110","SHEN, BEN ",Not Applicable,"SCRIPPS FLORIDA", ,2013,361776,
"AT-less Type I Polyketide Synthases","NCI","8269826",5R01CA106150-07,5,R01,CA,106150,07,,,"1864110","SHEN, BEN ",Not Applicable,"SCRIPPS FLORIDA", ,2012,384868,
"AT-less Type I Polyketide Synthases","NCI","7986451",2R01CA106150-06,2,R01,CA,106150,06,,,"1864110","SHEN, BEN ",Not Applicable,"SCRIPPS FLORIDA", ,2011,384868,
"AT-less Type I Polyketide Synthases","NCI","7393124",5R01CA106150-05,5,R01,CA,106150,05,,,"1864110","SHEN, BEN ",Not Applicable,"UNIVERSITY OF WISCONSIN-MADISON", ,2008,281051,
"AT-less Type I Polyketide Synthases","NCI","7227087",5R01CA106150-04,5,R01,CA,106150,04,,,"1864110","SHEN, BEN ",Not Applicable,"UNIVERSITY OF WISCONSIN-MADISON", ,2007,281102,
"'AT-less' Type I Polyketide Synthases","NCI","7053378",5R01CA106150-03,5,R01,CA,106150,03,,,"1864110","SHEN, BEN ",Not Applicable,"UNIVERSITY OF WISCONSIN MADISON", ,2006,289548,
"'AT-less' Type I Polyketide Synthases","NCI","6891055",5R01CA106150-02,5,R01,CA,106150,02,,,"1864110","SHEN, BEN ",Not Applicable,"UNIVERSITY OF WISCONSIN MADISON", ,2005,296568,
"'AT-less' Type I Polyketide Synthases","NCI","6710530",1R01CA106150-01,1,R01,CA,106150,01,,,"1864110","SHEN, BEN ",Not Applicable,"UNIVERSITY OF WISCONSIN MADISON", ,2004,296617,
"Diversifying Natural Products via Combinatorial Biosynthesis Methods","NCI","7846135",5U19CA113297-05,5,U19,CA,113297,05,,0001,"1864110","SHEN, BEN ",Not Applicable,"UNIVERSITY OF WISCONSIN-MADISON", ,2009,,279516
"UWCCC National Cooperative Drug Discovery Group for Can*","NCI","7691792",5U19CA113297-05,5,U19,CA,113297,05,,,"1864110","SHEN, BEN ",Not Applicable,"UNIVERSITY OF WISCONSIN-MADISON", ,2009,1038617,
"UWCCC National Cooperative Drug Discovery Group for Can*","NCI","7693169",3U19CA113297-04S1,3,U19,CA,113297,04,S1,,"1864110","SHEN, BEN ",Not Applicable,"UNIVERSITY OF WISCONSIN-MADISON", ,2008,25000,
"Diversifying Natural Products via Combinatorial Biosynthesis Methods","NCI","7691787",5U19CA113297-04,5,U19,CA,113297,04,,0001,"1864110","SHEN, BEN ",Not Applicable,"UNIVERSITY OF WISCONSIN-MADISON", ,2008,,274657
"UWCCC National Cooperative Drug Discovery Group for Can*","NCI","7413672",5U19CA113297-04,5,U19,CA,113297,04,,,"1864110","SHEN, BEN ",Not Applicable,"UNIVERSITY OF WISCONSIN-MADISON", ,2008,1044616,
"Diversifying Natural Products via Combinatorial Biosynthesis Methods","NCI","7546141",5U19CA113297-03,5,U19,CA,113297,03,,0001,"1864110","SHEN, BEN ",Not Applicable,"UNIVERSITY OF WISCONSIN-MADISON", ,2007,,275075
"UWCCC National Cooperative Drug Discovery Group for Can*","NCI","7233190",5U19CA113297-03,5,U19,CA,113297,03,,,"1864110","SHEN, BEN ",Not Applicable,"UNIVERSITY OF WISCONSIN-MADISON", ,2007,1052474,
"Diversifying Natural Products via Combinatorial Biosynthesis Methods","NCI","7546136",5U19CA113297-02,5,U19,CA,113297,02,,0001,"1864110","SHEN, BEN ",Not Applicable,"UNIVERSITY OF WISCONSIN MADISON", ,2006,,180209
"UWCCC National Cooperative Drug Discovery Group for Can*","NCI","7082796",5U19CA113297-02,5,U19,CA,113297,02,,,"1864110","SHEN, BEN ",Not Applicable,"UNIVERSITY OF WISCONSIN MADISON", ,2006,1101149,
"Diversifying Natural Products via Combinatorial Biosynthesis Methods","NCI","6934155",1U19CA113297-01,1,U19,CA,113297,01,,0001,"1864110","SHEN, BEN ",Not Applicable,"UNIVERSITY OF WISCONSIN MADISON", ,2005,,210381
"UWCCC National Cooperative Drug Discovery Group for Cancer","NCI","6896700",1U19CA113297-01,1,U19,CA,113297,01,,,"1864110","SHEN, BEN ",Not Applicable,"UNIVERSITY OF WISCONSIN MADISON", ,2005,1106244,
"7th US-Japan Seminar on Biosyntyhesis of Natural Products   6/22-26/2008","NIGMS","7541266",1R13GM085979-01,1,R13,GM,085979,01,,,"1864110","SHEN, BEN ",Not Applicable,"UNIVERSITY OF WISCONSIN-MADISON", ,2008,9000,
"Natural Products from Under-explored Microorganisms","NIGMS","8279187",5P41GM086184-03,5,P41,GM,086184,03,,,"1864110","SHEN, BEN ",Not Applicable,"SCRIPPS FLORIDA", ,2012,371195,
"Natural Products from Under-explored Microorganisms","NIGMS","8066411",7P41GM086184-02,7,P41,GM,086184,02,,,"1864110","SHEN, BEN ",Not Applicable,"SCRIPPS FLORIDA", ,2011,371195,
"Natural Products from Under-explored Microorganisms","NIGMS","7758428",1P41GM086184-01A1,1,P41,GM,086184,01,A1,,"1864110","SHEN, BEN ",Not Applicable,"UNIVERSITY OF WISCONSIN-MADISON", ,2010,371195,
"Discovery and biosynthesis of diterpenoid natural products in actinomycetals","NIGMS","9030187",1R01GM114353-01A1,1,R01,GM,114353,01,A1,,"1864110","SHEN, BEN ",Not Applicable,"SCRIPPS FLORIDA", ,2016,458880,
"Genome Mining for Enediyne Natural Products from Actinomycetals","NIGMS","9106092",1R01GM115575-01A1,1,R01,GM,115575,01,A1,,"1864110","SHEN, BEN ",Not Applicable,"SCRIPPS FLORIDA", ,2016,480002,

