----------------------------------------------------------------------------------Search Criteria:  Search in: Projects 		AdminIC: All; Principal Investigator / Project Leader: HOGAN; BRIGID; Fiscal Year: 2016; 2015; 2014; 2013; 2012; 2011; 2010; 2009; 2008; 2007; 2006; 2005; 2004; 2003; 2002; 2001; 2000; 1999; 1998; 1997; 1996 ----------------------------------------------------------------------------------Project Title,Administering  IC,Application ID,Project Number,Type,Activity,IC,Serial Number,Support Year,Suffix,Subproject Number ,Contact PI  Person ID,Contact PI / Project Leader,Other PI or Project Leader(s),Organization Name,ARRA Indicator,FY,FY Total Cost ,FY Total Cost  (Sub Projects),
"TRANSGENIC AND KNOCKOUT MOUSE","NCI","7764705",5P30CA014236-35,5,P30,CA,014236,35,,9005,"1863125","HOGAN, BRIGID L.M.",Not Applicable,"DUKE UNIVERSITY", ,2009,,334717
"TRANSGENIC AND KNOCKOUT MOUSE","NCI","7726660",5P30CA014236-34,5,P30,CA,014236,34,,9005,"1863125","HOGAN, BRIGID L.M.",Not Applicable,"DUKE UNIVERSITY", ,2008,,228022
"TRANSGENIC AND KNOCKOUT MOUSE","NCI","7726622",5P30CA014236-33,5,P30,CA,014236,33,,9005,"1863125","HOGAN, BRIGID L.M.",Not Applicable,"DUKE UNIVERSITY", ,2007,,221842
"TRANSGENIC AND KNOCKOUT MOUSE","NCI","7726584",5P30CA014236-32,5,P30,CA,014236,32,,9005,"1863125","HOGAN, BRIGID L.M.",Not Applicable,"DUKE UNIVERSITY", ,2006,,215841
"TRANSGENIC AND KNOCKOUT MOUSE","NCI","7130825",2P30CA014236-31,2,P30,CA,014236,31,,9005,"1863125","HOGAN, BRIGID L.M.",Not Applicable,"DUKE UNIVERSITY", ,2005,,210016
"ROLE OF TGF-BETA RELATED GENES IN REGULATING NORMAL EMBRYONIC DEVELOPMENT","NCI","6237034",2P01CA048799-08,2,P01,CA,048799,08,,0004,"6495999","HOGAN, BRIGID L.M.",Not Applicable,"VANDERBILT UNIVERSITY", ,1997,,130191
"ROLE OF TGF-BETA RELATED GENES IN REGULATING NORMAL EMBRYONIC DEVELOPMENT","NCI","5207545",5P01CA048799-07,5,P01,CA,048799,07,,0004,"6495999","HOGAN, BRIGID L.M.",Not Applicable,"", ,1996,,,,,
"TRAINING PROGRAM IN DEVELOPMENTAL BIOLOGY","NICHD","6125516",5T32HD007502-04,5,T32,HD,007502,04,,,"1863125","HOGAN, BRIGID L.M.",Not Applicable,"VANDERBILT UNIVERSITY", ,2000,113123,
"TRAINING PROGRAM IN DEVELOPMENTAL BIOLOGY","NICHD","2838709",5T32HD007502-03,5,T32,HD,007502,03,,,"1863125","HOGAN, BRIGID L.M.",Not Applicable,"VANDERBILT UNIVERSITY", ,1999,190987,
"TRAINING PROGRAM IN DEVELOPMENTAL BIOLOGY","NICHD","2609047",5T32HD007502-02,5,T32,HD,007502,02,,,"1863125","HOGAN, BRIGID L.M.",Not Applicable,"VANDERBILT UNIVERSITY", ,1998,175154,
"TRAINING PROGRAM IN DEVELOPMENTAL BIOLOGY","NICHD","2024771",1T32HD007502-01,1,T32,HD,007502,01,,,"1863125","HOGAN, BRIGID L.M.",Not Applicable,"VANDERBILT UNIVERSITY", ,1997,173793,
"SIGNALING PROTEINS IN LUNG BRANCHING MORPHOGENESIS","NICHD","6476774",5R01HD028955-10,5,R01,HD,028955,10,,,"1863125","HOGAN, BRIGID L.M.",Not Applicable,"VANDERBILT UNIVERSITY", ,2002,234302,
"SIGNALING PROTEINS IN LUNG BRANCHING MORPHOGENESIS","NICHD","6329906",5R01HD028955-09,5,R01,HD,028955,09,,,"1863125","HOGAN, BRIGID L.M.",Not Applicable,"VANDERBILT UNIVERSITY", ,2001,227477,
"SIGNALING PROTEINS IN LUNG BRANCHING MORPHOGENESIS","NICHD","6125617",5R01HD028955-08,5,R01,HD,028955,08,,,"1863125","HOGAN, BRIGID L.M.",Not Applicable,"VANDERBILT UNIVERSITY", ,2000,220851,
"SIGNALING PROTEINS IN LUNG BRANCHING MORPHOGENESIS","NICHD","2838769",5R01HD028955-07,5,R01,HD,028955,07,,,"1863125","HOGAN, BRIGID L.M.",Not Applicable,"VANDERBILT UNIVERSITY", ,1999,214419,
"SIGNALING PROTEINS IN LUNG BRANCHING MORPHOGENESIS","NICHD","2461568",2R01HD028955-06A1,2,R01,HD,028955,06,A1,,"1863125","HOGAN, BRIGID L.M.",Not Applicable,"VANDERBILT UNIVERSITY", ,1998,208974,
"ROLE OF BMP-4 IN MAMMALIAN DEVELOPMENT","NICHD","2201445",5R01HD028955-05,5,R01,HD,028955,05,,,"1863125","HOGAN, BRIGID L.M.",Not Applicable,"VANDERBILT UNIVERSITY", ,1996,214395,
"GORDON CONFERENCE ON BASEMENT MEMBRANES","NHLBI","2234273",1R13HL055658-01,1,R13,HL,055658,01,,,"1863125","HOGAN, BRIGID L.M.",Not Applicable,"GORDON RESEARCH CONFERENCES", ,1996,16000,
"Forkhead genes in mammalian cardiovascular development","NHLBI","7053321",5P01HL067105-05,5,P01,HL,067105,05,,0004,"1863125","HOGAN, BRIGID L.M.",Not Applicable,"VANDERBILT UNIVERSITY", ,2005,,346026
"Forkhead genes in mammalian cardiovascular development","NHLBI","6893311",5P01HL067105-04,5,P01,HL,067105,04,,0004,"1863125","HOGAN, BRIGID L.M.",Not Applicable,"VANDERBILT UNIVERSITY", ,2004,,335948
"Progenitor Cells in Lung Development and Repair","NHLBI","9024602",4R37HL071303-24,4,R37,HL,071303,24,,,"1863125","HOGAN, BRIGID L.M.",Not Applicable,"DUKE UNIVERSITY", ,2016,422338,
"Progenitor Cells in Lung Development and Repair","NHLBI","8812898",5R37HL071303-23,5,R37,HL,071303,23,,,"1863125","HOGAN, BRIGID L.M.",Not Applicable,"DUKE UNIVERSITY", ,2015,416001,
"Progenitor Cells in Lung Development and Repair","NHLBI","8643818",5R37HL071303-22,5,R37,HL,071303,22,,,"1863125","HOGAN, BRIGID L.M.",Not Applicable,"DUKE UNIVERSITY", ,2014,413892,
"Progenitor Cells in Lung Development and Repair","NHLBI","8463730",4R37HL071303-21,4,R37,HL,071303,21,,,"1863125","HOGAN, BRIGID L.M.",Not Applicable,"DUKE UNIVERSITY", ,2013,434068,
"Progenitor Cells in Lung Development and Repair","NHLBI","8230572",5R37HL071303-20,5,R37,HL,071303,20,,,"1863125","HOGAN, BRIGID L.M.",Not Applicable,"DUKE UNIVERSITY", ,2012,386100,
"Progenitor Cells in Lung Development and Repair","NHLBI","8033764",5R37HL071303-19,5,R37,HL,071303,19,,,"1863125","HOGAN, BRIGID L.M.",Not Applicable,"DUKE UNIVERSITY", ,2011,390000,
"Progenitor Cells in Lung Development and Repair","NHLBI","7775014",5R37HL071303-18,5,R37,HL,071303,18,,,"1863125","HOGAN, BRIGID L.M.",Not Applicable,"DUKE UNIVERSITY", ,2010,390000,
"Progenitor Cells in Lung Development and Repair","NHLBI","7588781",5R37HL071303-17,5,R37,HL,071303,17,,,"1863125","HOGAN, BRIGID L.M.",Not Applicable,"DUKE UNIVERSITY", ,2009,390000,
"Progenitor Cells in Lung Development and Repair","NHLBI","7456820",2R37HL071303-16,2,R37,HL,071303,16,,,"1863125","HOGAN, BRIGID L.M.",Not Applicable,"DUKE UNIVERSITY", ,2008,390000,
"Generation of Cell Diversity in Mouse Lung Development","NHLBI","7193430",5R01HL071303-15,5,R01,HL,071303,15,,,"1863125","HOGAN, BRIGID L.M.",Not Applicable,"DUKE UNIVERSITY", ,2007,365049,
"Generation of Cell Diversity in Mouse Lung Development","NHLBI","7019966",5R01HL071303-14,5,R01,HL,071303,14,,,"1863125","HOGAN, BRIGID L.M.",Not Applicable,"DUKE UNIVERSITY", ,2006,375953,
"Generation of Cell Diversity in Mouse Lung Development","NHLBI","6860979",5R01HL071303-13,5,R01,HL,071303,13,,,"1863125","HOGAN, BRIGID L.M.",Not Applicable,"DUKE UNIVERSITY", ,2005,385000,
"Generation of Cell Diversity in Mouse Lung Development","NHLBI","6744390",5R01HL071303-12,5,R01,HL,071303,12,,,"1863125","HOGAN, BRIGID L.M.",Not Applicable,"DUKE UNIVERSITY", ,2004,385000,
"Generation of Cell Diversity in Mouse Lung Development","NHLBI","6541971",9R01HL071303-11,9,R01,HL,071303,11,,,"1863125","HOGAN, BRIGID L.M.",Not Applicable,"DUKE UNIVERSITY", ,2003,385000,
"BMP Signaling in Lung Development and Postnatal Repair","NHLBI","7367038",5R01HL080517-04,5,R01,HL,080517,04,,,"1863125","HOGAN, BRIGID L.M.",Not Applicable,"DUKE UNIVERSITY", ,2008,365049,
"BMP Signaling in Lung Development and Postnatal Repair","NHLBI","7193419",5R01HL080517-03,5,R01,HL,080517,03,,,"1863125","HOGAN, BRIGID L.M.",Not Applicable,"DUKE UNIVERSITY", ,2007,365049,
"BMP Signaling in Lung Development and Postnatal Repair","NHLBI","7022911",5R01HL080517-02,5,R01,HL,080517,02,,,"1863125","HOGAN, BRIGID L.M.",Not Applicable,"DUKE UNIVERSITY", ,2006,375953,
"BMP Signaling in Lung Development and Postnatal Repair","NHLBI","6908520",1R01HL080517-01,1,R01,HL,080517,01,,,"1863125","HOGAN, BRIGID L.M.",Not Applicable,"DUKE UNIVERSITY", ,2005,385000,
"An Integrated Approach to Airway Epithelial Repair and Regeneration","NHLBI","8978317",4U01HL111018-05,4,U01,HL,111018,05,,,"1863125","HOGAN, BRIGID L.M. ","RANDELL, SCOTT H;STRIPP, BARRY R","DUKE UNIVERSITY", ,2016,660799,
"An Integrated Approach to Airway Epithelial Repair and Regeneration","NHLBI","8786593",5U01HL111018-04,5,U01,HL,111018,04,,,"1863125","HOGAN, BRIGID L.M. ","RANDELL, SCOTT H;STRIPP, BARRY R","DUKE UNIVERSITY", ,2015,657180,
"An Integrated Approach to Airway Epithelial Repair and Regeneration","NHLBI","8598930",5U01HL111018-03,5,U01,HL,111018,03,,,"1863125","HOGAN, BRIGID L.M. ","RANDELL, SCOTT H;STRIPP, BARRY R","DUKE UNIVERSITY", ,2014,648187,
"An Integrated Approach to Airway Epithelial Repair and Regeneration","NHLBI","8403689",5U01HL111018-02,5,U01,HL,111018,02,,,"1863125","HOGAN, BRIGID L.M. ","RANDELL, SCOTT H;STRIPP, BARRY R","DUKE UNIVERSITY", ,2013,646359,
"An Integrated Approach to Airway Epithelial Repair and Regeneration","NHLBI","8223930",1U01HL111018-01,1,U01,HL,111018,01,,,"1863125","HOGAN, BRIGID L.M. ","RANDELL, SCOTT H;STRIPP, BARRY R","DUKE UNIVERSITY", ,2012,707700,
"CONTROL OF CORNEAL ENDOTHELIUM DEVELOPMENT IN THE MOUSE","FIC","6395008",5R03TW001392-02,5,R03,TW,001392,02,,,"1863125","HOGAN, BRIGID L.M.",Not Applicable,"VANDERBILT UNIVERSITY", ,2001,32000,
"CONTROL OF CORNEAL ENDOTHELIUM DEVELOPMENT IN THE MOUSE","FIC","6199408",1R03TW001392-01,1,R03,TW,001392,01,,,"1863125","HOGAN, BRIGID L.M.",Not Applicable,"VANDERBILT UNIVERSITY", ,2000,40320,
"Interdisciplinary Training Program in Lung Disease","NHLBI","8099429",5T32HL007538-28,5,T32,HL,007538,28,,,"1895798","NOBLE, PAUL WESLEY ","HOGAN, BRIGID L.M.","DUKE UNIVERSITY", ,2011,446418,
"Interdisciplinary Training Program in Lung Disease","NHLBI","9042402",5T32HL007538-32,5,T32,HL,007538,32,,,"1898073","PIANTADOSI, CLAUDE A ","HOGAN, BRIGID L.M.","DUKE UNIVERSITY", ,2016,444817,
"Interdisciplinary Training Program in Lung Disease","NHLBI","8793599",2T32HL007538-31A1,2,T32,HL,007538,31,A1,,"1898073","PIANTADOSI, CLAUDE A ","HOGAN, BRIGID L.M.","DUKE UNIVERSITY", ,2015,431456,
"Interdisciplinary Training Program in Lung Disease","NHLBI","8502278",5T32HL007538-30,5,T32,HL,007538,30,,,"1898073","PIANTADOSI, CLAUDE A ","HOGAN, BRIGID L.M.","DUKE UNIVERSITY", ,2013,349721,
"Interdisciplinary Training Program in Lung Disease","NHLBI","8287566",5T32HL007538-29,5,T32,HL,007538,29,,,"1898073","PIANTADOSI, CLAUDE A ","HOGAN, BRIGID L.M.","DUKE UNIVERSITY", ,2012,528909,

