----------------------------------------------------------------------------------Search Criteria:  Search in: Projects 		AdminIC: All; Principal Investigator / Project Leader: BOWERMAN; BRUCE A; Fiscal Year: 2016; 2015; 2014; 2013; 2012; 2011; 2010; 2009; 2008; 2007; 2006; 2005; 2004; 2003; 2002; 2001; 2000; 1999; 1998; 1997; 1996 ----------------------------------------------------------------------------------Project Title,Administering  IC,Application ID,Project Number,Type,Activity,IC,Serial Number,Support Year,Suffix,Subproject Number ,Contact PI  Person ID,Contact PI / Project Leader,Other PI or Project Leader(s),Organization Name,ARRA Indicator,FY,FY Total Cost ,FY Total Cost  (Sub Projects),
"Mitotic Spindle Assembly & Function in C. elegans","NIGMS","9175879",2R01GM049869-22,2,R01,GM,049869,22,,,"1893750","BOWERMAN, BRUCE A.",Not Applicable,"UNIVERSITY OF OREGON", ,2016,458786,
"Mitotic Spindle Assembly and Function in C. elegans","NIGMS","8895344",7R01GM049869-21,7,R01,GM,049869,21,,,"1893750","BOWERMAN, BRUCE A.",Not Applicable,"UNIVERSITY OF OREGON", ,2015,448113,
"Mitotic Spindle Assembly and Function in C. elegans","NIGMS","8706158",5R01GM049869-20,5,R01,GM,049869,20,,,"1893750","BOWERMAN, BRUCE A.",Not Applicable,"UNIVERSITY OF OREGON", ,2014,448591,
"Mitotic Spindle Assembly and Function in C. elegans","NIGMS","8564106",3R01GM049869-19S1,3,R01,GM,049869,19,S1,,"1893750","BOWERMAN, BRUCE A.",Not Applicable,"UNIVERSITY OF OREGON", ,2013,99688,
"Mitotic Spindle Assembly and Function in C. elegans","NIGMS","8508268",5R01GM049869-19,5,R01,GM,049869,19,,,"1893750","BOWERMAN, BRUCE A.",Not Applicable,"UNIVERSITY OF OREGON", ,2013,328378,
"Mitotic Spindle Assembly and Function in C. elegans","NIGMS","8370734",2R01GM049869-18,2,R01,GM,049869,18,,,"1893750","BOWERMAN, BRUCE A.",Not Applicable,"UNIVERSITY OF OREGON", ,2012,340706,
"Mitotic Spindle Assembly and Function in C. elegans","NIGMS","7916338",5R01GM049869-17,5,R01,GM,049869,17,,,"1893750","BOWERMAN, BRUCE A.",Not Applicable,"UNIVERSITY OF OREGON", ,2010,326042,
"Mitotic Spindle Assembly and Function in C. elegans","NIGMS","7682853",5R01GM049869-16,5,R01,GM,049869,16,,,"1893750","BOWERMAN, BRUCE A.",Not Applicable,"UNIVERSITY OF OREGON", ,2009,330058,
"Mitotic Spindle Assembly and Function in C. elegans","NIGMS","7501460",5R01GM049869-15,5,R01,GM,049869,15,,,"1893750","BOWERMAN, BRUCE A.",Not Applicable,"UNIVERSITY OF OREGON", ,2008,289897,
"Mitotic Spindle Assembly and Function in C. elegans","NIGMS","7368411",2R01GM049869-14A1,2,R01,GM,049869,14,A1,,"1893750","BOWERMAN, BRUCE A.",Not Applicable,"UNIVERSITY OF OREGON", ,2007,331367,
"Determination of Blastomere Fate in C.elegans Embyros","NIGMS","7034470",5R01GM049869-13,5,R01,GM,049869,13,,,"1893750","BOWERMAN, BRUCE A.",Not Applicable,"UNIVERSITY OF OREGON", ,2006,402209,
"Determination of Blastomere Fate in C.elegans Embyros","NIGMS","7076983",3R01GM049869-12S1,3,R01,GM,049869,12,S1,,"1893750","BOWERMAN, BRUCE A.",Not Applicable,"UNIVERSITY OF OREGON", ,2005,124394,
"Determination of Blastomere Fate in C.elegans Embyros","NIGMS","6877734",5R01GM049869-12,5,R01,GM,049869,12,,,"1893750","BOWERMAN, BRUCE A.",Not Applicable,"UNIVERSITY OF OREGON", ,2005,284916,
"Determination of Blastomere Fate in C.elegans Embyros","NIGMS","6733530",5R01GM049869-11,5,R01,GM,049869,11,,,"1893750","BOWERMAN, BRUCE A.",Not Applicable,"UNIVERSITY OF OREGON", ,2004,285577,
"Determination of Blastomere Fate in C.elegans Embyros","NIGMS","6618577",2R01GM049869-10,2,R01,GM,049869,10,,,"1893750","BOWERMAN, BRUCE A.",Not Applicable,"UNIVERSITY OF OREGON", ,2003,286195,
"DETERMINATION OF BLASTOMERE FATE IN C ELEGANS EMBRYOS","NIGMS","6519553",5R01GM049869-09,5,R01,GM,049869,09,,,"1893750","BOWERMAN, BRUCE A.",Not Applicable,"UNIVERSITY OF OREGON", ,2002,238609,
"DETERMINATION OF BLASTOMERE FATE IN C ELEGANS EMBRYOS","NIGMS","6385836",5R01GM049869-08,5,R01,GM,049869,08,,,"1893750","BOWERMAN, BRUCE A.",Not Applicable,"UNIVERSITY OF OREGON", ,2001,231894,
"DETERMINATION OF BLASTOMERE FATE IN C ELEGANS EMBRYOS","NIGMS","6179641",5R01GM049869-07,5,R01,GM,049869,07,,,"1893750","BOWERMAN, BRUCE A.",Not Applicable,"UNIVERSITY OF OREGON", ,2000,225375,
"DETERMINATION OF BLASTOMERE FATE IN C ELEGANS EMBRYOS","NIGMS","2850047",2R01GM049869-06,2,R01,GM,049869,06,,,"1893750","BOWERMAN, BRUCE A.",Not Applicable,"UNIVERSITY OF OREGON", ,1999,263295,
"DETERMINATION OF BLASTOMERE FATE IN C ELEGANS EMBRYOS","NIGMS","2701598",5R01GM049869-05,5,R01,GM,049869,05,,,"1893750","BOWERMAN, BRUCE A.",Not Applicable,"UNIVERSITY OF OREGON", ,1998,242749,
"DETERMINATION OF BLASTOMERE FATE IN C ELEGANS EMBRYOS","NIGMS","2415210",5R01GM049869-04,5,R01,GM,049869,04,,,"1893750","BOWERMAN, BRUCE A.",Not Applicable,"UNIVERSITY OF OREGON", ,1997,232277,
"DETERMINATION OF BLASTOMERE FATE IN C ELEGANS EMBRYOS","NIGMS","2187424",5R01GM049869-03,5,R01,GM,049869,03,,,"1893750","BOWERMAN, BRUCE A.",Not Applicable,"UNIVERSITY OF OREGON", ,1996,224603,
"Cytokinesis and the Cytoskeleton in C. elegans Embryos","NIGMS","7807930",5R01GM058017-12,5,R01,GM,058017,12,,,"1893750","BOWERMAN, BRUCE A.",Not Applicable,"UNIVERSITY OF OREGON", ,2010,324572,
"Cytokinesis and the Cytoskeleton in C. elegans Embryos","NIGMS","8002526",3R01GM058017-11S1,3,R01,GM,058017,11,S1,,"1893750","BOWERMAN, BRUCE A.",Not Applicable,"UNIVERSITY OF OREGON",YES,2010,177000,
"Cytokinesis and the Cytoskeleton in C. elegans Embryos","NIGMS","7618694",5R01GM058017-11,5,R01,GM,058017,11,,,"1893750","BOWERMAN, BRUCE A.",Not Applicable,"UNIVERSITY OF OREGON", ,2009,325782,
"Cytokinesis and the Cytoskeleton in C. elegans Embryos","NIGMS","7414604",5R01GM058017-10,5,R01,GM,058017,10,,,"1893750","BOWERMAN, BRUCE A.",Not Applicable,"UNIVERSITY OF OREGON", ,2008,326255,
"Cytokinesis and the Cytoskeleton in C. elegans Embryos","NIGMS","7148720",2R01GM058017-09,2,R01,GM,058017,09,,,"1893750","BOWERMAN, BRUCE A.",Not Applicable,"UNIVERSITY OF OREGON", ,2007,326696,
"Cytokinesis and the Cytoskeleton in C. elegans Embryos","NIGMS","7060737",5R01GM058017-08,5,R01,GM,058017,08,,,"1893750","BOWERMAN, BRUCE A.",Not Applicable,"UNIVERSITY OF OREGON", ,2006,265885,
"Cytokinesis and the Cytoskeleton in C. elegans Embryos","NIGMS","6891915",5R01GM058017-07,5,R01,GM,058017,07,,,"1893750","BOWERMAN, BRUCE A.",Not Applicable,"UNIVERSITY OF OREGON", ,2005,272503,
"Cytokinesis and the Cytoskeleton in C. elegans Embryos","NIGMS","6741425",5R01GM058017-06,5,R01,GM,058017,06,,,"1893750","BOWERMAN, BRUCE A.",Not Applicable,"UNIVERSITY OF OREGON", ,2004,272709,
"Cytokinesis and the Cytoskeleton in C. elegans Embryos","NIGMS","6613555",2R01GM058017-05,2,R01,GM,058017,05,,,"1893750","BOWERMAN, BRUCE A.",Not Applicable,"UNIVERSITY OF OREGON", ,2003,272902,
"CYTOKINESIS AND CELL POLARITY IN C ELEGANS EMBRYOS","NIGMS","6519912",5R01GM058017-04,5,R01,GM,058017,04,,,"1893750","BOWERMAN, BRUCE A.",Not Applicable,"UNIVERSITY OF OREGON", ,2002,205946,
"CYTOKINESIS AND CELL POLARITY IN C ELEGANS EMBRYOS","NIGMS","6386970",5R01GM058017-03,5,R01,GM,058017,03,,,"1893750","BOWERMAN, BRUCE A.",Not Applicable,"UNIVERSITY OF OREGON", ,2001,200035,
"CYTOKINESIS AND CELL POLARITY IN C ELEGANS EMBRYOS","NIGMS","6181257",5R01GM058017-02,5,R01,GM,058017,02,,,"1893750","BOWERMAN, BRUCE A.",Not Applicable,"UNIVERSITY OF OREGON", ,2000,194297,
"CYTOKINESIS AND CELL POLARITY IN C ELEGANS EMBRYOS","NIGMS","2853631",1R01GM058017-01A1,1,R01,GM,058017,01,A1,,"1893750","BOWERMAN, BRUCE A.",Not Applicable,"UNIVERSITY OF OREGON", ,1999,244127,
"Gene networks specifying cell lineages in a polychaete","NIGMS","7262470",5R24GM071478-04,5,R24,GM,071478,04,,,"1893750","BOWERMAN, BRUCE A.",Not Applicable,"UNIVERSITY OF OREGON", ,2007,275092,
"Gene networks specifying cell lineages in a polychaete","NIGMS","7098739",5R24GM071478-03,5,R24,GM,071478,03,,,"1893750","BOWERMAN, BRUCE A.",Not Applicable,"UNIVERSITY OF OREGON", ,2006,275056,
"Gene networks specifying cell lineages in a polychaete","NIGMS","6929012",5R24GM071478-02,5,R24,GM,071478,02,,,"1893750","BOWERMAN, BRUCE A.",Not Applicable,"UNIVERSITY OF OREGON", ,2005,273470,
"Gene networks specifying cell lineages in a polychaete","NIGMS","6808737",1R24GM071478-01,1,R24,GM,071478,01,,,"1893750","BOWERMAN, BRUCE A.",Not Applicable,"UNIVERSITY OF OREGON", ,2004,317801,
"Systems Analysis of Conditional C. elegans Mutants with Late Embryonic Defects","NIGMS","9023579",7R01GM114053-02,7,R01,GM,114053,02,,,"1893750","BOWERMAN, BRUCE A.",Not Applicable,"UNIVERSITY OF OREGON", ,2016,323953,
"Systems Analysis of Conditional C. elegans Mutants with Late Embryonic Defects","NIGMS","8858110",1R01GM114053-01,1,R01,GM,114053,01,,,"1893750","BOWERMAN, BRUCE A.",Not Applicable,"UNIVERSITY OF OREGON", ,2015,325197,
"High Throughput Cloning of Mutant C. elegans Loci","NHGRI","8432802",5R21HG006540-02,5,R21,HG,006540,02,,,"1893750","BOWERMAN, BRUCE A.",Not Applicable,"UNIVERSITY OF OREGON", ,2013,181250,
"High Throughput Cloning of Mutant C. elegans Loci","NHGRI","8224249",1R21HG006540-01,1,R21,HG,006540,01,,,"1893750","BOWERMAN, BRUCE A.",Not Applicable,"UNIVERSITY OF OREGON", ,2012,215250,

