----------------------------------------------------------------------------------Search Criteria:  Search in: Projects 		AdminIC: All; Principal Investigator / Project Leader: ASKWITH; CANDICE C; Fiscal Year: 2016; 2015; 2014; 2013; 2012; 2011; 2010; 2009; 2008; 2007; 2006; 2005; 2004; 2003; 2002; 2001; 2000; 1999; 1998; 1997; 1996 ----------------------------------------------------------------------------------Project Title,Administering  IC,Application ID,Project Number,Type,Activity,IC,Serial Number,Support Year,Suffix,Subproject Number ,Contact PI  Person ID,Contact PI / Project Leader,Other PI or Project Leader(s),Organization Name,ARRA Indicator,FY,FY Total Cost ,FY Total Cost  (Sub Projects),
"Ohio State University DISCOVERY PREP for Biomedical Research","NIGMS","8998738",2R25GM089571-05,2,R25,GM,089571,05,,,"1880620","ASKWITH, CANDICE C",Not Applicable,"OHIO STATE UNIVERSITY", ,2016,293170,
"Neuropeptide Modulation of ASICs","NINDS","8281363",5R01NS062967-05,5,R01,NS,062967,05,,,"1880620","ASKWITH, CANDICE C",Not Applicable,"OHIO STATE UNIVERSITY", ,2012,257250,
"Neuropeptide Modulation of ASICs","NINDS","8096674",5R01NS062967-04,5,R01,NS,062967,04,,,"1880620","ASKWITH, CANDICE C",Not Applicable,"OHIO STATE UNIVERSITY", ,2011,257250,
"Neuropeptide Modulation of ASICs","NINDS","7860721",7R01NS062967-03,7,R01,NS,062967,03,,,"1880620","ASKWITH, CANDICE C",Not Applicable,"OHIO STATE UNIVERSITY", ,2010,259875,
"Neuropeptide Modulation of ASICs","NINDS","7644856",5R01NS062967-02,5,R01,NS,062967,02,,,"1880620","ASKWITH, CANDICE C",Not Applicable,"OHIO STATE UNIVERSITY", ,2009,262500,
"Neuropeptide Modulation of ASICs","NINDS","7508433",1R01NS062967-01,1,R01,NS,062967,01,,,"1880620","ASKWITH, CANDICE C",Not Applicable,"OHIO STATE UNIVERSITY", ,2008,262500,

