----------------------------------------------------------------------------------Search Criteria:  Search in: Projects 		AdminIC: All; Principal Investigator / Project Leader: BERTOZZI; CAROLYN; Fiscal Year: 2016; 2015; 2014; 2013; 2012; 2011; 2010; 2009; 2008; 2007; 2006; 2005; 2004; 2003; 2002; 2001; 2000; 1999; 1998; 1997; 1996 ----------------------------------------------------------------------------------Project Title,Administering  IC,Application ID,Project Number,Type,Activity,IC,Serial Number,Support Year,Suffix,Subproject Number ,Contact PI  Person ID,Contact PI / Project Leader,Other PI or Project Leader(s),Organization Name,ARRA Indicator,FY,FY Total Cost ,FY Total Cost  (Sub Projects),
"Chemical Mycobateriology","NIAID","9239865",2R37AI051622-15,2,R37,AI,051622,15,,,"1922998","BERTOZZI, CAROLYN ",Not Applicable,"STANFORD UNIVERSITY", ,2016,541003,
"Dynamics of TB and MDR TB transmission in areas with high HIV prevalence","NIAID","8901890",7R01AI051622-14,7,R01,AI,051622,14,,,"1922998","BERTOZZI, CAROLYN ",Not Applicable,"STANFORD UNIVERSITY", ,2015,439134,
"Chemical Mycobacteriology","NIAID","8720665",5R01AI051622-13,5,R01,AI,051622,13,,,"1922998","BERTOZZI, CAROLYN ",Not Applicable,"UNIVERSITY OF CALIFORNIA BERKELEY", ,2014,439135,
"Chemical Mycobacteriology","NIAID","8521050",5R01AI051622-12,5,R01,AI,051622,12,,,"1922998","BERTOZZI, CAROLYN ",Not Applicable,"UNIVERSITY OF CALIFORNIA BERKELEY", ,2013,412787,
"Chemical Mycobacteriology","NIAID","8306680",5R01AI051622-11,5,R01,AI,051622,11,,,"1922998","BERTOZZI, CAROLYN ",Not Applicable,"UNIVERSITY OF CALIFORNIA BERKELEY", ,2012,439135,
"Chemical Mycobacteriology","NIAID","8194021",2R01AI051622-10,2,R01,AI,051622,10,,,"1922998","BERTOZZI, CAROLYN ",Not Applicable,"UNIVERSITY OF CALIFORNIA BERKELEY", ,2011,557488,
"Mycobacterial Sulfation Pathways","NIAID","7929490",5R01AI051622-09,5,R01,AI,051622,09,,,"1922998","BERTOZZI, CAROLYN ",Not Applicable,"UNIVERSITY OF CALIFORNIA BERKELEY", ,2010,499188,
"Mycobacterial Sulfation Pathways","NIAID","7676768",5R01AI051622-08,5,R01,AI,051622,08,,,"1922998","BERTOZZI, CAROLYN ",Not Applicable,"UNIVERSITY OF CALIFORNIA BERKELEY", ,2009,481897,
"Mycobacterial Sulfation Pathways","NIAID","7798403",3R01AI051622-07S1,3,R01,AI,051622,07,S1,,"1922998","BERTOZZI, CAROLYN ",Not Applicable,"UNIVERSITY OF CALIFORNIA BERKELEY", ,2009,25667,
"Mycobacterial Sulfation Pathways","NIAID","7485835",5R01AI051622-07,5,R01,AI,051622,07,,,"1922998","BERTOZZI, CAROLYN ",Not Applicable,"UNIVERSITY OF CALIFORNIA BERKELEY", ,2008,410946,
"Chemical Glycoproteomics","NCI","9096777",5R01CA200423-14,5,R01,CA,200423,14,,,"1922998","BERTOZZI, CAROLYN ",Not Applicable,"STANFORD UNIVERSITY", ,2016,351178,
"Chemical Glycoproteomics","NCI","8888719",9R01CA200423-13,9,R01,CA,200423,13,,,"1922998","BERTOZZI, CAROLYN ",Not Applicable,"STANFORD UNIVERSITY", ,2015,365056,
"Making glycoproteomics via mass spectrometry more accessible to the greater scientific community","NCI","9165180",1U01CA207702-01,1,U01,CA,207702,01,,,"1922998","BERTOZZI, CAROLYN  ","PITTERI, SHARON ","STANFORD UNIVERSITY", ,2016,604259,
"Revolutionizing the detection of O-GlcNAc","NIDDK","9110322",5R21DK108781-02,5,R21,DK,108781,02,,,"1922998","BERTOZZI, CAROLYN ",Not Applicable,"STANFORD UNIVERSITY", ,2016,305212,
"Revolutionizing the detection of O-GlcNAc","NIDDK","8985338",1R21DK108781-01,1,R21,DK,108781,01,,,"1922998","BERTOZZI, CAROLYN ",Not Applicable,"STANFORD UNIVERSITY", ,2015,305212,
"Metabolic Engineering with Bioorthogonal Chemical Reporters","NIGMS","9066490",5R37GM058867-20,5,R37,GM,058867,20,,,"1922998","BERTOZZI, CAROLYN ",Not Applicable,"STANFORD UNIVERSITY", ,2016,493719,
"Metabolic Engineering with Bioorthogonal Chemical Reporters","NIGMS","9148270",7R37GM058867-19,7,R37,GM,058867,19,,,"1922998","BERTOZZI, CAROLYN ",Not Applicable,"STANFORD UNIVERSITY", ,2015,494209,
"Metabolic Engineering with Bioorthogonal Chemical Reporters","NIGMS","8583049",4R37GM058867-17,4,R37,GM,058867,17,,,"1922998","BERTOZZI, CAROLYN ",Not Applicable,"UNIVERSITY OF CALIFORNIA BERKELEY", ,2014,476376,
"Metabolic Engineering with Bioorthogonal Chemical Reporters","NIGMS","8454495",5R37GM058867-16,5,R37,GM,058867,16,,,"1922998","BERTOZZI, CAROLYN ",Not Applicable,"UNIVERSITY OF CALIFORNIA BERKELEY", ,2013,438378,
"Metabolic Engineering with Bioorthogonal Chemical Reporters","NIGMS","8260316",5R37GM058867-15,5,R37,GM,058867,15,,,"1922998","BERTOZZI, CAROLYN ",Not Applicable,"UNIVERSITY OF CALIFORNIA BERKELEY", ,2012,454284,
"Metabolic Engineering with Bioorthogonal Chemical Reporters","NIGMS","8067068",5R37GM058867-14,5,R37,GM,058867,14,,,"1922998","BERTOZZI, CAROLYN ",Not Applicable,"UNIVERSITY OF CALIFORNIA BERKELEY", ,2011,454286,
"Metabolic Engineering with Bioorthogonal Chemical Reporters","NIGMS","7808050",5R37GM058867-13,5,R37,GM,058867,13,,,"1922998","BERTOZZI, CAROLYN ",Not Applicable,"UNIVERSITY OF CALIFORNIA BERKELEY", ,2010,459051,
"Metabolic Engineering with Bioorthogonal Chemical Reporters","NIGMS","7654649",2R37GM058867-12,2,R37,GM,058867,12,,,"1922998","BERTOZZI, CAROLYN ",Not Applicable,"UNIVERSITY OF CALIFORNIA BERKELEY", ,2009,450123,
"METABOLIC OLIGOSACCHARIDE ENGINEERING","NIGMS","7418691",5R01GM058867-11,5,R01,GM,058867,11,,,"1922998","BERTOZZI, CAROLYN ",Not Applicable,"UNIVERSITY OF CALIFORNIA BERKELEY", ,2008,406887,
"Chemical Cell Surface Engineering","NIGMS","9130185",5R01GM059907-17,5,R01,GM,059907,17,,,"1922998","BERTOZZI, CAROLYN ",Not Applicable,"STANFORD UNIVERSITY", ,2016,428360,
"Chemical Cell Surface Engineering","NIGMS","9173924",7R01GM059907-16,7,R01,GM,059907,16,,,"1922998","BERTOZZI, CAROLYN ",Not Applicable,"STANFORD UNIVERSITY", ,2015,456190,
"Chemical Cell Surface Engineering","NIGMS","8735954",5R01GM059907-14,5,R01,GM,059907,14,,,"1922998","BERTOZZI, CAROLYN ",Not Applicable,"UNIVERSITY OF CALIFORNIA BERKELEY", ,2014,414006,
"Chemical Cell Surface Engineering","NIGMS","8506966",2R01GM059907-13,2,R01,GM,059907,13,,,"1922998","BERTOZZI, CAROLYN ",Not Applicable,"UNIVERSITY OF CALIFORNIA BERKELEY", ,2013,413128,
"Chemical Cell Surface Engineering","NIGMS","8206832",5R01GM059907-12,5,R01,GM,059907,12,,,"1922998","BERTOZZI, CAROLYN ",Not Applicable,"UNIVERSITY OF CALIFORNIA BERKELEY", ,2012,351702,
"Chemical Cell Surface Engineering","NIGMS","8018136",5R01GM059907-11,5,R01,GM,059907,11,,,"1922998","BERTOZZI, CAROLYN ",Not Applicable,"UNIVERSITY OF CALIFORNIA BERKELEY", ,2011,352865,
"Chemical Cell Surface Engineering","NIGMS","8008945",3R01GM059907-10S1,3,R01,GM,059907,10,S1,,"1922998","BERTOZZI, CAROLYN ",Not Applicable,"UNIVERSITY OF CALIFORNIA BERKELEY",YES,2010,354177,
"Chemical Cell Surface Engineering","NIGMS","7758198",5R01GM059907-10,5,R01,GM,059907,10,,,"1922998","BERTOZZI, CAROLYN ",Not Applicable,"UNIVERSITY OF CALIFORNIA BERKELEY", ,2010,357547,
"Chemical Cell Surface Engineering","NIGMS","7584902",2R01GM059907-09,2,R01,GM,059907,09,,,"1922998","BERTOZZI, CAROLYN ",Not Applicable,"UNIVERSITY OF CALIFORNIA BERKELEY", ,2009,361710,
"Studies of Protein Glycosylation","NIGMS","8655161",5R01GM066047-12,5,R01,GM,066047,12,,,"1922998","BERTOZZI, CAROLYN ",Not Applicable,"UNIVERSITY OF CALIFORNIA BERKELEY", ,2014,338782,
"Studies of Protein Glycosylation","NIGMS","8463553",5R01GM066047-11,5,R01,GM,066047,11,,,"1922998","BERTOZZI, CAROLYN ",Not Applicable,"UNIVERSITY OF CALIFORNIA BERKELEY", ,2013,326842,
"Studies of Protein Glycosylation","NIGMS","8328930",5R01GM066047-10,5,R01,GM,066047,10,,,"1922998","BERTOZZI, CAROLYN ",Not Applicable,"UNIVERSITY OF CALIFORNIA BERKELEY", ,2012,338622,
"Studies of Protein Glycosylation","NIGMS","8116089",2R01GM066047-09,2,R01,GM,066047,09,,,"1922998","BERTOZZI, CAROLYN ",Not Applicable,"UNIVERSITY OF CALIFORNIA BERKELEY", ,2011,351922,
"Studies of O-linked Glycosylation","NIGMS","7796761",5R01GM066047-08,5,R01,GM,066047,08,,,"1922998","BERTOZZI, CAROLYN ",Not Applicable,"UNIVERSITY OF CALIFORNIA BERKELEY", ,2010,308691,
"Studies of O-linked Glycosylation","NIGMS","7614244",5R01GM066047-07,5,R01,GM,066047,07,,,"1922998","BERTOZZI, CAROLYN ",Not Applicable,"UNIVERSITY OF CALIFORNIA BERKELEY", ,2009,311809,
"Studies of O-linked Glycosylation","NIGMS","7406097",5R01GM066047-06,5,R01,GM,066047,06,,,"1922998","BERTOZZI, CAROLYN ",Not Applicable,"UNIVERSITY OF CALIFORNIA BERKELEY", ,2008,309389,
"Univ of Calif Berkeley Chemistry-Biology Interface Program","NIGMS","8500339",5T32GM066698-10,5,T32,GM,066698,10,,,"1922998","BERTOZZI, CAROLYN ",Not Applicable,"UNIVERSITY OF CALIFORNIA BERKELEY", ,2013,336342,
"Univ of Calif Berkeley Chemistry-Biology Interface Program","NIGMS","8293419",5T32GM066698-09,5,T32,GM,066698,09,,,"1922998","BERTOZZI, CAROLYN ",Not Applicable,"UNIVERSITY OF CALIFORNIA BERKELEY", ,2012,340796,
"Univ of Calif Berkeley Chemistry-Biology Interface Program","NIGMS","8097584",5T32GM066698-08,5,T32,GM,066698,08,,,"1922998","BERTOZZI, CAROLYN ",Not Applicable,"UNIVERSITY OF CALIFORNIA BERKELEY", ,2011,337064,
"Univ of Calif Berkeley Chemistry-Biology Interface Program","NIGMS","7878639",5T32GM066698-07,5,T32,GM,066698,07,,,"1922998","BERTOZZI, CAROLYN ",Not Applicable,"UNIVERSITY OF CALIFORNIA BERKELEY", ,2010,333435,
"Univ of Calif Berkeley Chemistry-Biology Interface Program","NIGMS","7882913",3T32GM066698-06S1,3,T32,GM,066698,06,S1,,"1922998","BERTOZZI, CAROLYN ",Not Applicable,"UNIVERSITY OF CALIFORNIA BERKELEY",YES,2009,165836,
"Univ of Calif Berkeley Chemistry-Biology Interface Program","NIGMS","7633713",2T32GM066698-06,2,T32,GM,066698,06,,,"1922998","BERTOZZI, CAROLYN ",Not Applicable,"UNIVERSITY OF CALIFORNIA BERKELEY", ,2009,331675,
"UCB Chemistry-Biology Interface Training Program","NIGMS","7454115",5T32GM066698-05,5,T32,GM,066698,05,,,"1922998","BERTOZZI, CAROLYN ",Not Applicable,"UNIVERSITY OF CALIFORNIA BERKELEY", ,2008,217086,
"Stanford Chem-H Chemistry/Biology Interface Predoctoral Training Program","NIGMS","9151519",1T32GM120007-01,1,T32,GM,120007,01,,,"1922998","BERTOZZI, CAROLYN ",Not Applicable,"STANFORD UNIVERSITY", ,2016,184424,
"CHEMICAL BIOLOGY APPROACHES TO STUDY O-GLCNAC IN MAMMALIAN CELLS","NCRR","8363825",5P41RR001614-29,5,P41,RR,001614,29,,7924,"1922998","BERTOZZI, CAROLYN ",Not Applicable,"UNIVERSITY OF CALIFORNIA, SAN FRANCISCO", ,2011,,3330
"CHEMICAL BIOLOGY APPROACHES TO STUDY O-GLCNAC IN MAMMALIAN CELLS","NCRR","8169821",2P41RR001614-28,2,P41,RR,001614,28,,5745,"1922998","BERTOZZI, CAROLYN ",Not Applicable,"UNIVERSITY OF CALIFORNIA, SAN FRANCISCO", ,2010,,3533
"Mycobacterial Sulfation Pathways","NIAID","7280881",5R01AI051622-06,5,R01,AI,051622,06,,,"1922998","BERTOZZI, CAROLYN R",Not Applicable,"UNIVERSITY OF CALIFORNIA BERKELEY", ,2007,408570,
"Mycobacterial Sulfation Pathways","NIAID","7147555",2R01AI051622-05,2,R01,AI,051622,05,,,"1922998","BERTOZZI, CAROLYN R",Not Applicable,"UNIVERSITY OF CALIFORNIA BERKELEY", ,2006,423167,
"Mycobacterial sulfation pathways","NIAID","6879086",5R01AI051622-04,5,R01,AI,051622,04,,,"1922998","BERTOZZI, CAROLYN R",Not Applicable,"UNIVERSITY OF CALIFORNIA BERKELEY", ,2005,338400,
"Mycobacterial sulfation pathways","NIAID","6711671",5R01AI051622-03,5,R01,AI,051622,03,,,"1922998","BERTOZZI, CAROLYN R",Not Applicable,"UNIVERSITY OF CALIFORNIA BERKELEY", ,2004,388764,
"Mycobacterial sulfation pathways","NIAID","6743090",3R01AI051622-02S1,3,R01,AI,051622,02,S1,,"1922998","BERTOZZI, CAROLYN R",Not Applicable,"UNIVERSITY OF CALIFORNIA BERKELEY", ,2003,43096,
"Mycobacterial sulfation pathways","NIAID","6623518",5R01AI051622-02,5,R01,AI,051622,02,,,"1922998","BERTOZZI, CAROLYN R",Not Applicable,"UNIVERSITY OF CALIFORNIA BERKELEY", ,2003,338400,
"Mycobacterial sulfation pathways","NIAID","6466494",1R01AI051622-01,1,R01,AI,051622,01,,,"1922998","BERTOZZI, CAROLYN R",Not Applicable,"UNIVERSITY OF CALIFORNIA BERKELEY", ,2002,338400,
"METABOLIC OLIGOSACCHARIDE ENGINEERING","NIGMS","7228119",5R01GM058867-10,5,R01,GM,058867,10,,,"1922998","BERTOZZI, CAROLYN R",Not Applicable,"UNIVERSITY OF CALIFORNIA BERKELEY", ,2007,406924,
"METABOLIC OLIGOSACCHARIDE ENGINEERING","NIGMS","7053414",5R01GM058867-09,5,R01,GM,058867,09,,,"1922998","BERTOZZI, CAROLYN R",Not Applicable,"UNIVERSITY OF CALIFORNIA BERKELEY", ,2006,406953,
"METABOLIC OLIGOSACCHARIDE ENGINEERING","NIGMS","6930654",2R01GM058867-08,2,R01,GM,058867,08,,,"1922998","BERTOZZI, CAROLYN R",Not Applicable,"UNIVERSITY OF CALIFORNIA BERKELEY", ,2005,404696,
"METABOLIC ENGINEERING OF REACTIVE GLYCOCONJUGATES","NIGMS","6840403",5R01GM058867-07,5,R01,GM,058867,07,,,"1922998","BERTOZZI, CAROLYN R",Not Applicable,"UNIVERSITY OF CALIFORNIA BERKELEY", ,2005,94605,
"METABOLIC ENGINEERING OF REACTIVE GLYCOCONJUGATES","NIGMS","6696935",5R01GM058867-06,5,R01,GM,058867,06,,,"1922998","BERTOZZI, CAROLYN R",Not Applicable,"UNIVERSITY OF CALIFORNIA BERKELEY", ,2004,275634,
"METABOLIC ENGINEERING OF REACTIVE GLYCOCONJUGATES","NIGMS","6627293",5R01GM058867-05,5,R01,GM,058867,05,,,"1922998","BERTOZZI, CAROLYN R",Not Applicable,"UNIVERSITY OF CALIFORNIA BERKELEY", ,2003,267697,
"METABOLIC ENGINEERING OF REACTIVE GLYCOCONJUGATES","NIGMS","6490267",5R01GM058867-04,5,R01,GM,058867,04,,,"1922998","BERTOZZI, CAROLYN R",Not Applicable,"UNIVERSITY OF CALIFORNIA BERKELEY", ,2002,259987,
"METABOLIC ENGINEERING OF REACTIVE GLYCOCONJUGATES","NIGMS","6343067",5R01GM058867-03,5,R01,GM,058867,03,,,"1922998","BERTOZZI, CAROLYN R",Not Applicable,"UNIVERSITY OF CALIFORNIA BERKELEY", ,2001,252499,
"METABOLIC ENGINEERING OF REACTIVE GLYCOCONJUGATES","NIGMS","6138708",5R01GM058867-02,5,R01,GM,058867,02,,,"1922998","BERTOZZI, CAROLYN R",Not Applicable,"UNIVERSITY OF CALIFORNIA BERKELEY", ,2000,245232,
"METABOLIC ENGINEERING OF REACTIVE GLYCOCONJUGATES","NIGMS","2743791",1R01GM058867-01,1,R01,GM,058867,01,,,"1922998","BERTOZZI, CAROLYN R",Not Applicable,"UNIVERSITY OF CALIFORNIA BERKELEY", ,1999,248178,
"Investigations of Golgi Enzymes","NIGMS","7283094",5R01GM059907-08,5,R01,GM,059907,08,,,"1922998","BERTOZZI, CAROLYN R",Not Applicable,"UNIVERSITY OF CALIFORNIA BERKELEY", ,2007,347535,
"Investigations of Golgi Enzymes","NIGMS","7121521",5R01GM059907-07,5,R01,GM,059907,07,,,"1922998","BERTOZZI, CAROLYN R",Not Applicable,"UNIVERSITY OF CALIFORNIA BERKELEY", ,2006,357915,
"Investigations of Golgi Enzymes","NIGMS","6952860",5R01GM059907-06,5,R01,GM,059907,06,,,"1922998","BERTOZZI, CAROLYN R",Not Applicable,"UNIVERSITY OF CALIFORNIA BERKELEY", ,2005,366528,
"'Investigations of Golgi Enzymes'","NIGMS","6880175",2R01GM059907-05A2,2,R01,GM,059907,05,A2,,"1922998","BERTOZZI, CAROLYN R",Not Applicable,"UNIVERSITY OF CALIFORNIA BERKELEY", ,2004,366528,
"CARBOHYDRATE SULFOTRANSFERASES","NIGMS","6526104",5R01GM059907-04,5,R01,GM,059907,04,,,"1922998","BERTOZZI, CAROLYN R",Not Applicable,"UNIVERSITY OF CALIFORNIA BERKELEY", ,2002,363705,
"CARBOHYDRATE SULFOTRANSFERASES","NIGMS","6500603",3R01GM059907-03S1,3,R01,GM,059907,03,S1,,"1922998","BERTOZZI, CAROLYN R",Not Applicable,"UNIVERSITY OF CALIFORNIA BERKELEY", ,2001,35985,
"CARBOHYDRATE SULFOTRANSFERASES","NIGMS","6386608",5R01GM059907-03,5,R01,GM,059907,03,,,"1922998","BERTOZZI, CAROLYN R",Not Applicable,"UNIVERSITY OF CALIFORNIA BERKELEY", ,2001,310903,
"CARBOHYDRATE SULFOTRANSFERASES","NIGMS","6181982",5R01GM059907-02,5,R01,GM,059907,02,,,"1922998","BERTOZZI, CAROLYN R",Not Applicable,"UNIVERSITY OF CALIFORNIA BERKELEY", ,2000,302019,
"CARBOHYDRATE SULFOTRANSFERASES","NIGMS","2893519",1R01GM059907-01,1,R01,GM,059907,01,,,"1922998","BERTOZZI, CAROLYN R",Not Applicable,"UNIVERSITY OF CALIFORNIA BERKELEY", ,1999,307409,
"Studies of O-linked Glycosylation","NIGMS","7207486",2R01GM066047-05,2,R01,GM,066047,05,,,"1922998","BERTOZZI, CAROLYN R",Not Applicable,"UNIVERSITY OF CALIFORNIA BERKELEY", ,2007,311809,
"Studies of O-linked Glycosylation","NIGMS","6929331",5R01GM066047-04,5,R01,GM,066047,04,,,"1922998","BERTOZZI, CAROLYN R",Not Applicable,"UNIVERSITY OF CALIFORNIA BERKELEY", ,2005,299916,
"Studies of O-linked Glycosylation","NIGMS","6793147",5R01GM066047-03,5,R01,GM,066047,03,,,"1922998","BERTOZZI, CAROLYN R",Not Applicable,"UNIVERSITY OF CALIFORNIA BERKELEY", ,2004,313903,
"Studies of O-linked Glycosylation","NIGMS","6607257",5R01GM066047-02,5,R01,GM,066047,02,,,"1922998","BERTOZZI, CAROLYN R",Not Applicable,"UNIVERSITY OF CALIFORNIA BERKELEY", ,2003,313744,
"Studies of O-linked Glycosylation","NIGMS","6748026",3R01GM066047-01S1,3,R01,GM,066047,01,S1,,"1922998","BERTOZZI, CAROLYN R",Not Applicable,"UNIVERSITY OF CALIFORNIA BERKELEY", ,2003,3235,
"Studies of O-linked Glycosylation","NIGMS","6522218",1R01GM066047-01,1,R01,GM,066047,01,,,"1922998","BERTOZZI, CAROLYN R",Not Applicable,"UNIVERSITY OF CALIFORNIA BERKELEY", ,2002,296960,
"UCB Chemistry-Biology Interface Training Program","NIGMS","7257877",5T32GM066698-04,5,T32,GM,066698,04,,,"1922998","BERTOZZI, CAROLYN R",Not Applicable,"UNIVERSITY OF CALIFORNIA BERKELEY", ,2007,240197,
"UCB Chemistry-Biology Interface Training Program","NIGMS","7085335",5T32GM066698-03,5,T32,GM,066698,03,,,"1922998","BERTOZZI, CAROLYN R",Not Applicable,"UNIVERSITY OF CALIFORNIA BERKELEY", ,2006,240197,
"UCB Chemistry-Biology Interface Training Program","NIGMS","6908956",5T32GM066698-02,5,T32,GM,066698,02,,,"1922998","BERTOZZI, CAROLYN R",Not Applicable,"UNIVERSITY OF CALIFORNIA BERKELEY", ,2005,240197,
"UCB Chemistry-Biology Interface Training Program","NIGMS","6748008",1T32GM066698-01A1,1,T32,GM,066698,01,A1,,"1922998","BERTOZZI, CAROLYN R",Not Applicable,"UNIVERSITY OF CALIFORNIA BERKELEY", ,2004,240197,
"SYNTHESIS OF GLYCOCONJUGATES FOR STUDY OF CARBOHYDRATE PROCESSING ENZYMES","NCRR","6308880",5P41RR001614-19,5,P41,RR,001614,19,,0076,"1922998","BERTOZZI, CAROLYN R",Not Applicable,"UNIVERSITY OF CALIFORNIA SAN FRANCISCO", ,2000,,9880
"SYNTHESIS OF GLYCOCONJUGATES FOR STUDY OF CARBOHYDRATE PROCESSING ENZYMES","NCRR","6120255",5P41RR001614-18,5,P41,RR,001614,18,,0063,"1922998","BERTOZZI, CAROLYN R",Not Applicable,"UNIVERSITY OF CALIFORNIA SAN FRANCISCO", ,1999,,1107
"SYNTHESIS OF GLYCOCONJUGATES FOR STUDY OF CARBOHYDRATE PROCESSING ENZYMES","NCRR","6281204",5P41RR001614-17,5,P41,RR,001614,17,,0076,"1922998","BERTOZZI, CAROLYN R",Not Applicable,"UNIVERSITY OF CALIFORNIA SAN FRANCISCO", ,1998,,3126
"SYNTHESIS OF GLYCOCONJUGATES FOR STUDY OF CARBOHYDRATE PROCESSING ENZYMES","NCRR","6251476",5P41RR001614-16,5,P41,RR,001614,16,,0070,"1922998","BERTOZZI, CAROLYN R",Not Applicable,"UNIVERSITY OF CALIFORNIA SAN FRANCISCO", ,1997,,11043

