----------------------------------------------------------------------------------Search Criteria:  Search in: Projects 		AdminIC: All; Principal Investigator / Project Leader: SCHIFFER; CELIA A; Fiscal Year: 2016; 2015; 2014; 2013; 2012; 2011; 2010; 2009; 2008; 2007; 2006; 2005; 2004; 2003; 2002; 2001; 2000; 1999; 1998; 1997; 1996 ----------------------------------------------------------------------------------Project Title,Administering  IC,Application ID,Project Number,Type,Activity,IC,Serial Number,Support Year,Suffix,Subproject Number ,Contact PI  Person ID,Contact PI / Project Leader,Other PI or Project Leader(s),Organization Name,ARRA Indicator,FY,FY Total Cost ,FY Total Cost  (Sub Projects),
"UMASS Center for AIDS Research (CFAR)","NIAID","8440949",3P30AI042845-14S1,3,P30,AI,042845,14,S1,,"1922833","SCHIFFER, CELIA A.",Not Applicable,"UNIV OF MASSACHUSETTS MED SCH WORCESTER", ,2012,655188,
"UMASS Center for AIDS Research (CFAR)","NIAID","8109193",5P30AI042845-14,5,P30,AI,042845,14,,,"1922833","SCHIFFER, CELIA A.",Not Applicable,"UNIV OF MASSACHUSETTS MED SCH WORCESTER", ,2011,1310372,
"UMASS Center for AIDS Research (CFAR)","NIAID","7927083",5P30AI042845-13,5,P30,AI,042845,13,,,"1922833","SCHIFFER, CELIA A.",Not Applicable,"UNIV OF MASSACHUSETTS MED SCH WORCESTER", ,2010,1323608,
"HIV-1 Vif: Another Potential Target","NIAID","6771704",5R21AI056935-02,5,R21,AI,056935,02,,,"1922833","SCHIFFER, CELIA A.",Not Applicable,"UNIV OF MASSACHUSETTS MED SCH WORCESTER", ,2004,238500,
"HIV-1 Vif: Another Potential Target","NIAID","6696496",1R21AI056935-01,1,R21,AI,056935,01,,,"1922833","SCHIFFER, CELIA A.",Not Applicable,"UNIV OF MASSACHUSETTS MED SCH WORCESTER", ,2003,238500,
"HIV-1 Vif: Targeting its molecular interactions","NIAID","7230311",5R21AI067021-02,5,R21,AI,067021,02,,,"1922833","SCHIFFER, CELIA A.",Not Applicable,"UNIV OF MASSACHUSETTS MED SCH WORCESTER", ,2007,197234,
"HIV-1 Vif: Targeting its molecular interactions","NIAID","7123210",1R21AI067021-01A2,1,R21,AI,067021,01,A2,,"1922833","SCHIFFER, CELIA A.",Not Applicable,"UNIV OF MASSACHUSETTS MED SCH WORCESTER", ,2006,243563,
"Drug Resistance in HCV NS3/4A - Inhibitor binding versus substrate recognition","NIAID","9090051",5R01AI085051-07,5,R01,AI,085051,07,,,"1922833","SCHIFFER, CELIA A.",Not Applicable,"UNIV OF MASSACHUSETTS MED SCH WORCESTER", ,2016,523252,
"Drug Resistance in HCV NS3/4A - Inhibitor binding versus substrate recognition","NIAID","8972694",2R01AI085051-06,2,R01,AI,085051,06,,,"1922833","SCHIFFER, CELIA A.",Not Applicable,"UNIV OF MASSACHUSETTS MED SCH WORCESTER", ,2015,262627,
"Drug Resistance in HCV NS3/4A - Inhibitor binding versus substrate recognition","NIAID","8652942",5R01AI085051-05,5,R01,AI,085051,05,,,"1922833","SCHIFFER, CELIA A.",Not Applicable,"UNIV OF MASSACHUSETTS MED SCH WORCESTER", ,2014,407138,
"Drug Resistance in HCV NS3/4A - Inhibitor binding versus substrate recognition","NIAID","8452658",5R01AI085051-04,5,R01,AI,085051,04,,,"1922833","SCHIFFER, CELIA A.",Not Applicable,"UNIV OF MASSACHUSETTS MED SCH WORCESTER", ,2013,382709,
"Drug Resistance in HCV NS3/4A - Inhibitor binding versus substrate recognition","NIAID","8260858",5R01AI085051-03,5,R01,AI,085051,03,,,"1922833","SCHIFFER, CELIA A.",Not Applicable,"UNIV OF MASSACHUSETTS MED SCH WORCESTER", ,2012,407138,
"Drug Resistance in HCV NS3/4A - Inhibitor binding versus substrate recognition","NIAID","8065519",5R01AI085051-02,5,R01,AI,085051,02,,,"1922833","SCHIFFER, CELIA A.",Not Applicable,"UNIV OF MASSACHUSETTS MED SCH WORCESTER", ,2011,407138,
"Drug Resistance in HCV NS3/4A - Inhibitor binding versus substrate recognition","NIAID","7991290",1R01AI085051-01A1,1,R01,AI,085051,01,A1,,"1922833","SCHIFFER, CELIA A.",Not Applicable,"UNIV OF MASSACHUSETTS MED SCH WORCESTER", ,2010,411042,
"Elucidating the Interplay of Protease Substrate Recognition and Drug Resistance","NIGMS","8527794",5R01GM064347-13,5,R01,GM,064347,13,,,"1922833","SCHIFFER, CELIA A.",Not Applicable,"UNIV OF MASSACHUSETTS MED SCH WORCESTER", ,2013,384429,
"Elucidating the Interplay of Protease Substrate Recognition and Drug Resistance","NIGMS","8551022",3R01GM064347-12S1,3,R01,GM,064347,12,S1,,"1922833","SCHIFFER, CELIA A.",Not Applicable,"UNIV OF MASSACHUSETTS MED SCH WORCESTER", ,2012,51902,
"Elucidating the Interplay of Protease Substrate Recognition and Drug Resistance","NIGMS","8308619",5R01GM064347-12,5,R01,GM,064347,12,,,"1922833","SCHIFFER, CELIA A.",Not Applicable,"UNIV OF MASSACHUSETTS MED SCH WORCESTER", ,2012,335890,
"Elucidating the Interplay of Protease Substrate Recognition and Drug Resistance","NIGMS","8133863",5R01GM064347-11,5,R01,GM,064347,11,,,"1922833","SCHIFFER, CELIA A.",Not Applicable,"UNIV OF MASSACHUSETTS MED SCH WORCESTER", ,2011,335890,
"Elucidating the Interplay of Protease Substrate Recognition and Drug Resistance","NIGMS","8012637",2R01GM064347-10,2,R01,GM,064347,10,,,"1922833","SCHIFFER, CELIA A.",Not Applicable,"UNIV OF MASSACHUSETTS MED SCH WORCESTER", ,2010,355408,
"Targeting Drug Resistance in HIV-1 Protease","NIGMS","7634483",5R01GM064347-09,5,R01,GM,064347,09,,,"1922833","SCHIFFER, CELIA A.",Not Applicable,"UNIV OF MASSACHUSETTS MED SCH WORCESTER", ,2009,342399,
"Targeting Drug Resistance in HIV-1 Protease","NIGMS","7439130",5R01GM064347-08,5,R01,GM,064347,08,,,"1922833","SCHIFFER, CELIA A.",Not Applicable,"UNIV OF MASSACHUSETTS MED SCH WORCESTER", ,2008,342399,
"Targeting Drug Resistance in HIV-1 Protease","NIGMS","7237191",5R01GM064347-07,5,R01,GM,064347,07,,,"1922833","SCHIFFER, CELIA A.",Not Applicable,"UNIV OF MASSACHUSETTS MED SCH WORCESTER", ,2007,342399,
"Targeting Drug Resistance in HIV-1 Protease","NIGMS","7167794",2R01GM064347-06,2,R01,GM,064347,06,,,"1922833","SCHIFFER, CELIA A.",Not Applicable,"UNIV OF MASSACHUSETTS MED SCH WORCESTER", ,2006,344403,
"Targeting Drug Resistance in HIV-1 Protease","NIGMS","6903438",5R01GM064347-05,5,R01,GM,064347,05,,,"1922833","SCHIFFER, CELIA A.",Not Applicable,"UNIV OF MASSACHUSETTS MED SCH WORCESTER", ,2005,325950,
"Targeting Drug Resistance in HIV-1 Protease","NIGMS","6751917",5R01GM064347-04,5,R01,GM,064347,04,,,"1922833","SCHIFFER, CELIA A.",Not Applicable,"UNIV OF MASSACHUSETTS MED SCH WORCESTER", ,2004,325950,
"Targeting Drug Resistance in HIV-1 Protease","NIGMS","6636707",5R01GM064347-03,5,R01,GM,064347,03,,,"1922833","SCHIFFER, CELIA A.",Not Applicable,"UNIV OF MASSACHUSETTS MED SCH WORCESTER", ,2003,325950,
"Targeting Drug Resistance in HIV-1 Protease","NIGMS","6520588",5R01GM064347-02,5,R01,GM,064347,02,,,"1922833","SCHIFFER, CELIA A.",Not Applicable,"UNIV OF MASSACHUSETTS MED SCH WORCESTER", ,2002,325608,
"Targeting Drug Resistance in HIV-1 Protease","NIGMS","6409049",1R01GM064347-01,1,R01,GM,064347,01,,,"1922833","SCHIFFER, CELIA A.",Not Applicable,"UNIV OF MASSACHUSETTS MED SCH WORCESTER", ,2001,321679,
"Combatting drug resistance in HIV Protease: A structural Approach","NIGMS","8334582",5P01GM066524-10,5,P01,GM,066524,10,,0003,"1922833","SCHIFFER, CELIA A.",Not Applicable,"UNIV OF MASSACHUSETTS MED SCH WORCESTER", ,2011,,1282788
"Targeting Ensembles of Drug Resistant HIV-Protease","NIGMS","8144311",5P01GM066524-10,5,P01,GM,066524,10,,,"1922833","SCHIFFER, CELIA A.",Not Applicable,"UNIV OF MASSACHUSETTS MED SCH WORCESTER", ,2011,1633675,
"Combatting drug resistance in HIV Protease: A structural Approach","NIGMS","8144309",5P01GM066524-09,5,P01,GM,066524,09,,0003,"1922833","SCHIFFER, CELIA A.",Not Applicable,"UNIV OF MASSACHUSETTS MED SCH WORCESTER", ,2010,,1297958
"Targeting Ensembles of Drug Resistant HIV-Protease","NIGMS","7922640",5P01GM066524-09,5,P01,GM,066524,09,,,"1922833","SCHIFFER, CELIA A.",Not Applicable,"UNIV OF MASSACHUSETTS MED SCH WORCESTER", ,2010,1654373,
"Targeting Ensembles of Drug Resistant HIV-Protease","NIGMS","7931501",3P01GM066524-08S1,3,P01,GM,066524,08,S1,,"1922833","SCHIFFER, CELIA A.",Not Applicable,"UNIV OF MASSACHUSETTS MED SCH WORCESTER",YES,2009,600000,
"Combatting drug resistance in HIV Protease: A structural Approach","NIGMS","7922638",5P01GM066524-08,5,P01,GM,066524,08,,0003,"1922833","SCHIFFER, CELIA A.",Not Applicable,"UNIV OF MASSACHUSETTS MED SCH WORCESTER", ,2009,,1275133
"Targeting Ensembles of Drug Resistant HIV-Protease","NIGMS","7688094",5P01GM066524-08,5,P01,GM,066524,08,,,"1922833","SCHIFFER, CELIA A.",Not Applicable,"UNIV OF MASSACHUSETTS MED SCH WORCESTER", ,2009,1626662,
"Combatting drug resistance in HIV Protease: A structural Approach","NIGMS","7688091",5P01GM066524-07,5,P01,GM,066524,07,,0003,"1922833","SCHIFFER, CELIA A.",Not Applicable,"UNIV OF MASSACHUSETTS MED SCH WORCESTER", ,2008,,1240236
"Targeting Ensembles of Drug Resistant HIV-Protease","NIGMS","7501347",5P01GM066524-07,5,P01,GM,066524,07,,,"1922833","SCHIFFER, CELIA A.",Not Applicable,"UNIV OF MASSACHUSETTS MED SCH WORCESTER", ,2008,1583525,
"Combatting drug resistance in HIV Protease: A structural Approach","NIGMS","7356902",2P01GM066524-06,2,P01,GM,066524,06,,0003,"1922833","SCHIFFER, CELIA A.",Not Applicable,"UNIV OF MASSACHUSETTS MED SCH WORCESTER", ,2007,,1342170
"Targeting Ensembles of Drug Resistant HIV-Protease","NIGMS","7338061",2P01GM066524-06,2,P01,GM,066524,06,,,"1922833","SCHIFFER, CELIA A.",Not Applicable,"UNIV OF MASSACHUSETTS MED SCH WORCESTER", ,2007,1772288,
"Targeting ensembles of Drug Resistant HIV Proteases","NIGMS","7104989",5P01GM066524-05,5,P01,GM,066524,05,,,"1922833","SCHIFFER, CELIA A.",Not Applicable,"UNIV OF MASSACHUSETTS MED SCH WORCESTER", ,2006,1278108,
"Targeting ensembles of Drug Resistant HIV Proteases","NIGMS","6931110",5P01GM066524-04,5,P01,GM,066524,04,,,"1922833","SCHIFFER, CELIA A.",Not Applicable,"UNIV OF MASSACHUSETTS MED SCH WORCESTER", ,2005,1309572,
"Targeting ensembles of Drug Resistant HIV Proteases","NIGMS","6785285",5P01GM066524-03,5,P01,GM,066524,03,,,"1922833","SCHIFFER, CELIA A.",Not Applicable,"UNIV OF MASSACHUSETTS MED SCH WORCESTER", ,2004,1323553,
"Targeting ensembles of Drug Resistant HIV Proteases","NIGMS","6650232",5P01GM066524-02,5,P01,GM,066524,02,,,"1922833","SCHIFFER, CELIA A.",Not Applicable,"UNIV OF MASSACHUSETTS MED SCH WORCESTER", ,2003,1333270,
"Targeting ensembles of Drug Resistant HIV Proteases","NIGMS","6553066",1P01GM066524-01,1,P01,GM,066524,01,,,"1922833","SCHIFFER, CELIA A.",Not Applicable,"UNIV OF MASSACHUSETTS MED SCH WORCESTER", ,2002,2225194,
"Structural Characterization of APOBECS's Atomic interactions","NIGMS","8804272",5P01GM091743-05,5,P01,GM,091743,05,,6213,"1922833","SCHIFFER, CELIA A.",Not Applicable,"UNIVERSITY OF MINNESOTA", ,2015,,339919
"Structural Characterization of APOBECS's Atomic interactions","NIGMS","8607567",5P01GM091743-04,5,P01,GM,091743,04,,6213,"1922833","SCHIFFER, CELIA A.",Not Applicable,"UNIVERSITY OF MINNESOTA", ,2014,,352319
"Structural Characterization of APOBECS's Atomic interactions","NIGMS","8433373",5P01GM091743-03,5,P01,GM,091743,03,,6213,"1922833","SCHIFFER, CELIA A.",Not Applicable,"UNIVERSITY OF MINNESOTA", ,2013,,421575
"Structural Characterization of APOBECS's Atomic interactions","NIGMS","8375092",5P01GM091743-02,5,P01,GM,091743,02,,6213,"1922833","SCHIFFER, CELIA A.",Not Applicable,"UNIVERSITY OF MINNESOTA", ,2012,,396534
"Structural Characterization of APOBECS's Atomic interactions","NIGMS","8078336",1P01GM091743-01A1,1,P01,GM,091743,01,A1,6213,"1922833","SCHIFFER, CELIA A.",Not Applicable,"UNIVERSITY OF MINNESOTA", ,2011,,350086
"Elucidating the Intermolecular Interfaces of APOBEC3's","NIGMS","7930226",1R01GM093833-01,1,R01,GM,093833,01,,,"1922833","SCHIFFER, CELIA A.",Not Applicable,"UNIV OF MASSACHUSETTS MED SCH WORCESTER", ,2010,227681,
"The Interdependency of Drug Resistance Evolution and Drug Design: HIV-1 Protease","NIGMS","9314781",3P01GM109767-03S1,3,P01,GM,109767,03,S1,,"1922833","SCHIFFER, CELIA A.",Not Applicable,"UNIV OF MASSACHUSETTS MED SCH WORCESTER", ,2016,89751,
"Administrative Core","NIGMS","9116902",5P01GM109767-03,5,P01,GM,109767,03,,7564,"1922833","SCHIFFER, CELIA A.",Not Applicable,"UNIV OF MASSACHUSETTS MED SCH WORCESTER", ,2016,,22412
"The structural & dynamic basis for the interdependence of drug resistance","NIGMS","9116905",5P01GM109767-03,5,P01,GM,109767,03,,7567,"1922833","SCHIFFER, CELIA A.",Not Applicable,"UNIV OF MASSACHUSETTS MED SCH WORCESTER", ,2016,,735976
"The Interdependency of Drug Resistance Evolution and Drug Design: HIV-1 Protease","NIGMS","9116899",5P01GM109767-03,5,P01,GM,109767,03,,,"1922833","SCHIFFER, CELIA A.",Not Applicable,"UNIV OF MASSACHUSETTS MED SCH WORCESTER", ,2016,1560549,
"Administrative Core","NIGMS","8912509",5P01GM109767-02,5,P01,GM,109767,02,,7564,"1922833","SCHIFFER, CELIA A.",Not Applicable,"UNIV OF MASSACHUSETTS MED SCH WORCESTER", ,2015,,22412
"The structural & dynamic basis for the interdependence of drug resistance","NIGMS","8912512",5P01GM109767-02,5,P01,GM,109767,02,,7567,"1922833","SCHIFFER, CELIA A.",Not Applicable,"UNIV OF MASSACHUSETTS MED SCH WORCESTER", ,2015,,735976
"The Interdependency of Drug Resistance Evolution and Drug Design: HIV-1 Protease","NIGMS","8912508",5P01GM109767-02,5,P01,GM,109767,02,,,"1922833","SCHIFFER, CELIA A.",Not Applicable,"UNIV OF MASSACHUSETTS MED SCH WORCESTER", ,2015,1560549,
"Administrative Core","NIGMS","8789527",1P01GM109767-01A1,1,P01,GM,109767,01,A1,7564,"1922833","SCHIFFER, CELIA A.",Not Applicable,"UNIV OF MASSACHUSETTS MED SCH WORCESTER", ,2014,,22412
"The structural & dynamic basis for the interdependence of drug resistance","NIGMS","8789530",1P01GM109767-01A1,1,P01,GM,109767,01,A1,7567,"1922833","SCHIFFER, CELIA A.",Not Applicable,"UNIV OF MASSACHUSETTS MED SCH WORCESTER", ,2014,,811049
"The Interdependency of Drug Resistance Evolution and Drug Design: HIV-1 Protease","NIGMS","8789525",1P01GM109767-01A1,1,P01,GM,109767,01,A1,,"1922833","SCHIFFER, CELIA A.",Not Applicable,"UNIV OF MASSACHUSETTS MED SCH WORCESTER", ,2014,1710847,
"Structurally dissecting APOBEC3's for HIV-1 restriction","NIGMS","9080050",1R01GM118474-01,1,R01,GM,118474,01,,,"1922833","SCHIFFER, CELIA A.",Not Applicable,"UNIV OF MASSACHUSETTS MED SCH WORCESTER", ,2016,614226,
"Macromolecular Crystallographic HighFlux Home Lab X-ray Diffraction System","OD","8247330",1S10OD012028-01,1,S10,OD,012028,01,,,"1922833","SCHIFFER, CELIA A.",Not Applicable,"UNIV OF MASSACHUSETTS MED SCH WORCESTER", ,2012,530990,
"STRUCTURAL STUDIES OF VIRAL PROTEASES: HIV-1 PROTEASE AND HCV NS3 PROTEASE","NCRR","8363697",5P41RR007707-19,5,P41,RR,007707,19,,7799,"1922833","SCHIFFER, CELIA A.",Not Applicable,"UNIVERSITY OF CHICAGO", ,2011,,21623
"UNDERSTANDING DRUG RESISTANCE MECHANISMS OF HIV-1 PROTEASE","NCRR","8170620",5P41RR012408-14,5,P41,RR,012408,14,,6538,"1922833","SCHIFFER, CELIA A.",Not Applicable,"BROOKHAVEN SCIENCE ASSOC-BROOKHAVEN LAB", ,2010,,6952
"Predicting Substrate Specificity in HIV-1 Protease","FIC","7054076",5R03TW006875-03,5,R03,TW,006875,03,,,"1922833","SCHIFFER, CELIA A.",Not Applicable,"UNIV OF MASSACHUSETTS MED SCH WORCESTER", ,2006,31248,
"Predicting Substrate Specificity in HIV-1 Protease","FIC","6836565",5R03TW006875-02,5,R03,TW,006875,02,,,"1922833","SCHIFFER, CELIA A.",Not Applicable,"UNIV OF MASSACHUSETTS MED SCH WORCESTER", ,2005,32000,
"Predicting Substrate Specificity in HIV-1 Protease","FIC","6747221",1R03TW006875-01,1,R03,TW,006875,01,,,"1922833","SCHIFFER, CELIA A.",Not Applicable,"UNIV OF MASSACHUSETTS MED SCH WORCESTER", ,2004,40320,

