----------------------------------------------------------------------------------Search Criteria:  Search in: Projects 		AdminIC: All; Principal Investigator / Project Leader: SAMUEL; CHARLES E; Fiscal Year: 2016; 2015; 2014; 2013; 2012; 2011; 2010; 2009; 2008; 2007; 2006; 2005; 2004; 2003; 2002; 2001; 2000; 1999; 1998; 1997; 1996 ----------------------------------------------------------------------------------Project Title,Administering  IC,Application ID,Project Number,Type,Activity,IC,Serial Number,Support Year,Suffix,Subproject Number ,Contact PI  Person ID,Contact PI / Project Leader,Other PI or Project Leader(s),Organization Name,ARRA Indicator,FY,FY Total Cost ,FY Total Cost  (Sub Projects),
"Mechanism of Interferon Action","NIAID","7591818",5R01AI012520-34,5,R01,AI,012520,34,,,"1955456","SAMUEL, CHARLES E",Not Applicable,"UNIVERSITY OF CALIFORNIA SANTA BARBARA", ,2009,335730,
"Mechanism of Interferon Action","NIAID","7393743",5R01AI012520-33,5,R01,AI,012520,33,,,"1955456","SAMUEL, CHARLES E",Not Applicable,"UNIVERSITY OF CALIFORNIA SANTA BARBARA", ,2008,336317,
"Interferon Action and Protein Phosphorylation","NIAID","8602763",5R01AI020611-28,5,R01,AI,020611,28,,,"1955456","SAMUEL, CHARLES E",Not Applicable,"UNIVERSITY OF CALIFORNIA SANTA BARBARA", ,2014,357604,
"Interferon Action and Protein Phosphorylation","NIAID","8414820",5R01AI020611-27,5,R01,AI,020611,27,,,"1955456","SAMUEL, CHARLES E",Not Applicable,"UNIVERSITY OF CALIFORNIA SANTA BARBARA", ,2013,302248,
"Interferon Action and Protein Phosphorylation","NIAID","8206741",5R01AI020611-26,5,R01,AI,020611,26,,,"1955456","SAMUEL, CHARLES E",Not Applicable,"UNIVERSITY OF CALIFORNIA SANTA BARBARA", ,2012,322856,
"Interferon Action and Protein Phosphorylation","NIAID","8007380",5R01AI020611-25,5,R01,AI,020611,25,,,"1955456","SAMUEL, CHARLES E",Not Applicable,"UNIVERSITY OF CALIFORNIA SANTA BARBARA", ,2011,324062,
"Interferon Action and Protein Phosphorylation","NIAID","7781640",2R01AI020611-24A2,2,R01,AI,020611,24,A2,,"1955456","SAMUEL, CHARLES E",Not Applicable,"UNIVERSITY OF CALIFORNIA SANTA BARBARA", ,2010,356028,
"Mechanism of Interferon Action","NIAID","7195717",5R01AI012520-32,5,R01,AI,012520,32,,,"1955456","SAMUEL, CHARLES E.",Not Applicable,"UNIVERSITY OF CALIFORNIA SANTA BARBARA", ,2007,339004,
"Mechanism of Interferon Action","NIAID","7077692",5R01AI012520-31,5,R01,AI,012520,31,,,"1955456","SAMUEL, CHARLES E.",Not Applicable,"UNIVERSITY OF CALIFORNIA SANTA BARBARA", ,2006,318242,
"Mechanism of Interferon Action","NIAID","6983503",2R01AI012520-30,2,R01,AI,012520,30,,,"1955456","SAMUEL, CHARLES E.",Not Applicable,"UNIVERSITY OF CALIFORNIA SANTA BARBARA", ,2005,274413,
"MECHANISM OF INTERFERON ACTION","NIAID","6698061",5R01AI012520-29,5,R01,AI,012520,29,,,"1955456","SAMUEL, CHARLES E.",Not Applicable,"UNIVERSITY OF CALIFORNIA SANTA BARBARA", ,2004,305454,
"MECHANISM OF INTERFERON ACTION","NIAID","6627953",5R01AI012520-28,5,R01,AI,012520,28,,,"1955456","SAMUEL, CHARLES E.",Not Applicable,"UNIVERSITY OF CALIFORNIA SANTA BARBARA", ,2003,296558,
"MECHANISM OF INTERFERON ACTION","NIAID","6497218",5R01AI012520-27,5,R01,AI,012520,27,,,"1955456","SAMUEL, CHARLES E.",Not Applicable,"UNIVERSITY OF CALIFORNIA SANTA BARBARA", ,2002,294189,
"MECHANISM OF INTERFERON ACTION","NIAID","6349766",5R01AI012520-26,5,R01,AI,012520,26,,,"1955456","SAMUEL, CHARLES E.",Not Applicable,"UNIVERSITY OF CALIFORNIA SANTA BARBARA", ,2001,279537,
"MECHANISM OF INTERFERON ACTION","NIAID","6043147",2R01AI012520-25A1,2,R01,AI,012520,25,A1,,"1955456","SAMUEL, CHARLES E.",Not Applicable,"UNIVERSITY OF CALIFORNIA SANTA BARBARA", ,2000,279534,
"MECHANISM OF INTERFERON ACTION","NIAID","2653789",5R37AI012520-24,5,R37,AI,012520,24,,,"1955456","SAMUEL, CHARLES E.",Not Applicable,"UNIVERSITY OF CALIFORNIA SANTA BARBARA", ,1998,235489,
"MECHANISM OF INTERFERON ACTION","NIAID","2330311",5R37AI012520-23,5,R37,AI,012520,23,,,"1955456","SAMUEL, CHARLES E.",Not Applicable,"UNIVERSITY OF CALIFORNIA SANTA BARBARA", ,1997,226516,
"MECHANISM OF INTERFERON ACTION","NIAID","2059893",5R37AI012520-22,5,R37,AI,012520,22,,,"1955456","SAMUEL, CHARLES E.",Not Applicable,"UNIVERSITY OF CALIFORNIA SANTA BARBARA", ,1996,222237,
"Interferon Action and Protein Phosphorylation","NIAID","7157561",5R01AI020611-23,5,R01,AI,020611,23,,,"1955456","SAMUEL, CHARLES E.",Not Applicable,"UNIVERSITY OF CALIFORNIA SANTA BARBARA", ,2007,277306,
"Interferon Action and Protein Phosphorylation","NIAID","6999727",5R01AI020611-22,5,R01,AI,020611,22,,,"1955456","SAMUEL, CHARLES E.",Not Applicable,"UNIVERSITY OF CALIFORNIA SANTA BARBARA", ,2006,285588,
"Interferon Action and Protein Phosphorylation","NIAID","6835984",5R01AI020611-21,5,R01,AI,020611,21,,,"1955456","SAMUEL, CHARLES E.",Not Applicable,"UNIVERSITY OF CALIFORNIA SANTA BARBARA", ,2005,282005,
"Interferon Action and Protein Phosphorylation","NIAID","6762417",5R01AI020611-20,5,R01,AI,020611,20,,,"1955456","SAMUEL, CHARLES E.",Not Applicable,"UNIVERSITY OF CALIFORNIA SANTA BARBARA", ,2004,290308,
"Interferon Action and Protein Phosphorylation","NIAID","6684578",2R01AI020611-19A2,2,R01,AI,020611,19,A2,,"1955456","SAMUEL, CHARLES E.",Not Applicable,"UNIVERSITY OF CALIFORNIA SANTA BARBARA", ,2003,172500,
"INTERFERON ACTION AND PROTEIN PHOSPHORYLATION","NIAID","6373033",5R01AI020611-18,5,R01,AI,020611,18,,,"1955456","SAMUEL, CHARLES E.",Not Applicable,"UNIVERSITY OF CALIFORNIA SANTA BARBARA", ,2001,231766,
"INTERFERON ACTION AND PROTEIN PHOSPHORYLATION","NIAID","6169724",5R01AI020611-17,5,R01,AI,020611,17,,,"1955456","SAMUEL, CHARLES E.",Not Applicable,"UNIVERSITY OF CALIFORNIA SANTA BARBARA", ,2000,225097,
"INTERFERON ACTION AND PROTEIN PHOSPHORYLATION","NIAID","2886449",5R01AI020611-16,5,R01,AI,020611,16,,,"1955456","SAMUEL, CHARLES E.",Not Applicable,"UNIVERSITY OF CALIFORNIA SANTA BARBARA", ,1999,222903,
"INTERFERON ACTION AND PROTEIN PHOSPHORYLATION","NIAID","2671780",5R01AI020611-15,5,R01,AI,020611,15,,,"1955456","SAMUEL, CHARLES E.",Not Applicable,"UNIVERSITY OF CALIFORNIA SANTA BARBARA", ,1998,212339,
"INTERFERON ACTION AND PROTEIN PHOSPHORYLATION","NIAID","2003288",2R01AI020611-14,2,R01,AI,020611,14,,,"1955456","SAMUEL, CHARLES E.",Not Applicable,"UNIVERSITY OF CALIFORNIA SANTA BARBARA", ,1997,212589,
"INTERFERON ACTION AND PROTEIN PHOSPHORYLATION","NIAID","2061278",5R01AI020611-13,5,R01,AI,020611,13,,,"1955456","SAMUEL, CHARLES E.",Not Applicable,"UNIVERSITY OF CALIFORNIA SANTA BARBARA", ,1996,195690,

