----------------------------------------------------------------------------------Search Criteria:  Search in: Projects 		AdminIC: All; Principal Investigator / Project Leader: BARBIERI; CHRISTOPHER E; Fiscal Year: 2016; 2015; 2014; 2013; 2012; 2011; 2010; 2009; 2008; 2007; 2006; 2005; 2004; 2003; 2002; 2001; 2000; 1999; 1998; 1997; 1996 ----------------------------------------------------------------------------------Project Title,Administering  IC,Application ID,Project Number,Type,Activity,IC,Serial Number,Support Year,Suffix,Subproject Number ,Contact PI  Person ID,Contact PI / Project Leader,Other PI or Project Leader(s),Organization Name,ARRA Indicator,FY,FY Total Cost ,FY Total Cost  (Sub Projects),
"Genomic instability and DNA repair in a distinct molecular class of prostate canc","NCI","9098659",5K08CA187417-03,5,K08,CA,187417,03,,,"6710748","BARBIERI, CHRISTOPHER E",Not Applicable,"WEILL MEDICAL COLL OF CORNELL UNIV", ,2016,172908,
"Genomic instability and DNA repair in a distinct molecular class of prostate canc","NCI","8881127",5K08CA187417-02,5,K08,CA,187417,02,,,"6710748","BARBIERI, CHRISTOPHER E",Not Applicable,"WEILL MEDICAL COLL OF CORNELL UNIV", ,2015,172908,
"Genomic instability and DNA repair in a distinct molecular class of prostate canc","NCI","8751813",1K08CA187417-01,1,K08,CA,187417,01,,,"6710748","BARBIERI, CHRISTOPHER E",Not Applicable,"WEILL MEDICAL COLL OF CORNELL UNIV", ,2014,172908,

