----------------------------------------------------------------------------------Search Criteria:  Search in: Projects 		AdminIC: All; Principal Investigator / Project Leader: DEPPMANN; CHRISTOPHER D; Fiscal Year: 2016; 2015; 2014; 2013; 2012; 2011; 2010; 2009; 2008; 2007; 2006; 2005; 2004; 2003; 2002; 2001; 2000; 1999; 1998; 1997; 1996 ----------------------------------------------------------------------------------Project Title,Administering  IC,Application ID,Project Number,Type,Activity,IC,Serial Number,Support Year,Suffix,Subproject Number ,Contact PI  Person ID,Contact PI / Project Leader,Other PI or Project Leader(s),Organization Name,ARRA Indicator,FY,FY Total Cost ,FY Total Cost  (Sub Projects),
"CORONIN-1 AND THE RETROGRADE SIGNALING ENDOSOME","NINDS","7283829",5F32NS053187-03,5,F32,NS,053187,03,,,"6266822","DEPPMANN, CHRISTOPHER D",Not Applicable,"JOHNS HOPKINS UNIVERSITY", ,2007,52048,
"CORONIN-1 AND THE RETROGRADE SIGNALING ENDOSOME","NINDS","7120496",5F32NS053187-02,5,F32,NS,053187,02,,,"6266822","DEPPMANN, CHRISTOPHER D",Not Applicable,"JOHNS HOPKINS UNIVERSITY", ,2006,50428,
"CORONIN-1 AND THE RETROGRADE SIGNALING ENDOSOME","NINDS","6999644",1F32NS053187-01,1,F32,NS,053187,01,,,"6266822","DEPPMANN, CHRISTOPHER D",Not Applicable,"JOHNS HOPKINS UNIVERSITY", ,2005,48296,
"Mechanisms of Neuronal Competition During Development","NINDS","8822333",5R01NS072388-05,5,R01,NS,072388,05,,,"6266822","DEPPMANN, CHRISTOPHER D",Not Applicable,"UNIVERSITY OF VIRGINIA", ,2015,337995,
"Mechanisms of Neuronal Competition During Development","NINDS","8635398",5R01NS072388-04,5,R01,NS,072388,04,,,"6266822","DEPPMANN, CHRISTOPHER D",Not Applicable,"UNIVERSITY OF VIRGINIA", ,2014,334536,
"Mechanisms of Neuronal Competition During Development","NINDS","8442873",5R01NS072388-03,5,R01,NS,072388,03,,,"6266822","DEPPMANN, CHRISTOPHER D",Not Applicable,"UNIVERSITY OF VIRGINIA", ,2013,326012,
"Mechanisms of Neuronal Competition During Development","NINDS","8239490",5R01NS072388-02,5,R01,NS,072388,02,,,"6266822","DEPPMANN, CHRISTOPHER D",Not Applicable,"UNIVERSITY OF VIRGINIA", ,2012,337760,
"Mechanisms of Neuronal Competition During Development","NINDS","8023341",1R01NS072388-01,1,R01,NS,072388,01,,,"6266822","DEPPMANN, CHRISTOPHER D",Not Applicable,"UNIVERSITY OF VIRGINIA", ,2011,349499,
"Extrinsic mechanisms governing injury-induced axon degeneration","NINDS","9125898",5R01NS091617-02,5,R01,NS,091617,02,,,"6266822","DEPPMANN, CHRISTOPHER D",Not Applicable,"UNIVERSITY OF VIRGINIA", ,2016,341661,
"Extrinsic mechanisms governing injury-induced axon degeneration","NINDS","9030114",1R01NS091617-01A1,1,R01,NS,091617,01,A1,,"6266822","DEPPMANN, CHRISTOPHER D",Not Applicable,"UNIVERSITY OF VIRGINIA", ,2015,341661,

