----------------------------------------------------------------------------------Search Criteria:  Search in: Projects 		AdminIC: All; Principal Investigator / Project Leader: PARRISH; COLIN R; Fiscal Year: 2016; 2015; 2014; 2013; 2012; 2011; 2010; 2009; 2008; 2007; 2006; 2005; 2004; 2003; 2002; 2001; 2000; 1999; 1998; 1997; 1996 ----------------------------------------------------------------------------------Project Title,Administering  IC,Application ID,Project Number,Type,Activity,IC,Serial Number,Support Year,Suffix,Subproject Number ,Contact PI  Person ID,Contact PI / Project Leader,Other PI or Project Leader(s),Organization Name,ARRA Indicator,FY,FY Total Cost ,FY Total Cost  (Sub Projects),
"Training in Molecular Virology and Pathogenesis","NIAID","7864061",5T32AI007618-10,5,T32,AI,007618,10,,,"1864167","PARRISH, COLIN R.",Not Applicable,"CORNELL UNIVERSITY", ,2010,161021,
"Training in Molecular Virology and Pathogenesis","NIAID","7670399",5T32AI007618-09,5,T32,AI,007618,09,,,"1864167","PARRISH, COLIN R.",Not Applicable,"CORNELL UNIVERSITY", ,2009,131097,
"Training in Molecular Virology and Pathogenesis","NIAID","7487448",5T32AI007618-08,5,T32,AI,007618,08,,,"1864167","PARRISH, COLIN R.",Not Applicable,"CORNELL UNIVERSITY", ,2008,160182,
"Training in Molecular Virology and Pathogenesis","NIAID","7282056",5T32AI007618-07,5,T32,AI,007618,07,,,"1864167","PARRISH, COLIN R.",Not Applicable,"CORNELL UNIVERSITY", ,2007,160075,
"Training in Molecular Virology and Pathogenesis","NIAID","7123293",2T32AI007618-06A1,2,T32,AI,007618,06,A1,,"1864167","PARRISH, COLIN R.",Not Applicable,"CORNELL UNIVERSITY ITHACA", ,2006,142158,
"TRAINING IN MOLECULAR VIROLOGY AND PATHOGENESIS","NIAID","6786061",5T32AI007618-05,5,T32,AI,007618,05,,,"1864167","PARRISH, COLIN R.",Not Applicable,"CORNELL UNIVERSITY ITHACA", ,2004,135024,
"TRAINING IN MOLECULAR VIROLOGY AND PATHOGENESIS","NIAID","6649358",5T32AI007618-04,5,T32,AI,007618,04,,,"1864167","PARRISH, COLIN R.",Not Applicable,"CORNELL UNIVERSITY ITHACA", ,2003,130527,
"TRAINING IN MOLECULAR VIROLOGY AND PATHOGENESIS","NIAID","6510163",5T32AI007618-03,5,T32,AI,007618,03,,,"1864167","PARRISH, COLIN R.",Not Applicable,"CORNELL UNIVERSITY ITHACA", ,2002,128427,
"TRAINING IN MOLECULAR VIROLOGY AND PATHOGENESIS","NIAID","6372872",5T32AI007618-02,5,T32,AI,007618,02,,,"1864167","PARRISH, COLIN R.",Not Applicable,"CORNELL UNIVERSITY ITHACA", ,2001,117887,
"TRAINING IN MOLECULAR VIROLOGY AND PATHOGENESIS","NIAID","6152666",1T32AI007618-01A1,1,T32,AI,007618,01,A1,,"1864167","PARRISH, COLIN R.",Not Applicable,"CORNELL UNIVERSITY ITHACA", ,2000,109890,
"Mechanisms of Parvovirus Infection and Host Range","NIAID","7993052",5R01AI028385-19,5,R01,AI,028385,19,,,"1864167","PARRISH, COLIN R.",Not Applicable,"CORNELL UNIVERSITY", ,2011,368275,
"Mechanisms of Parvovirus Infection and Host Range","NIAID","7737893",5R01AI028385-18,5,R01,AI,028385,18,,,"1864167","PARRISH, COLIN R.",Not Applicable,"CORNELL UNIVERSITY", ,2010,372088,
"Mechanisms of Parvovirus Infection and Host Range","NIAID","7540470",5R01AI028385-17,5,R01,AI,028385,17,,,"1864167","PARRISH, COLIN R.",Not Applicable,"CORNELL UNIVERSITY", ,2009,423425,
"Mechanisms of Parvovirus Infection and Host Range","NIAID","7338332",5R01AI028385-16,5,R01,AI,028385,16,,,"1864167","PARRISH, COLIN R.",Not Applicable,"CORNELL UNIVERSITY", ,2008,367501,
"Mechanisms of Parvovirus Infection and Host Range","NIAID","7196911",2R01AI028385-15A1,2,R01,AI,028385,15,A1,,"1864167","PARRISH, COLIN R.",Not Applicable,"CORNELL UNIVERSITY", ,2007,338979,
"Mechanisms of Parvovirus Infection and Host Range","NIAID","6875582",5R01AI028385-14,5,R01,AI,028385,14,,,"1864167","PARRISH, COLIN R.",Not Applicable,"CORNELL UNIVERSITY ITHACA", ,2005,236253,
"Mechanisms of Parvovirus Infection and Host Range","NIAID","6718942",5R01AI028385-13,5,R01,AI,028385,13,,,"1864167","PARRISH, COLIN R.",Not Applicable,"CORNELL UNIVERSITY ITHACA", ,2004,236253,
"Mechanisms of Parvovirus Infection and Host Range","NIAID","6631769",5R01AI028385-12,5,R01,AI,028385,12,,,"1864167","PARRISH, COLIN R.",Not Applicable,"CORNELL UNIVERSITY ITHACA", ,2003,236253,
"Mechanisms of Parvovirus Infection and Host Range","NIAID","6510423",5R01AI028385-11,5,R01,AI,028385,11,,,"1864167","PARRISH, COLIN R.",Not Applicable,"CORNELL UNIVERSITY ITHACA", ,2002,236253,
"Mechanisms of Parvovirus Infection and Host Range","NIAID","6331431",2R01AI028385-10A2,2,R01,AI,028385,10,A2,,"1864167","PARRISH, COLIN R.",Not Applicable,"CORNELL UNIVERSITY ITHACA", ,2001,221662,
"MECHANISMS OF PARVOVIRUS INFECTION AND HOST RANGE","NIAID","2837407",5R01AI028385-09,5,R01,AI,028385,09,,,"1864167","PARRISH, COLIN R.",Not Applicable,"CORNELL UNIVERSITY ITHACA", ,1999,162272,
"MECHANISMS OF PARVOVIRUS INFECTION AND HOST RANGE","NIAID","2607784",5R01AI028385-08,5,R01,AI,028385,08,,,"1864167","PARRISH, COLIN R.",Not Applicable,"CORNELL UNIVERSITY ITHACA", ,1998,156031,
"MECHANISMS OF PARVOVIRUS INFECTION AND HOST RANGE","NIAID","2003568",5R01AI028385-07,5,R01,AI,028385,07,,,"1864167","PARRISH, COLIN R.",Not Applicable,"CORNELL UNIVERSITY ITHACA", ,1997,150030,
"MECHANISMS OF PARVOVIRUS INFECTION AND HOST RANGE","NIAID","2064418",5R01AI028385-06,5,R01,AI,028385,06,,,"1864167","PARRISH, COLIN R.",Not Applicable,"CORNELL UNIVERSITY ITHACA", ,1996,144260,
"Parvovirus Structure; Capsid Assembly; and Receptors","NIAID","7185869",5R01AI033468-15,5,R01,AI,033468,15,,,"1864167","PARRISH, COLIN R.",Not Applicable,"CORNELL UNIVERSITY", ,2007,303037,
"Parvovirus Structure; Capsid Assembly; and Receptors","NIAID","7011223",5R01AI033468-14,5,R01,AI,033468,14,,,"1864167","PARRISH, COLIN R.",Not Applicable,"CORNELL UNIVERSITY ITHACA", ,2006,312240,
"Parvovirus Structure; Capsid Assembly; and Receptors","NIAID","6855118",5R01AI033468-13,5,R01,AI,033468,13,,,"1864167","PARRISH, COLIN R.",Not Applicable,"CORNELL UNIVERSITY ITHACA", ,2005,319904,
"Parvovirus Structure; Capsid Assembly; and Receptors","NIAID","6692169",5R01AI033468-12,5,R01,AI,033468,12,,,"1864167","PARRISH, COLIN R.",Not Applicable,"CORNELL UNIVERSITY ITHACA", ,2004,320051,
"Parvovirus Structure; Capsid Assembly; and Receptors","NIAID","6579336",2R01AI033468-11,2,R01,AI,033468,11,,,"1864167","PARRISH, COLIN R.",Not Applicable,"CORNELL UNIVERSITY ITHACA", ,2003,320792,
"PARVOVIRUS STRUCTURE; CAPSID ASSEMBLY; AND RECEPTORS","NIAID","6497261",6R01AI033468-10,6,R01,AI,033468,10,,,"1864167","PARRISH, COLIN R.",Not Applicable,"CORNELL UNIVERSITY ITHACA", ,2002,247710,
"PARVOVIRUS STRUCTURE; CAPSID ASSEMBLY; AND RECEPTORS","NIAID","6349807",5R01AI033468-09,5,R01,AI,033468,09,,,"1864167","PARRISH, COLIN R.",Not Applicable,"CORNELL UNIVERSITY ITHACA", ,2001,240474,
"PARVOVIRUS STRUCTURE; CAPSID ASSEMBLY; AND RECEPTORS","NIAID","6149779",5R01AI033468-08,5,R01,AI,033468,08,,,"1864167","PARRISH, COLIN R.",Not Applicable,"CORNELL UNIVERSITY ITHACA", ,2000,233449,
"PARVOVIRUS STRUCTURE; CAPSID ASSEMBLY; AND RECEPTORS","NIAID","2871511",5R01AI033468-07,5,R01,AI,033468,07,,,"1864167","PARRISH, COLIN R.",Not Applicable,"CORNELL UNIVERSITY ITHACA", ,1999,213508,
"PARVOVIRUS STRUCTURE; CAPSID ASSEMBLY; AND RECEPTORS","NIAID","2470209",2R01AI033468-06,2,R01,AI,033468,06,,,"1864167","PARRISH, COLIN R.",Not Applicable,"CORNELL UNIVERSITY ITHACA", ,1998,226791,
"PARVOVIRUS STRUCTURE; CAPSID ASSEMBLY; AND RECEPTORS","NIAID","2003882",5R01AI033468-05,5,R01,AI,033468,05,,,"1864167","PARRISH, COLIN R.",Not Applicable,"CORNELL UNIVERSITY ITHACA", ,1997,184938,
"PARVOVIRUS STRUCTURE; CAPSID ASSEMBLY; AND RECEPTORS","NIAID","2068497",5R01AI033468-04,5,R01,AI,033468,04,,,"1864167","PARRISH, COLIN R.",Not Applicable,"CORNELL UNIVERSITY ITHACA", ,1996,177879,
"Antigenic structure of adeno-associated virus capsids and antibody escape mutants","NIAID","7497512",5R21AI072341-02,5,R21,AI,072341,02,,,"1864167","PARRISH, COLIN R.",Not Applicable,"CORNELL UNIVERSITY", ,2008,219195,
"Antigenic structure of adeno-associated virus capsids and antibody escape mutants","NIAID","7314575",1R21AI072341-01A1,1,R21,AI,072341,01,A1,,"1864167","PARRISH, COLIN R.",Not Applicable,"CORNELL UNIVERSITY", ,2007,198082,
"Structural controls of functional receptor and antibody binding to viral capsids","NIAID","8762387",5R01AI092571-05,5,R01,AI,092571,05,,,"1864167","PARRISH, COLIN R.",Not Applicable,"CORNELL UNIVERSITY", ,2015,386210,
"Structural controls of functional receptor and antibody binding to viral capsids","NIAID","8579870",5R01AI092571-04,5,R01,AI,092571,04,,,"1864167","PARRISH, COLIN R.",Not Applicable,"CORNELL UNIVERSITY", ,2014,386210,
"Structural controls of functional receptor and antibody binding to viral capsids","NIAID","8391253",5R01AI092571-03,5,R01,AI,092571,03,,,"1864167","PARRISH, COLIN R.",Not Applicable,"CORNELL UNIVERSITY", ,2013,363037,
"Structural controls of functional receptor and antibody binding to viral capsids","NIAID","8197098",5R01AI092571-02,5,R01,AI,092571,02,,,"1864167","PARRISH, COLIN R.",Not Applicable,"CORNELL UNIVERSITY", ,2012,386210,
"Structural controls of functional receptor and antibody binding to viral capsids","NIAID","8040822",1R01AI092571-01,1,R01,AI,092571,01,,,"1864167","PARRISH, COLIN R.",Not Applicable,"CORNELL UNIVERSITY", ,2011,399710,
"The Evolutionary and Biological Bases of Host Switching in Viruses","NIGMS","9106606",2R01GM080533-11,2,R01,GM,080533,11,,,"1864167","PARRISH, COLIN R.",Not Applicable,"CORNELL UNIVERSITY", ,2016,366075,
"The Evolutionary and Biological Bases of Host Switching in Viruses","NIGMS","8843005",5R01GM080533-10,5,R01,GM,080533,10,,,"1864167","PARRISH, COLIN R.",Not Applicable,"CORNELL UNIVERSITY", ,2015,337157,
"The Evolutionary and Biological Bases of Host Switching in Viruses","NIGMS","8675861",5R01GM080533-09,5,R01,GM,080533,09,,,"1864167","PARRISH, COLIN R.",Not Applicable,"CORNELL UNIVERSITY", ,2014,337455,
"The Evolutionary and Biological Bases of Host Switching in Viruses","NIGMS","8496821",5R01GM080533-08,5,R01,GM,080533,08,,,"1864167","PARRISH, COLIN R.",Not Applicable,"CORNELL UNIVERSITY", ,2013,325656,
"The Evolutionary and Biological Bases of Host Switching in Viruses","NIGMS","8635165",7R01GM080533-07,7,R01,GM,080533,07,,,"1864167","PARRISH, COLIN R.",Not Applicable,"CORNELL UNIVERSITY", ,2012,176091,
"CONFOCAL MICROSCOPY FOR BIOLOGICAL RESEARCH","NCRR","2776612",1S10RR012847-01A1,1,S10,RR,012847,01,A1,,"1864167","PARRISH, COLIN R.",Not Applicable,"CORNELL UNIVERSITY ITHACA", ,1999,107823,

