----------------------------------------------------------------------------------Search Criteria:  Search in: Projects 		AdminIC: All; Principal Investigator / Project Leader: MIERKE; DALE F; Fiscal Year: 2016; 2015; 2014; 2013; 2012; 2011; 2010; 2009; 2008; 2007; 2006; 2005; 2004; 2003; 2002; 2001; 2000; 1999; 1998; 1997; 1996 ----------------------------------------------------------------------------------Project Title,Administering  IC,Application ID,Project Number,Type,Activity,IC,Serial Number,Support Year,Suffix,Subproject Number ,Contact PI  Person ID,Contact PI / Project Leader,Other PI or Project Leader(s),Organization Name,ARRA Indicator,FY,FY Total Cost ,FY Total Cost  (Sub Projects),
"Drug Design: Glutamate Receptor Signaling","NIDA","6623499",5R21DA015173-02,5,R21,DA,015173,02,,,"1893662","MIERKE, DALE F",Not Applicable,"BROWN UNIVERSITY", ,2003,147774,
"Drug Design: Glutamate Receptor Signaling","NIDA","6466373",1R21DA015173-01,1,R21,DA,015173,01,,,"1893662","MIERKE, DALE F",Not Applicable,"BROWN UNIVERSITY", ,2002,148296,
"Drug Design: Glutamate Receptor Signaling","NIDA","7477806",5R01DA018428-06,5,R01,DA,018428,06,,,"1893662","MIERKE, DALE F",Not Applicable,"DARTMOUTH COLLEGE", ,2008,334308,
"Drug Design: Glutamate Receptor Signaling","NIDA","7556423",7R01DA018428-05,7,R01,DA,018428,05,,,"1893662","MIERKE, DALE F",Not Applicable,"DARTMOUTH COLLEGE", ,2007,330677,
"Drug Design: Glutamate Receptor Signaling","NIDA","7101814",5R01DA018428-03,5,R01,DA,018428,03,,,"1893662","MIERKE, DALE F",Not Applicable,"BROWN UNIVERSITY", ,2006,340554,
"Drug Design: Glutamate Receptor Signaling","NIDA","6928977",5R01DA018428-02,5,R01,DA,018428,02,,,"1893662","MIERKE, DALE F",Not Applicable,"BROWN UNIVERSITY", ,2005,348750,
"Drug Design: Glutamate Receptor Signaling","NIDA","6830660",1R01DA018428-01,1,R01,DA,018428,01,,,"1893662","MIERKE, DALE F",Not Applicable,"BROWN UNIVERSITY", ,2004,348750,
"G PROTEIN RECEPTOR - STRUCTURAL CHARACTERIZATION","NIGMS","7809478",5R01GM054082-15,5,R01,GM,054082,15,,,"1893662","MIERKE, DALE F",Not Applicable,"DARTMOUTH COLLEGE", ,2010,346788,
"G PROTEIN RECEPTOR - STRUCTURAL CHARACTERIZATION","NIGMS","7589704",5R01GM054082-14,5,R01,GM,054082,14,,,"1893662","MIERKE, DALE F",Not Applicable,"DARTMOUTH COLLEGE", ,2009,350291,
"G PROTEIN RECEPTOR - STRUCTURAL CHARACTERIZATION","NIGMS","7386747",5R01GM054082-13,5,R01,GM,054082,13,,,"1893662","MIERKE, DALE F",Not Applicable,"DARTMOUTH COLLEGE", ,2008,350291,
"G PROTEIN RECEPTOR - STRUCTURAL CHARACTERIZATION","NIGMS","7535961",7R01GM054082-12,7,R01,GM,054082,12,,,"1893662","MIERKE, DALE F",Not Applicable,"DARTMOUTH COLLEGE", ,2007,360976,
"G PROTEIN RECEPTOR - STRUCTURAL CHARACTERIZATION","NIGMS","7262045",2R01GM054082-11A1,2,R01,GM,054082,11,A1,,"1893662","MIERKE, DALE F",Not Applicable,"BROWN UNIVERSITY", ,2007,2217,
"G Protein Receptor--Structural Characterization","NIGMS","7256177",3R01GM054082-10S1,3,R01,GM,054082,10,S1,,"1893662","MIERKE, DALE F",Not Applicable,"BROWN UNIVERSITY", ,2006,88913,
"G Protein Receptor--Structural Characterization","NIGMS","6918016",5R01GM054082-10,5,R01,GM,054082,10,,,"1893662","MIERKE, DALE F",Not Applicable,"BROWN UNIVERSITY", ,2005,249756,
"G Protein Receptor--Structural Characterization","NIGMS","6767582",5R01GM054082-09,5,R01,GM,054082,09,,,"1893662","MIERKE, DALE F",Not Applicable,"BROWN UNIVERSITY", ,2004,256124,
"G Protein Receptor--Structural Characterization","NIGMS","6603220",5R01GM054082-08,5,R01,GM,054082,08,,,"1893662","MIERKE, DALE F",Not Applicable,"BROWN UNIVERSITY", ,2003,266736,
"G Protein Receptor--Structural Characterization","NIGMS","6546341",2R01GM054082-07A2,2,R01,GM,054082,07,A2,,"1893662","MIERKE, DALE F",Not Applicable,"BROWN UNIVERSITY", ,2002,335814,
"G PROTEIN/RECEPTOR ASSOC--STRUCTURAL CHARACTERIZATION","NIGMS","6181021",5R29GM054082-06,5,R29,GM,054082,06,,,"1893662","MIERKE, DALE F",Not Applicable,"BROWN UNIVERSITY", ,2000,112000,
"G PROTEIN/RECEPTOR ASSOC--STRUCTURAL CHARACTERIZATION","NIGMS","2910232",5R29GM054082-05,5,R29,GM,054082,05,,,"1893662","MIERKE, DALE F",Not Applicable,"BROWN UNIVERSITY", ,1999,112000,
"G PROTEIN/RECEPTOR ASSOC--STRUCTURAL CHARACTERIZATION","NIGMS","2718532",5R29GM054082-04,5,R29,GM,054082,04,,,"1893662","MIERKE, DALE F",Not Applicable,"BROWN UNIVERSITY", ,1998,112000,
"G PROTEIN/RECEPTOR ASSOC--STRUCTURAL CHARACTERIZATION","NIGMS","2701733",7R29GM054082-03,7,R29,GM,054082,03,,,"1893662","MIERKE, DALE F",Not Applicable,"BROWN UNIVERSITY", ,1997,15146,
"G PROTEIN/RECEPTOR ASSOC--STRUCTURAL CHARACTERIZATION","NIGMS","2415357",5R29GM054082-02,5,R29,GM,054082,02,,,"1893662","MIERKE, DALE F",Not Applicable,"CLARK UNIVERSITY (WORCESTER, MA)", ,1997,86926,
"G PROTEIN/RECEPTOR ASSOC--STRUCTURAL CHARACTERIZATION","NIGMS","2193479",1R29GM054082-01,1,R29,GM,054082,01,,,"1893662","MIERKE, DALE F",Not Applicable,"CLARK UNIVERSITY (WORCESTER, MA)", ,1996,105090,
"Core C:  Visualizing Molecular Interactions Core","NIGMS","8813295",1P20GM113132-01,1,P20,GM,113132,01,,6069,"1893662","MIERKE, DALE F",Not Applicable,"DARTMOUTH COLLEGE", ,2016,,256811
"IDENTIFICATION AND DEVELOPMENT OF COMPOUNDS THAT ANTAGONIZE JCV HOST CELL RECOGNI","NINDS","8512817",5P01NS065719-05,5,P01,NS,065719,05,,5205,"1893662","MIERKE, DALE F",Not Applicable,"BROWN UNIVERSITY", ,2013,,258027
"Synthetic Chemistry Core","NINDS","8512821",5P01NS065719-05,5,P01,NS,065719,05,,5207,"1893662","MIERKE, DALE F",Not Applicable,"BROWN UNIVERSITY", ,2013,,195013
"IDENTIFICATION AND DEVELOPMENT OF COMPOUNDS THAT ANTAGONIZE JCV HOST CELL RECOGNI","NINDS","8381918",5P01NS065719-04,5,P01,NS,065719,04,,5205,"1893662","MIERKE, DALE F",Not Applicable,"BROWN UNIVERSITY", ,2012,,269329
"Synthetic Chemistry Core","NINDS","8381922",5P01NS065719-04,5,P01,NS,065719,04,,5207,"1893662","MIERKE, DALE F",Not Applicable,"BROWN UNIVERSITY", ,2012,,202571
"IDENTIFICATION AND DEVELOPMENT OF COMPOUNDS THAT ANTAGONIZE JCV HOST CELL RECOGNI","NINDS","8304289",5P01NS065719-03,5,P01,NS,065719,03,,5205,"1893662","MIERKE, DALE F",Not Applicable,"BROWN UNIVERSITY", ,2011,,271328
"SYNTHETIC CHEMISTRY CORE","NINDS","8304291",5P01NS065719-03,5,P01,NS,065719,03,,5207,"1893662","MIERKE, DALE F",Not Applicable,"BROWN UNIVERSITY", ,2011,,203073
"IDENTIFICATION AND DEVELOPMENT OF COMPOUNDS THAT ANTAGONIZE JCV HOST CELL RECOGNI","NINDS","8109878",5P01NS065719-02,5,P01,NS,065719,02,,5205,"1893662","MIERKE, DALE F",Not Applicable,"BROWN UNIVERSITY", ,2010,,272659
"SYNTHETIC CHEMISTRY CORE","NINDS","8109880",5P01NS065719-02,5,P01,NS,065719,02,,5207,"1893662","MIERKE, DALE F",Not Applicable,"BROWN UNIVERSITY", ,2010,,203403
"IDENTIFICATION AND DEVELOPMENT OF COMPOUNDS THAT ANTAGONIZE JCV HOST CELL RECOGNI","NINDS","7844195",1P01NS065719-01A1,1,P01,NS,065719,01,A1,5205,"1893662","MIERKE, DALE F",Not Applicable,"BROWN UNIVERSITY", ,2009,,282777
"SYNTHETIC CHEMISTRY CORE","NINDS","7844205",1P01NS065719-01A1,1,P01,NS,065719,01,A1,5207,"1893662","MIERKE, DALE F",Not Applicable,"BROWN UNIVERSITY", ,2009,,214859
"PARATHYROID HORMONE","NCRR","6279674",5P41RR000995-23,5,P41,RR,000995,23,,0010,"1893662","MIERKE, DALE F",Not Applicable,"MASSACHUSETTS INSTITUTE OF TECHNOLOGY", ,1998,,70651
"CHOLECYSTOKININ A RECEPTOR","NCRR","6279675",5P41RR000995-23,5,P41,RR,000995,23,,0011,"1893662","MIERKE, DALE F",Not Applicable,"MASSACHUSETTS INSTITUTE OF TECHNOLOGY", ,1998,,9479
"CD SPECTROPHOTOMETER: STRUCTURAL BIOL; PROTEIN; MOLECULAR PHARMACOLOGY","NCRR","7335009",1S10RR020923-01A1,1,S10,RR,020923,01,A1,0001,"1893662","MIERKE, DALE F",Not Applicable,"BROWN UNIVERSITY", ,2006,,104706
"Acquisition of a CD Spectrophotometer","NCRR","7046996",1S10RR020923-01A1,1,S10,RR,020923,01,A1,,"1893662","MIERKE, DALE F",Not Applicable,"BROWN UNIVERSITY", ,2006,104706,
"Acquisition of 700 MHz NMR for Automated Chemical/Peptide Library Screening","NCRR","7834726",1S10RR025084-01A1,1,S10,RR,025084,01,A1,,"1893662","MIERKE, DALE F",Not Applicable,"DARTMOUTH COLLEGE",YES,2010,1833339,
"CONFORMATIONAL CONSEQUENCES OF A MEMBRANE ENVIRONMENT","FIC","6394929",5R03TW000980-03,5,R03,TW,000980,03,,,"1893662","MIERKE, DALE F",Not Applicable,"BROWN UNIVERSITY", ,2001,37200,
"CONFORMATIONAL CONSEQUENCES OF A MEMBRANE ENVIRONMENT","FIC","6188482",5R03TW000980-02,5,R03,TW,000980,02,,,"1893662","MIERKE, DALE F",Not Applicable,"BROWN UNIVERSITY", ,2000,51262,
"CONFORMATIONAL CONSEQUENCES OF A MEMBRANE ENVIRONMENT","FIC","2695497",1R03TW000980-01,1,R03,TW,000980,01,,,"1893662","MIERKE, DALE F",Not Applicable,"BROWN UNIVERSITY", ,1999,51262,

