----------------------------------------------------------------------------------Search Criteria:  Search in: Projects 		AdminIC: All; Principal Investigator / Project Leader: COHN; DANIEL; Fiscal Year: 2016; 2015; 2014; 2013; 2012; 2011; 2010; 2009; 2008; 2007; 2006; 2005; 2004; 2003; 2002; 2001; 2000; 1999; 1998; 1997; 1996 ----------------------------------------------------------------------------------Project Title,Administering  IC,Application ID,Project Number,Type,Activity,IC,Serial Number,Support Year,Suffix,Subproject Number ,Contact PI  Person ID,Contact PI / Project Leader,Other PI or Project Leader(s),Organization Name,ARRA Indicator,FY,FY Total Cost ,FY Total Cost  (Sub Projects),
"GENETIC AND MOLECULAR BASIS OF OSTEOGENESIS IMPERFECTA","NIAMS","2079727",5R01AR039837-09,5,R01,AR,039837,09,,,"1943129","COHN, DANIEL H",Not Applicable,"CEDARS-SINAI MEDICAL CENTER", ,1996,234718,
"BIOCHEMICAL AND MOLECULAR BASIS OF THE COMP DISORDERS","NIAMS","6632617",5R01AR043139-09,5,R01,AR,043139,09,,,"1943129","COHN, DANIEL H",Not Applicable,"CEDARS-SINAI MEDICAL CENTER", ,2003,327954,
"BIOCHEMICAL AND MOLECULAR BASIS OF THE COMP DISORDERS","NIAMS","6511854",5R01AR043139-08,5,R01,AR,043139,08,,,"1943129","COHN, DANIEL H",Not Applicable,"CEDARS-SINAI MEDICAL CENTER", ,2002,318401,
"BIOCHEMICAL AND MOLECULAR BASIS OF THE COMP DISORDERS","NIAMS","6375005",5R01AR043139-07,5,R01,AR,043139,07,,,"1943129","COHN, DANIEL H",Not Applicable,"CEDARS-SINAI MEDICAL CENTER", ,2001,309130,
"BIOCHEMICAL AND MOLECULAR BASIS OF THE COMP DISORDERS","NIAMS","6171336",5R01AR043139-06,5,R01,AR,043139,06,,,"1943129","COHN, DANIEL H",Not Applicable,"CEDARS-SINAI MEDICAL CENTER", ,2000,300125,
"BIOCHEMICAL AND MOLECULAR BASIS OF THE COMP DISORDERS","NIAMS","2841562",2R01AR043139-05,2,R01,AR,043139,05,,,"1943129","COHN, DANIEL H",Not Applicable,"CEDARS-SINAI MEDICAL CENTER", ,1999,302896,
"ISOLATION OF THE PSEUDOACHONDROPLASIA DISEASE GENE","NIAMS","2633659",5R01AR043139-04,5,R01,AR,043139,04,,,"1943129","COHN, DANIEL H",Not Applicable,"CEDARS-SINAI MEDICAL CENTER", ,1998,244088,
"ISOLATION OF THE PSEUDOACHONDROPLASIA DISEASE GENE","NIAMS","2006410",5R01AR043139-03,5,R01,AR,043139,03,,,"1943129","COHN, DANIEL H",Not Applicable,"CEDARS-SINAI MEDICAL CENTER", ,1997,235287,
"ISOLATION OF THE PSEUDOACHONDROPLASIA DISEASE GENE","NIAMS","2082760",5R01AR043139-02,5,R01,AR,043139,02,,,"1943129","COHN, DANIEL H",Not Applicable,"CEDARS-SINAI MEDICAL CENTER", ,1996,226823,
"Exome sequencing in the skeletal dysplasias","NIAMS","9062858",4R01AR062651-04,4,R01,AR,062651,04,,,"1943129","COHN, DANIEL H",Not Applicable,"UNIVERSITY OF CALIFORNIA LOS ANGELES", ,2016,348717,
"Exome sequencing in the skeletal dysplasias","NIAMS","8842092",5R01AR062651-03,5,R01,AR,062651,03,,,"1943129","COHN, DANIEL H",Not Applicable,"UNIVERSITY OF CALIFORNIA LOS ANGELES", ,2015,348717,
"Exome sequencing in the skeletal dysplasias","NIAMS","8628740",5R01AR062651-02,5,R01,AR,062651,02,,,"1943129","COHN, DANIEL H",Not Applicable,"UNIVERSITY OF CALIFORNIA LOS ANGELES", ,2014,348717,
"Exome sequencing in the skeletal dysplasias","NIAMS","8503380",1R01AR062651-01A1,1,R01,AR,062651,01,A1,,"1943129","COHN, DANIEL H",Not Applicable,"UNIVERSITY OF CALIFORNIA LOS ANGELES", ,2013,348717,
"Short-rib polydactyly and the skeletal ciliopathies","NIDCR","9109622",5R01DE019567-07,5,R01,DE,019567,07,,,"1943129","COHN, DANIEL H ","KRAKOW, DEBORAH ","UNIVERSITY OF CALIFORNIA LOS ANGELES", ,2016,385000,
"Short-rib polydactyly and the skeletal ciliopathies","NIDCR","8963385",2R01DE019567-06A1,2,R01,DE,019567,06,A1,,"1943129","COHN, DANIEL H ","KRAKOW, DEBORAH ","UNIVERSITY OF CALIFORNIA LOS ANGELES", ,2015,385000,
"Identifying genes for recessive chondrodysplasias using ancestral identity-by-des","NIDCR","8250831",5R01DE019567-05,5,R01,DE,019567,05,,,"1943129","COHN, DANIEL H",Not Applicable,"UNIVERSITY OF CALIFORNIA LOS ANGELES", ,2012,380968,
"Identifying genes for recessive chondrodysplasias using ancestral identity-by-des","NIDCR","8062329",5R01DE019567-04,5,R01,DE,019567,04,,,"1943129","COHN, DANIEL H",Not Applicable,"UNIVERSITY OF CALIFORNIA LOS ANGELES", ,2011,373273,
"Identifying genes for recessive chondrodysplasias using ancestral identity-by-des","NIDCR","8248345",7R01DE019567-03,7,R01,DE,019567,03,,,"1943129","COHN, DANIEL H",Not Applicable,"UNIVERSITY OF CALIFORNIA LOS ANGELES", ,2010,94697,
"Identifying genes for recessive chondrodysplasias using ancestral identity-by-des","NIDCR","7903376",5R01DE019567-02,5,R01,DE,019567,02,,,"1943129","COHN, DANIEL H",Not Applicable,"CEDARS-SINAI MEDICAL CENTER", ,2010,290119,
"Identifying genes for recessive chondrodysplasias using ancestral identity-by-des","NIDCR","7731200",1R01DE019567-01A1,1,R01,DE,019567,01,A1,,"1943129","COHN, DANIEL H",Not Applicable,"CEDARS-SINAI MEDICAL CENTER", ,2009,404328,
"Molecular Studies in the Skeletal Dysplasias","NICHD","8272557",5P01HD022657-25,5,P01,HD,022657,25,,0002,"1943129","COHN, DANIEL H",Not Applicable,"CEDARS-SINAI MEDICAL CENTER", ,2011,,447456
"Molecular Studies in the Skeletal Dysplasias","NICHD","8078055",5P01HD022657-24,5,P01,HD,022657,24,,0002,"1943129","COHN, DANIEL H",Not Applicable,"CEDARS-SINAI MEDICAL CENTER", ,2010,,429233
"Molecular Studies in the Skeletal Dysplasias","NICHD","7840363",5P01HD022657-23,5,P01,HD,022657,23,,0002,"1943129","COHN, DANIEL H",Not Applicable,"CEDARS-SINAI MEDICAL CENTER", ,2009,,422603
"Molecular Studies in the Skeletal Dysplasias","NICHD","7618447",5P01HD022657-22,5,P01,HD,022657,22,,0002,"1943129","COHN, DANIEL H",Not Applicable,"CEDARS-SINAI MEDICAL CENTER", ,2008,,411966
"Molecular Studies in the Skeletal Dysplasias","NICHD","7245970",2P01HD022657-21A1,2,P01,HD,022657,21,A1,0002,"1943129","COHN, DANIEL H",Not Applicable,"CEDARS-SINAI MEDICAL CENTER", ,2007,,399175
"MOLECULAR STUDIES IN THE SKELETAL DYSPLASIAS","NICHD","6594613",2P01HD022657-16,2,P01,HD,022657,16,,0002,"1943129","COHN, DANIEL H",Not Applicable,"CEDARS-SINAI MEDICAL CENTER", ,2002,,176978
"MOLECULAR STUDIES IN THE SKELETAL DYSPLASIAS","NICHD","6410473",5P01HD022657-15,5,P01,HD,022657,15,,0002,"1943129","COHN, DANIEL H",Not Applicable,"CEDARS-SINAI MEDICAL CENTER", ,2001,,176978
"MOLECULAR STUDIES IN THE SKELETAL DYSPLASIAS","NICHD","6301934",5P01HD022657-14,5,P01,HD,022657,14,,0002,"1943129","COHN, DANIEL H",Not Applicable,"CEDARS-SINAI MEDICAL CENTER", ,2000,,168005
"MOLECULAR STUDIES IN THE SKELETAL DYSPLASIAS","NICHD","6108478",5P01HD022657-13,5,P01,HD,022657,13,,0002,"1943129","COHN, DANIEL H",Not Applicable,"CEDARS-SINAI MEDICAL CENTER", ,1999,,168005
"MOLECULAR STUDIES IN THE SKELETAL DYSPLASIAS","NICHD","6272127",2P01HD022657-12,2,P01,HD,022657,12,,0002,"1943129","COHN, DANIEL H",Not Applicable,"CEDARS-SINAI MEDICAL CENTER", ,1998,,164965
"MOLECULAR STUDIES IN THE SKELETAL DYSPLASIAS","NICHD","6241027",2P01HD022657-11,2,P01,HD,022657,11,,0002,"1943129","COHN, DANIEL H",Not Applicable,"CEDARS-SINAI MEDICAL CENTER", ,1997,,176391
"GENETIC DETERMINANTS OF OSTEOPOROSIS SUSCEPTIBILITY","NCRR","6742676",5M01RR000425-34,5,M01,RR,000425,34,,0769,"1943129","COHN, DANIEL H",Not Applicable,"LA BIOMED RES INST/ HARBOR UCLA MED CTR", ,2003,,237978
"GENETIC DETERMINANTS OF OSTEOPOROSIS SUSCEPTIBILITY","NCRR","6416287",5M01RR000425-32,5,M01,RR,000425,32,,0769,"1943129","COHN, DANIEL H",Not Applicable,"LA BIOMED RES INST/ HARBOR UCLA MED CTR", ,2001,,237978
"GENETIC DETERMINANTS OF OSTEOPOROSIS SUSCEPTIBILITY","NCRR","6306574",5M01RR000425-31,5,M01,RR,000425,31,,0769,"1943129","COHN, DANIEL H",Not Applicable,"LA BIOMED RES INST/ HARBOR UCLA MED CTR", ,2000,,982
"GENETIC DETERMINANTS OF OSTEOPOROSIS SUSCEPTIBILITY","NCRR","6264869",3M01RR000425-30S1,3,M01,RR,000425,30,S1,0769,"1943129","COHN, DANIEL H",Not Applicable,"LA BIOMED RES INST/ HARBOR UCLA MED CTR", ,1999,,982
"SKELETAL DYSPLASIAS OF PAKISTAN","FIC","6165469",5R03TW001051-02,5,R03,TW,001051,02,,,"1943129","COHN, DANIEL H",Not Applicable,"CEDARS-SINAI MEDICAL CENTER", ,2001,20292,
"SKELETAL DYSPLASIAS OF PAKISTAN","FIC","2765565",1R03TW001051-01,1,R03,TW,001051,01,,,"1943129","COHN, DANIEL H",Not Applicable,"CEDARS-SINAI MEDICAL CENTER", ,1999,27350,

