----------------------------------------------------------------------------------Search Criteria:  Search in: Projects 		AdminIC: All; Principal Investigator / Project Leader: COLON-RAMOS; DANIEL A; Fiscal Year: 2016; 2015; 2014; 2013; 2012; 2011; 2010; 2009; 2008; 2007; 2006; 2005; 2004; 2003; 2002; 2001; 2000; 1999; 1998; 1997; 1996 ----------------------------------------------------------------------------------Project Title,Administering  IC,Application ID,Project Number,Type,Activity,IC,Serial Number,Support Year,Suffix,Subproject Number ,Contact PI  Person ID,Contact PI / Project Leader,Other PI or Project Leader(s),Organization Name,ARRA Indicator,FY,FY Total Cost ,FY Total Cost  (Sub Projects),
"Synaptic target selection in the thermotaxis neural circuit of C. elegans","NINDS","7916364",5R00NS057931-05,5,R00,NS,057931,05,,,"8630492","COLON-RAMOS, DANIEL A",Not Applicable,"YALE UNIVERSITY", ,2010,307835,
"Synaptic target selection in the thermotaxis neural circuit of C. elegans","NINDS","7689150",5R00NS057931-04,5,R00,NS,057931,04,,,"8630492","COLON-RAMOS, DANIEL A",Not Applicable,"YALE UNIVERSITY", ,2009,317499,
"Synaptic target selection in the thermotaxis neural circuit of C. elegans","NINDS","7912688",3R00NS057931-03S2,3,R00,NS,057931,03,S2,,"8630492","COLON-RAMOS, DANIEL A",Not Applicable,"YALE UNIVERSITY",YES,2009,168547,
"Synaptic target selection in the thermotaxis neural circuit of C. elegans","NINDS","7891988",3R00NS057931-03S1,3,R00,NS,057931,03,S1,,"8630492","COLON-RAMOS, DANIEL A",Not Applicable,"YALE UNIVERSITY", ,2009,11347,
"Synaptic target selection in the thermotaxis neural circuit of C. elegans","NINDS","7682632",4R00NS057931-03,4,R00,NS,057931,03,,,"8630492","COLON-RAMOS, DANIEL A",Not Applicable,"YALE UNIVERSITY", ,2008,249000,
"Synaptic target selection in the thermotaxis neural circuit of C. elegans","NINDS","7322811",5K99NS057931-02,5,K99,NS,057931,02,,,"8630492","COLON-RAMOS, DANIEL A",Not Applicable,"STANFORD UNIVERSITY", ,2008,90000,
"Synaptic target selection in the thermotaxis neural circuit of C. elegans","NINDS","7223773",1K99NS057931-01,1,K99,NS,057931,01,,,"8630492","COLON-RAMOS, DANIEL A",Not Applicable,"STANFORD UNIVERSITY", ,2007,90000,
"Cellular and molecular mechanisms that temporally and spatially restrict synaptic","NINDS","9069133",4R01NS076558-05,4,R01,NS,076558,05,,,"8630492","COLON-RAMOS, DANIEL A",Not Applicable,"YALE UNIVERSITY", ,2016,364219,
"Cellular and molecular mechanisms that temporally and spatially restrict synaptic","NINDS","8865701",5R01NS076558-04,5,R01,NS,076558,04,,,"8630492","COLON-RAMOS, DANIEL A",Not Applicable,"YALE UNIVERSITY", ,2015,364219,
"Cellular and molecular mechanisms that temporally and spatially restrict synaptic","NINDS","8866624",3R01NS076558-03S1,3,R01,NS,076558,03,S1,,"8630492","COLON-RAMOS, DANIEL A",Not Applicable,"YALE UNIVERSITY", ,2014,70370,
"Cellular and molecular mechanisms that temporally and spatially restrict synaptic","NINDS","8667341",5R01NS076558-03,5,R01,NS,076558,03,,,"8630492","COLON-RAMOS, DANIEL A",Not Applicable,"YALE UNIVERSITY", ,2014,360577,
"Cellular and molecular mechanisms that temporally and spatially restrict synaptic","NINDS","8660162",3R01NS076558-02S1,3,R01,NS,076558,02,S1,,"8630492","COLON-RAMOS, DANIEL A",Not Applicable,"YALE UNIVERSITY", ,2013,70370,
"Cellular and molecular mechanisms that temporally and spatially restrict synaptic","NINDS","8496884",5R01NS076558-02,5,R01,NS,076558,02,,,"8630492","COLON-RAMOS, DANIEL A",Not Applicable,"YALE UNIVERSITY", ,2013,351383,
"Cellular and molecular mechanisms that temporally and spatially restrict synaptic","NINDS","8369973",1R01NS076558-01A1,1,R01,NS,076558,01,A1,,"8630492","COLON-RAMOS, DANIEL A",Not Applicable,"YALE UNIVERSITY", ,2012,363125,
"WormGuides: a resource for Global Understanding in Dynamic Embryonic Systems","OD","9059781",4R24OD016474-04,4,R24,OD,016474,04,,,"8630492","COLON-RAMOS, DANIEL A",Not Applicable,"YALE UNIVERSITY", ,2016,720275,
"WormGuides: a resource for Global Understanding in Dynamic Embryonic Systems","OD","9110562",3R24OD016474-03S1,3,R24,OD,016474,03,S1,,"8630492","COLON-RAMOS, DANIEL A",Not Applicable,"YALE UNIVERSITY", ,2015,90000,
"WormGuides: a resource for Global Understanding in Dynamic Embryonic Systems","OD","8842729",5R24OD016474-03,5,R24,OD,016474,03,,,"8630492","COLON-RAMOS, DANIEL A",Not Applicable,"YALE UNIVERSITY", ,2015,757369,
"WormGuides: a resource for Global Understanding in Dynamic Embryonic Systems ","OD","8915350",3R24OD016474-02S1,3,R24,OD,016474,02,S1,,"8630492","COLON-RAMOS, DANIEL A",Not Applicable,"YALE UNIVERSITY", ,2014,69252,
"WormGuides: a resource for Global Understanding in Dynamic Embryonic Systems","OD","8680385",5R24OD016474-02,5,R24,OD,016474,02,,,"8630492","COLON-RAMOS, DANIEL A",Not Applicable,"YALE UNIVERSITY", ,2014,615949,
"WormGuides: a resource for Global Understanding in Dynamic Embryonic Systems","OD","8476305",1R24OD016474-01,1,R24,OD,016474,01,,,"8630492","COLON-RAMOS, DANIEL A",Not Applicable,"YALE UNIVERSITY", ,2013,682250,

