----------------------------------------------------------------------------------Search Criteria:  Search in: Projects 		AdminIC: All; Principal Investigator / Project Leader: NEMAZEE; DAVID; Fiscal Year: 2016; 2015; 2014; 2013; 2012; 2011; 2010; 2009; 2008; 2007; 2006; 2005; 2004; 2003; 2002; 2001; 2000; 1999; 1998; 1997; 1996 ----------------------------------------------------------------------------------Project Title,Administering  IC,Application ID,Project Number,Type,Activity,IC,Serial Number,Support Year,Suffix,Subproject Number ,Contact PI  Person ID,Contact PI / Project Leader,Other PI or Project Leader(s),Organization Name,ARRA Indicator,FY,FY Total Cost ,FY Total Cost  (Sub Projects),
"RECEPTOR SELECTION IN B CELLS","NIAID","2442352",5K04AI001161-05,5,K04,AI,001161,05,,,"1860712","NEMAZEE, DAVID ",Not Applicable,"NATIONAL JEWISH HEALTH", ,1997,66636,
"RECEPTOR SELECTION IN B CELLS","NIAID","2057258",5K04AI001161-04,5,K04,AI,001161,04,,,"1860712","NEMAZEE, DAVID ",Not Applicable,"NATIONAL JEWISH HEALTH", ,1996,66636,
"Interdisciplinary Training Program in Immunology","NIAID","8484335",5T32AI007606-15,5,T32,AI,007606,15,,,"1860712","NEMAZEE, DAVID ",Not Applicable,"SCRIPPS RESEARCH INSTITUTE", ,2013,162053,
"Interdisciplinary Training Program in Immunology","NIAID","8304328",5T32AI007606-14,5,T32,AI,007606,14,,,"1860712","NEMAZEE, DAVID ",Not Applicable,"SCRIPPS RESEARCH INSTITUTE", ,2012,161569,
"Interdisciplinary Training Program in Immunology","NIAID","8102090",5T32AI007606-13,5,T32,AI,007606,13,,,"1860712","NEMAZEE, DAVID ",Not Applicable,"SCRIPPS RESEARCH INSTITUTE", ,2011,159613,
"Interdisciplinary Training Program in Immunology","NIAID","7908785",5T32AI007606-12,5,T32,AI,007606,12,,,"1860712","NEMAZEE, DAVID ",Not Applicable,"SCRIPPS RESEARCH INSTITUTE", ,2010,157452,
"Interdisciplinary Training Program in Immunology","NIAID","7695192",2T32AI007606-11,2,T32,AI,007606,11,,,"1860712","NEMAZEE, DAVID ",Not Applicable,"SCRIPPS RESEARCH INSTITUTE", ,2009,156350,
"Interdisciplinary Training Program in Immunology","NIAID","7491493",5T32AI007606-10,5,T32,AI,007606,10,,,"1860712","NEMAZEE, DAVID ",Not Applicable,"SCRIPPS RESEARCH INSTITUTE", ,2008,165001,
"Receptor Editing in B cells","NIAID","7835661",5R01AI033608-17,5,R01,AI,033608,17,,,"1860712","NEMAZEE, DAVID ",Not Applicable,"SCRIPPS RESEARCH INSTITUTE",YES,2010,474750,
"Receptor Editing in B cells","NIAID","7526421",2R01AI033608-16A1,2,R01,AI,033608,16,A1,,"1860712","NEMAZEE, DAVID ",Not Applicable,"SCRIPPS RESEARCH INSTITUTE",YES,2009,474750,
"Receptor Editing In B Cells","NIAID","7152845",5R01AI033608-15,5,R01,AI,033608,15,,,"1860712","NEMAZEE, DAVID ",Not Applicable,"SCRIPPS RESEARCH INSTITUTE", ,2007,355947,
"Receptor Editing In B Cells","NIAID","6982822",5R01AI033608-14,5,R01,AI,033608,14,,,"1860712","NEMAZEE, DAVID ",Not Applicable,"SCRIPPS RESEARCH INSTITUTE", ,2006,433915,
"Receptor Editing In B Cells","NIAID","7070450",3R01AI033608-13S1,3,R01,AI,033608,13,S1,,"1860712","NEMAZEE, DAVID ",Not Applicable,"SCRIPPS RESEARCH INSTITUTE", ,2005,24805,
"Receptor Editing In B Cells","NIAID","6821369",5R01AI033608-13,5,R01,AI,033608,13,,,"1860712","NEMAZEE, DAVID ",Not Applicable,"SCRIPPS RESEARCH INSTITUTE", ,2005,375400,
"Receptor Editing In B Cells","NIAID","6685172",5R01AI033608-12,5,R01,AI,033608,12,,,"1860712","NEMAZEE, DAVID ",Not Applicable,"SCRIPPS RESEARCH INSTITUTE", ,2004,375400,
"Receptor Editing In B Cells","NIAID","6582525",2R01AI033608-11,2,R01,AI,033608,11,,,"1860712","NEMAZEE, DAVID ",Not Applicable,"SCRIPPS RESEARCH INSTITUTE", ,2003,375400,
"RECEPTOR EDITING IN B CELLS","NIAID","6475682",5R01AI033608-10,5,R01,AI,033608,10,,,"1860712","NEMAZEE, DAVID ",Not Applicable,"SCRIPPS RESEARCH INSTITUTE", ,2002,273990,
"RECEPTOR EDITING IN B CELLS","NIAID","6328714",5R01AI033608-09,5,R01,AI,033608,09,,,"1860712","NEMAZEE, DAVID ",Not Applicable,"SCRIPPS RESEARCH INSTITUTE", ,2001,266008,
"RECEPTOR EDITING IN B CELLS","NIAID","6124268",5R01AI033608-08,5,R01,AI,033608,08,,,"1860712","NEMAZEE, DAVID ",Not Applicable,"SCRIPPS RESEARCH INSTITUTE", ,2000,258262,
"RECEPTOR EDITING IN B CELLS","NIAID","2837430",7R01AI033608-07,7,R01,AI,033608,07,,,"1860712","NEMAZEE, DAVID ",Not Applicable,"SCRIPPS RESEARCH INSTITUTE", ,1999,250743,
"RECEPTOR EDITING IN B CELLS","NIAID","2456026",2R01AI033608-06,2,R01,AI,033608,06,,,"1860712","NEMAZEE, DAVID ",Not Applicable,"NATIONAL JEWISH HEALTH", ,1998,188213,
"RECEPTOR EDITING IN B-CELLS","NIAID","2003900",5R01AI033608-05,5,R01,AI,033608,05,,,"1860712","NEMAZEE, DAVID ",Not Applicable,"NATIONAL JEWISH HEALTH", ,1997,156844,
"RECEPTOR EDITING IN B-CELLS","NIAID","2068677",5R01AI033608-04,5,R01,AI,033608,04,,,"1860712","NEMAZEE, DAVID ",Not Applicable,"NATIONAL JEWISH HEALTH", ,1996,135321,
"Immune Tolerance in Non-clonal Immune Systems","NIAID","6615544",5R21AI049940-03,5,R21,AI,049940,03,,,"1860712","NEMAZEE, DAVID ",Not Applicable,"SCRIPPS RESEARCH INSTITUTE", ,2003,265950,
"Immune Tolerance in Non-clonal Immune Systems","NIAID","6532874",5R21AI049940-02,5,R21,AI,049940,02,,,"1860712","NEMAZEE, DAVID ",Not Applicable,"SCRIPPS RESEARCH INSTITUTE", ,2002,252653,
"Immune Tolerance in Non-clonal Immune Systems","NIAID","6360319",1R21AI049940-01,1,R21,AI,049940,01,,,"1860712","NEMAZEE, DAVID ",Not Applicable,"SCRIPPS RESEARCH INSTITUTE", ,2001,265950,
"Assessment of BAFF as a mucosal HIV DNA vaccine adjuvant","NIAID","6872949",5R21AI058830-02,5,R21,AI,058830,02,,,"1860712","NEMAZEE, DAVID ",Not Applicable,"SCRIPPS RESEARCH INSTITUTE", ,2005,281550,
"Assessment of BAFF as a mucosal HIV DNA vaccine adjuvant","NIAID","6798487",1R21AI058830-01A1,1,R21,AI,058830,01,A1,,"1860712","NEMAZEE, DAVID ",Not Applicable,"SCRIPPS RESEARCH INSTITUTE", ,2004,281550,
"Immune Tolerance in Non-Clonal Immune Systems","NIAID","8993632",5R37AI059714-13,5,R37,AI,059714,13,,,"1860712","NEMAZEE, DAVID ",Not Applicable,"SCRIPPS RESEARCH INSTITUTE", ,2016,473750,
"Immune Tolerance in Non-Clonal Immune Systems","NIAID","8805821",5R37AI059714-12,5,R37,AI,059714,12,,,"1860712","NEMAZEE, DAVID ",Not Applicable,"SCRIPPS RESEARCH INSTITUTE", ,2015,473750,
"Immune Tolerance in Non-Clonal Immune Systems","NIAID","8695077",2R37AI059714-11,2,R37,AI,059714,11,,,"1860712","NEMAZEE, DAVID ",Not Applicable,"SCRIPPS RESEARCH INSTITUTE", ,2014,473750,
"Immune Tolerance in Non-clonal Immune Systems","NIAID","8418759",5R01AI059714-10,5,R01,AI,059714,10,,,"1860712","NEMAZEE, DAVID ",Not Applicable,"SCRIPPS RESEARCH INSTITUTE", ,2013,393648,
"Immune Tolerance in Non-clonal Immune Systems","NIAID","8212136",5R01AI059714-09,5,R01,AI,059714,09,,,"1860712","NEMAZEE, DAVID ",Not Applicable,"SCRIPPS RESEARCH INSTITUTE", ,2012,418773,
"Immune Tolerance in Non-clonal Immune Systems","NIAID","8016716",5R01AI059714-08,5,R01,AI,059714,08,,,"1860712","NEMAZEE, DAVID ",Not Applicable,"SCRIPPS RESEARCH INSTITUTE", ,2011,418773,
"Immune Tolerance in Non-clonal Immune Systems","NIAID","7746443",5R01AI059714-07,5,R01,AI,059714,07,,,"1860712","NEMAZEE, DAVID ",Not Applicable,"SCRIPPS RESEARCH INSTITUTE", ,2010,423002,
"Immune Tolerance in Non-clonal Immune Systems","NIAID","7580797",2R01AI059714-06,2,R01,AI,059714,06,,,"1860712","NEMAZEE, DAVID ",Not Applicable,"SCRIPPS RESEARCH INSTITUTE", ,2009,427275,
"Immune Tolerance in Non-Clonal Immune Systems","NIAID","7342034",5R01AI059714-05,5,R01,AI,059714,05,,,"1860712","NEMAZEE, DAVID ",Not Applicable,"SCRIPPS RESEARCH INSTITUTE", ,2008,352533,
"Immune Tolerance in Non-Clonal Immune Systems","NIAID","7173792",5R01AI059714-04,5,R01,AI,059714,04,,,"1860712","NEMAZEE, DAVID ",Not Applicable,"SCRIPPS RESEARCH INSTITUTE", ,2007,355947,
"Immune Tolerance in Non-Clonal Immune Systems","NIAID","7008883",5R01AI059714-03,5,R01,AI,059714,03,,,"1860712","NEMAZEE, DAVID ",Not Applicable,"SCRIPPS RESEARCH INSTITUTE", ,2006,366578,
"Immune Tolerance in Non-Clonal Immune Systems","NIAID","6846277",5R01AI059714-02,5,R01,AI,059714,02,,,"1860712","NEMAZEE, DAVID ",Not Applicable,"SCRIPPS RESEARCH INSTITUTE", ,2005,375400,
"Immune Tolerance in Non-Clonal Immune Systems","NIAID","6770840",1R01AI059714-01,1,R01,AI,059714,01,,,"1860712","NEMAZEE, DAVID ",Not Applicable,"SCRIPPS RESEARCH INSTITUTE", ,2004,375400,
"Mutational and biochemical analysis of Fgd2 and Fgd3","NIAID","8080951",5R01AI067403-05,5,R01,AI,067403,05,,,"1860712","NEMAZEE, DAVID ",Not Applicable,"SCRIPPS RESEARCH INSTITUTE", ,2011,364401,
"Mutational and biochemical analysis of Fgd2 and Fgd3","NIAID","7812240",5R01AI067403-04,5,R01,AI,067403,04,,,"1860712","NEMAZEE, DAVID ",Not Applicable,"SCRIPPS RESEARCH INSTITUTE", ,2010,368081,
"Manipulating the IgE response with IgE-reactive macroself antigen","NIAID","7244121",5R21AI069866-02,5,R21,AI,069866,02,,,"1860712","NEMAZEE, DAVID ",Not Applicable,"SCRIPPS RESEARCH INSTITUTE", ,2007,225636,
"Manipulating the IgE response with IgE-reactive macroself antigen","NIAID","7115484",1R21AI069866-01,1,R21,AI,069866,01,,,"1860712","NEMAZEE, DAVID ",Not Applicable,"SCRIPPS RESEARCH INSTITUTE", ,2006,185900,
"Knock-in mice expressing germline-reverted broadly neutralizing HIV antibodies","NIAID","8995614",5R01AI073148-08,5,R01,AI,073148,08,,,"1860712","NEMAZEE, DAVID ",Not Applicable,"SCRIPPS RESEARCH INSTITUTE", ,2016,546603,
"Knock-in mice expressing germline-reverted broadly neutralizing HIV antibodies","NIAID","8804235",5R01AI073148-07,5,R01,AI,073148,07,,,"1860712","NEMAZEE, DAVID ",Not Applicable,"SCRIPPS RESEARCH INSTITUTE", ,2015,546603,
"Knock-in mice expressing germline-reverted broadly neutralizing HIV antibodies","NIAID","8729229",2R01AI073148-06A1,2,R01,AI,073148,06,A1,,"1860712","NEMAZEE, DAVID ",Not Applicable,"SCRIPPS RESEARCH INSTITUTE", ,2014,287360,
"Knock-in mice expressing germline-reverted broadly neutralizing HIV antibodies","NIAID","8711720",2R56AI073148-06,2,R56,AI,073148,06,,,"1860712","NEMAZEE, DAVID ",Not Applicable,"SCRIPPS RESEARCH INSTITUTE", ,2013,513805,
"Knockin mice expressing broadly neutralizing HIV antibodies 4E10 and b12","NIAID","8039277",5R01AI073148-05,5,R01,AI,073148,05,,,"1860712","NEMAZEE, DAVID ",Not Applicable,"SCRIPPS RESEARCH INSTITUTE", ,2011,455501,
"Knockin mice expressing broadly neutralizing HIV antibodies 4E10 and b12","NIAID","7779436",5R01AI073148-04,5,R01,AI,073148,04,,,"1860712","NEMAZEE, DAVID ",Not Applicable,"SCRIPPS RESEARCH INSTITUTE", ,2010,460102,
"Knockin mice expressing broadly neutralizing HIV antibodies 4E10 and b12","NIAID","7615581",5R01AI073148-03,5,R01,AI,073148,03,,,"1860712","NEMAZEE, DAVID ",Not Applicable,"SCRIPPS RESEARCH INSTITUTE", ,2009,464749,
"Knockin mice expressing broadly neutralizing HIV antibodies 4E10 and b12","NIAID","7405981",5R01AI073148-02,5,R01,AI,073148,02,,,"1860712","NEMAZEE, DAVID ",Not Applicable,"SCRIPPS RESEARCH INSTITUTE", ,2008,464749,
"Knockin mice expressing broadly neutralizing HIV antibodies 4E10 and b12","NIAID","7284725",1R01AI073148-01A1,1,R01,AI,073148,01,A1,,"1860712","NEMAZEE, DAVID ",Not Applicable,"SCRIPPS RESEARCH INSTITUTE", ,2007,466000,
"Functional analysis of Phospholipase D4","NIAID","7871481",5R21AI082493-02,5,R21,AI,082493,02,,,"1860712","NEMAZEE, DAVID ",Not Applicable,"SCRIPPS RESEARCH INSTITUTE", ,2010,235001,
"Functional analysis of Phospholipase D4","NIAID","7739769",1R21AI082493-01A1,1,R21,AI,082493,01,A1,,"1860712","NEMAZEE, DAVID ",Not Applicable,"SCRIPPS RESEARCH INSTITUTE", ,2009,284850,
"Analysis of the immunological role of Phospholipase D4","NIAID","8495932",5R21AI101692-02,5,R21,AI,101692,02,,,"1860712","NEMAZEE, DAVID ",Not Applicable,"SCRIPPS RESEARCH INSTITUTE", ,2013,133598,
"Analysis of the immunological role of Phospholipase D4","NIAID","8356431",1R21AI101692-01,1,R21,AI,101692,01,,,"1860712","NEMAZEE, DAVID ",Not Applicable,"SCRIPPS RESEARCH INSTITUTE", ,2012,379000,
"Role of Pld4 in nucleic acid sensing and interferon production","NIAID","9165778",1R21AI126011-01,1,R21,AI,126011,01,,,"1860712","NEMAZEE, DAVID ",Not Applicable,"SCRIPPS RESEARCH INSTITUTE", ,2016,288750,
"Effect of BAFF on threshold of B cell tolerance","NIDCR","7816742",5R01DE017568-05,5,R01,DE,017568,05,,,"1860712","NEMAZEE, DAVID ",Not Applicable,"SCRIPPS RESEARCH INSTITUTE", ,2010,342305,
"Effect of BAFF on threshold of B cell tolerance","NIDCR","7617883",5R01DE017568-04,5,R01,DE,017568,04,,,"1860712","NEMAZEE, DAVID ",Not Applicable,"SCRIPPS RESEARCH INSTITUTE", ,2009,345764,
"Effect of BAFF on threshold of B cell tolerance","NIDCR","7410153",5R01DE017568-03,5,R01,DE,017568,03,,,"1860712","NEMAZEE, DAVID ",Not Applicable,"SCRIPPS RESEARCH INSTITUTE", ,2008,345764,
"Effect of BAFF on threshold of B cell tolerance","NIDCR","7251973",5R01DE017568-02,5,R01,DE,017568,02,,,"1860712","NEMAZEE, DAVID ",Not Applicable,"SCRIPPS RESEARCH INSTITUTE", ,2007,342967,
"Effect of BAFF on threshold of B cell tolerance","NIDCR","7126206",1R01DE017568-01,1,R01,DE,017568,01,,,"1860712","NEMAZEE, DAVID ",Not Applicable,"SCRIPPS RESEARCH INSTITUTE", ,2006,353210,
"B lymphocyte Tolerance in Health and Autoimmunity","NIGMS","7599663",5R01GM044809-20,5,R01,GM,044809,20,,,"1860712","NEMAZEE, DAVID ",Not Applicable,"SCRIPPS RESEARCH INSTITUTE", ,2009,382730,
"B lymphocyte Tolerance in Health and Autoimmunity","NIGMS","7393243",5R01GM044809-19,5,R01,GM,044809,19,,,"1860712","NEMAZEE, DAVID ",Not Applicable,"SCRIPPS RESEARCH INSTITUTE", ,2008,382730,
"B lymphocyte Tolerance in Health and Autoimmunity","NIGMS","7215734",5R01GM044809-18,5,R01,GM,044809,18,,,"1860712","NEMAZEE, DAVID ",Not Applicable,"SCRIPPS RESEARCH INSTITUTE", ,2007,375459,
"B lymphocyte Tolerance in Health and Autoimmunity","NIGMS","7105298",2R01GM044809-17,2,R01,GM,044809,17,,,"1860712","NEMAZEE, DAVID ",Not Applicable,"SCRIPPS RESEARCH INSTITUTE", ,2006,386672,
"B-Cell Tolerance in Health and Autoimmunity","NIGMS","6878084",5R01GM044809-16,5,R01,GM,044809,16,,,"1860712","NEMAZEE, DAVID ",Not Applicable,"SCRIPPS RESEARCH INSTITUTE", ,2005,370400,
"B-Cell Tolerance in Health and Autoimmunity","NIGMS","6729878",5R01GM044809-15,5,R01,GM,044809,15,,,"1860712","NEMAZEE, DAVID ",Not Applicable,"SCRIPPS RESEARCH INSTITUTE", ,2004,370400,
"B-Cell Tolerance in Health and Autoimmunity","NIGMS","6621084",5R01GM044809-14,5,R01,GM,044809,14,,,"1860712","NEMAZEE, DAVID ",Not Applicable,"SCRIPPS RESEARCH INSTITUTE", ,2003,370400,
"B-Cell Tolerance in Health and Autoimmunity","NIGMS","6430388",2R01GM044809-13,2,R01,GM,044809,13,,,"1860712","NEMAZEE, DAVID ",Not Applicable,"SCRIPPS RESEARCH INSTITUTE", ,2002,370400,
"B LYMPHOCYTE TOLERANCE IN HEALTH AND AUTOIMMUNITY","NIGMS","6386020",5R01GM044809-12,5,R01,GM,044809,12,,,"1860712","NEMAZEE, DAVID ",Not Applicable,"SCRIPPS RESEARCH INSTITUTE", ,2001,270407,
"B LYMPHOCYTE TOLERANCE IN HEALTH AND AUTOIMMUNITY","NIGMS","6179728",5R01GM044809-11,5,R01,GM,044809,11,,,"1860712","NEMAZEE, DAVID ",Not Applicable,"SCRIPPS RESEARCH INSTITUTE", ,2000,262530,
"B LYMPHOCYTE TOLERANCE IN HEALTH AND AUTOIMMUNITY","NIGMS","6026982",5R01GM044809-10,5,R01,GM,044809,10,,,"1860712","NEMAZEE, DAVID ",Not Applicable,"SCRIPPS RESEARCH INSTITUTE", ,1999,254882,
"B LYMPHOCYTE TOLERANCE IN HEALTH AND AUTOIMMUNITY","NIGMS","2865273",7R01GM044809-09,7,R01,GM,044809,09,,,"1860712","NEMAZEE, DAVID ",Not Applicable,"SCRIPPS RESEARCH INSTITUTE", ,1998,186762,
"B LYMPHOCYTE TOLERANCE IN HEALTH AND AUTOIMMUNITY","NIGMS","2616956",2R01GM044809-08A1,2,R01,GM,044809,08,A1,,"1860712","NEMAZEE, DAVID ",Not Applicable,"NATIONAL JEWISH HEALTH", ,1998,52849,
"B LYMPHOCYTE TOLERANCE IN HEALTH AND AUTOIMMUNITY","NIGMS","2639776",3R01GM044809-07S1,3,R01,GM,044809,07,S1,,"1860712","NEMAZEE, DAVID ",Not Applicable,"NATIONAL JEWISH HEALTH", ,1997,32457,
"B LYMPHOCYTE TOLERANCE IN HEALTH AND AUTOIMMUNITY","NIGMS","2182767",5R01GM044809-07,5,R01,GM,044809,07,,,"1860712","NEMAZEE, DAVID ",Not Applicable,"NATIONAL JEWISH HEALTH", ,1996,157374,
"TOLERANCE IN NONCLONAL IMMUNE SYSTEMS","NIGMS","2900933",5R21GM057665-03,5,R21,GM,057665,03,,,"1860712","NEMAZEE, DAVID ",Not Applicable,"SCRIPPS RESEARCH INSTITUTE", ,1999,123410,
"TOLERANCE IN NONCLONAL IMMUNE SYSTEMS","NIGMS","2872762",7R21GM057665-02,7,R21,GM,057665,02,,,"1860712","NEMAZEE, DAVID ",Not Applicable,"SCRIPPS RESEARCH INSTITUTE", ,1998,22904,
"TOLERANCE IN NON-CLONAL IMMUNE SYSTEMS","NIGMS","2610759",1R21GM057665-01,1,R21,GM,057665,01,,,"1860712","NEMAZEE, DAVID ",Not Applicable,"NATIONAL JEWISH HEALTH", ,1998,85580,

