----------------------------------------------------------------------------------Search Criteria:  Search in: Projects 		AdminIC: All; Principal Investigator / Project Leader: RAULET; DAVID H; Fiscal Year: 2016; 2015; 2014; 2013; 2012; 2011; 2010; 2009; 2008; 2007; 2006; 2005; 2004; 2003; 2002; 2001; 2000; 1999; 1998; 1997; 1996 ----------------------------------------------------------------------------------Project Title,Administering  IC,Application ID,Project Number,Type,Activity,IC,Serial Number,Support Year,Suffix,Subproject Number ,Contact PI  Person ID,Contact PI / Project Leader,Other PI or Project Leader(s),Organization Name,ARRA Indicator,FY,FY Total Cost ,FY Total Cost  (Sub Projects),
"H-2 GENES AND T CELL SELECTION","NIAID","2886668",5R01AI030171-11,5,R01,AI,030171,11,,,"1864134","RAULET, DAVID H",Not Applicable,"UNIVERSITY OF CALIFORNIA BERKELEY", ,1999,284471,
"H-2 GENES AND T CELL SELECTION","NIAID","2672026",5R01AI030171-10,5,R01,AI,030171,10,,,"1864134","RAULET, DAVID H",Not Applicable,"UNIVERSITY OF CALIFORNIA BERKELEY", ,1998,273531,
"H-2 GENES AND T CELL SELECTION","NIAID","2413580",5R01AI030171-09,5,R01,AI,030171,09,,,"1864134","RAULET, DAVID H",Not Applicable,"UNIVERSITY OF CALIFORNIA BERKELEY", ,1997,263011,
"H-2 GENES AND T CELL SELECTION","NIAID","2065498",5R01AI030171-08,5,R01,AI,030171,08,,,"1864134","RAULET, DAVID H",Not Applicable,"UNIVERSITY OF CALIFORNIA BERKELEY", ,1996,252896,
"Regulation of MHC Dependence of gamma delta T cells","NIAID","7880703",5R01AI031650-20,5,R01,AI,031650,20,,,"1864134","RAULET, DAVID H",Not Applicable,"UNIVERSITY OF CALIFORNIA BERKELEY", ,2010,346572,
"Regulation of MHC Dependence of gamma delta T cells","NIAID","7640961",5R01AI031650-19,5,R01,AI,031650,19,,,"1864134","RAULET, DAVID H",Not Applicable,"UNIVERSITY OF CALIFORNIA BERKELEY", ,2009,351154,
"Regulation of MHC Dependence of gamma delta T cells","NIAID","7454229",5R01AI031650-18,5,R01,AI,031650,18,,,"1864134","RAULET, DAVID H",Not Applicable,"UNIVERSITY OF CALIFORNIA BERKELEY", ,2008,352137,
"Regulation of MHC Dependence of gamma delta T cells","NIAID","7236720",5R01AI031650-17,5,R01,AI,031650,17,,,"1864134","RAULET, DAVID H",Not Applicable,"UNIVERSITY OF CALIFORNIA BERKELEY", ,2007,359868,
"Regulation of MHC Dependence of gamma delta T cells","NIAID","7149369",2R01AI031650-16A1,2,R01,AI,031650,16,A1,,"1864134","RAULET, DAVID H",Not Applicable,"UNIVERSITY OF CALIFORNIA BERKELEY", ,2006,371469,
"REGULATION AND MHC DEPENDENCE OF GAMMA DELTA T CELLS","NIAID","6836457",5R01AI031650-15,5,R01,AI,031650,15,,,"1864134","RAULET, DAVID H",Not Applicable,"UNIVERSITY OF CALIFORNIA BERKELEY", ,2005,376000,
"REGULATION AND MHC DEPENDENCE OF GAMMA DELTA T CELLS","NIAID","6690352",5R01AI031650-14,5,R01,AI,031650,14,,,"1864134","RAULET, DAVID H",Not Applicable,"UNIVERSITY OF CALIFORNIA BERKELEY", ,2004,376000,
"REGULATION AND MHC DEPENDENCE OF GAMMA DELTA T CELLS","NIAID","6626490",5R01AI031650-13,5,R01,AI,031650,13,,,"1864134","RAULET, DAVID H",Not Applicable,"UNIVERSITY OF CALIFORNIA BERKELEY", ,2003,376000,
"REGULATION AND MHC DEPENDENCE OF GAMMA DELTA T CELLS","NIAID","6488931",5R01AI031650-12,5,R01,AI,031650,12,,,"1864134","RAULET, DAVID H",Not Applicable,"UNIVERSITY OF CALIFORNIA BERKELEY", ,2002,376000,
"REGULATION AND MHC DEPENDENCE OF GAMMA DELTA T CELLS","NIAID","6286158",2R01AI031650-11,2,R01,AI,031650,11,,,"1864134","RAULET, DAVID H",Not Applicable,"UNIVERSITY OF CALIFORNIA BERKELEY", ,2001,376000,
"REGULATION OF MHC-DEPENDENCE OF GAMMA DELTA T CELLS","NIAID","6137166",5R01AI031650-10,5,R01,AI,031650,10,,,"1864134","RAULET, DAVID H",Not Applicable,"UNIVERSITY OF CALIFORNIA BERKELEY", ,2000,345275,
"REGULATION OF MHC-DEPENDENCE OF GAMMA DELTA T CELLS","NIAID","2855991",5R01AI031650-09,5,R01,AI,031650,09,,,"1864134","RAULET, DAVID H",Not Applicable,"UNIVERSITY OF CALIFORNIA BERKELEY", ,1999,331996,
"REGULATION OF MHC-DEPENDENCE OF GAMMA DELTA T CELLS","NIAID","2633509",5R01AI031650-08,5,R01,AI,031650,08,,,"1864134","RAULET, DAVID H",Not Applicable,"UNIVERSITY OF CALIFORNIA BERKELEY", ,1998,319226,
"REGULATION OF MHC-DEPENDENCE OF GAMMA DELTA T CELLS","NIAID","2003707",5R01AI031650-07,5,R01,AI,031650,07,,,"1864134","RAULET, DAVID H",Not Applicable,"UNIVERSITY OF CALIFORNIA BERKELEY", ,1997,306947,
"REGULATION OF MHC-DEPENDENCE OF GAMMA DELTA T CELLS","NIAID","2066635",2R01AI031650-06,2,R01,AI,031650,06,,,"1864134","RAULET, DAVID H",Not Applicable,"UNIVERSITY OF CALIFORNIA BERKELEY", ,1996,295141,
"Role of MHC Molecules in NK Recognition","NIAID","8125521",2R56AI035021-16,2,R56,AI,035021,16,,,"1864134","RAULET, DAVID H",Not Applicable,"UNIVERSITY OF CALIFORNIA BERKELEY", ,2010,266054,
"Role of MHC molecules in NK recognition","NIAID","7392659",5R01AI035021-15,5,R01,AI,035021,15,,,"1864134","RAULET, DAVID H",Not Applicable,"UNIVERSITY OF CALIFORNIA BERKELEY", ,2008,203834,
"Role of MHC molecules in NK recognition","NIAID","7204108",5R01AI035021-14,5,R01,AI,035021,14,,,"1864134","RAULET, DAVID H",Not Applicable,"UNIVERSITY OF CALIFORNIA BERKELEY", ,2007,208547,
"Role of MHC molecules in NK recognition","NIAID","7030966",5R01AI035021-13,5,R01,AI,035021,13,,,"1864134","RAULET, DAVID H",Not Applicable,"UNIVERSITY OF CALIFORNIA BERKELEY", ,2006,215491,
"Role of MHC molecules in NK recognition","NIAID","6857058",5R01AI035021-12,5,R01,AI,035021,12,,,"1864134","RAULET, DAVID H",Not Applicable,"UNIVERSITY OF CALIFORNIA BERKELEY", ,2005,221343,
"Role of MHC molecules in NK recognition","NIAID","6781432",2R01AI035021-11,2,R01,AI,035021,11,,,"1864134","RAULET, DAVID H",Not Applicable,"UNIVERSITY OF CALIFORNIA BERKELEY", ,2004,221948,
"MHC MOLECULES AND NK RECOGNITION","NIAID","6624632",5R01AI035021-10,5,R01,AI,035021,10,,,"1864134","RAULET, DAVID H",Not Applicable,"UNIVERSITY OF CALIFORNIA BERKELEY", ,2003,203536,
"MHC MOLECULES AND NK RECOGNITION","NIAID","6475697",5R01AI035021-09,5,R01,AI,035021,09,,,"1864134","RAULET, DAVID H",Not Applicable,"UNIVERSITY OF CALIFORNIA BERKELEY", ,2002,197666,
"MHC MOLECULES AND NK RECOGNITION","NIAID","6328729",5R01AI035021-08,5,R01,AI,035021,08,,,"1864134","RAULET, DAVID H",Not Applicable,"UNIVERSITY OF CALIFORNIA BERKELEY", ,2001,191966,
"MHC MOLECULES AND NK RECOGNITION","NIAID","6124296",5R01AI035021-07,5,R01,AI,035021,07,,,"1864134","RAULET, DAVID H",Not Applicable,"UNIVERSITY OF CALIFORNIA BERKELEY", ,2000,186434,
"MHC MOLECULES AND NK RECOGNITION","NIAID","2759451",2R01AI035021-06,2,R01,AI,035021,06,,,"1864134","RAULET, DAVID H",Not Applicable,"UNIVERSITY OF CALIFORNIA BERKELEY", ,1999,179062,
"MHC MOLECULES AND NK RECOGNITION","NIAID","2607822",5R01AI035021-05,5,R01,AI,035021,05,,,"1864134","RAULET, DAVID H",Not Applicable,"UNIVERSITY OF CALIFORNIA BERKELEY", ,1998,185928,
"MHC MOLECULES AND NK RECOGNITION","NIAID","2004020",5R01AI035021-04,5,R01,AI,035021,04,,,"1864134","RAULET, DAVID H",Not Applicable,"UNIVERSITY OF CALIFORNIA BERKELEY", ,1997,178778,
"MHC MOLECULES AND NK RECOGNITION","NIAID","2070363",5R01AI035021-03,5,R01,AI,035021,03,,,"1864134","RAULET, DAVID H",Not Applicable,"UNIVERSITY OF CALIFORNIA BERKELEY", ,1996,185460,
"Expression of class I specific receptors in NK cells","NIAID","8651403",5R01AI039642-19,5,R01,AI,039642,19,,,"1864134","RAULET, DAVID H",Not Applicable,"UNIVERSITY OF CALIFORNIA BERKELEY", ,2014,366847,
"Expression of class I specific receptors in NK cells","NIAID","8454490",5R01AI039642-18,5,R01,AI,039642,18,,,"1864134","RAULET, DAVID H",Not Applicable,"UNIVERSITY OF CALIFORNIA BERKELEY", ,2013,345952,
"Expression of class I specific receptors in NK cells","NIAID","8261048",5R01AI039642-17,5,R01,AI,039642,17,,,"1864134","RAULET, DAVID H",Not Applicable,"UNIVERSITY OF CALIFORNIA BERKELEY", ,2012,369115,
"Expression of class I specific receptors in NK cells","NIAID","8072054",5R01AI039642-16,5,R01,AI,039642,16,,,"1864134","RAULET, DAVID H",Not Applicable,"UNIVERSITY OF CALIFORNIA BERKELEY", ,2011,370096,
"Expression of class I specific receptors in NK cells","NIAID","7987397",2R01AI039642-15,2,R01,AI,039642,15,,,"1864134","RAULET, DAVID H",Not Applicable,"UNIVERSITY OF CALIFORNIA BERKELEY", ,2010,374736,
"Expression of Class I Specific Receptors in NK Cells","NIAID","7591789",5R01AI039642-14,5,R01,AI,039642,14,,,"1864134","RAULET, DAVID H",Not Applicable,"UNIVERSITY OF CALIFORNIA BERKELEY", ,2009,319652,
"Expression of Class I Specific Receptors in NK Cells","NIAID","7392662",5R01AI039642-13,5,R01,AI,039642,13,,,"1864134","RAULET, DAVID H",Not Applicable,"UNIVERSITY OF CALIFORNIA BERKELEY", ,2008,320208,
"Expression of Class I Specific Receptors in NK Cells","NIAID","7191743",5R01AI039642-12,5,R01,AI,039642,12,,,"1864134","RAULET, DAVID H",Not Applicable,"UNIVERSITY OF CALIFORNIA BERKELEY", ,2007,326926,
"Expression of Class I Specific Receptors in NK Cells","NIAID","7104515",2R01AI039642-11,2,R01,AI,039642,11,,,"1864134","RAULET, DAVID H",Not Applicable,"UNIVERSITY OF CALIFORNIA BERKELEY", ,2006,337172,
"Expression of Class I Specific Receptors in NK Cells","NIAID","6865418",5R01AI039642-10,5,R01,AI,039642,10,,,"1864134","RAULET, DAVID H",Not Applicable,"UNIVERSITY OF CALIFORNIA BERKELEY", ,2005,297222,
"Expression of Class I Specific Receptors in NK Cells","NIAID","6719596",5R01AI039642-09,5,R01,AI,039642,09,,,"1864134","RAULET, DAVID H",Not Applicable,"UNIVERSITY OF CALIFORNIA BERKELEY", ,2004,297547,
"Expression of Class I Specific Receptors in NK Cells","NIAID","6631828",5R01AI039642-08,5,R01,AI,039642,08,,,"1864134","RAULET, DAVID H",Not Applicable,"UNIVERSITY OF CALIFORNIA BERKELEY", ,2003,297843,
"Expression of Class I Specific Receptors in NK Cells","NIAID","6510494",5R01AI039642-07,5,R01,AI,039642,07,,,"1864134","RAULET, DAVID H",Not Applicable,"UNIVERSITY OF CALIFORNIA BERKELEY", ,2002,298112,
"Expression of Class I Specific Receptors in NK Cells","NIAID","6326366",2R01AI039642-06,2,R01,AI,039642,06,,,"1864134","RAULET, DAVID H",Not Applicable,"UNIVERSITY OF CALIFORNIA BERKELEY", ,2001,298356,
"EXPRESSION OF CLASS I-SPECIFIC RECEPTORS IN NK CELLS","NIAID","6169728",5R01AI039642-05,5,R01,AI,039642,05,,,"1864134","RAULET, DAVID H",Not Applicable,"UNIVERSITY OF CALIFORNIA BERKELEY", ,2000,265450,
"EXPRESSION OF CLASS I-SPECIFIC RECEPTORS IN NK CELLS","NIAID","2887184",5R01AI039642-04,5,R01,AI,039642,04,,,"1864134","RAULET, DAVID H",Not Applicable,"UNIVERSITY OF CALIFORNIA BERKELEY", ,1999,252820,
"EXPRESSION OF CLASS I-SPECIFIC RECEPTORS IN NK CELLS","NIAID","2672740",5R01AI039642-03,5,R01,AI,039642,03,,,"1864134","RAULET, DAVID H",Not Applicable,"UNIVERSITY OF CALIFORNIA BERKELEY", ,1998,240819,
"EXPRESSION OF CLASS I-SPECIFIC RECEPTORS IN NK CELLS","NIAID","2390449",5R01AI039642-02,5,R01,AI,039642,02,,,"1864134","RAULET, DAVID H",Not Applicable,"UNIVERSITY OF CALIFORNIA BERKELEY", ,1997,229410,
"EXPRESSION OF CLASS I-SPECIFIC RECEPTORS IN NK CELLS","NIAID","2076684",1R01AI039642-01,1,R01,AI,039642,01,,,"1864134","RAULET, DAVID H",Not Applicable,"UNIVERSITY OF CALIFORNIA BERKELEY", ,1996,211515,
"Induction of NK-cell ligands by viruses","NIAID","8113267",5P01AI065831-05,5,P01,AI,065831,05,,0003,"1864134","RAULET, DAVID H",Not Applicable,"UNIVERSITY OF CALIFORNIA BERKELEY", ,2010,,348801
"Induction of NK-cell ligands by viruses","NIAID","7892567",5P01AI065831-04,5,P01,AI,065831,04,,0003,"1864134","RAULET, DAVID H",Not Applicable,"UNIVERSITY OF CALIFORNIA BERKELEY", ,2009,,342065
"Induction of NK-cell ligands by viruses","NIAID","7656770",5P01AI065831-03,5,P01,AI,065831,03,,0003,"1864134","RAULET, DAVID H",Not Applicable,"UNIVERSITY OF CALIFORNIA BERKELEY", ,2008,,332066
"Induction of NK-cell ligands by viruses","NIAID","7460863",5P01AI065831-02,5,P01,AI,065831,02,,0003,"1864134","RAULET, DAVID H",Not Applicable,"UNIVERSITY OF CALIFORNIA BERKELEY", ,2007,,320974
"Induction of NK-cell ligands by viruses","NIAID","7081707",1P01AI065831-01A1,1,P01,AI,065831,01,A1,0003,"1864134","RAULET, DAVID H",Not Applicable,"UNIVERSITY OF CALIFORNIA BERKELEY", ,2006,,289906
"Immunology & Pathogenesis Program Training Grant","NIAID","8337573",1T32AI100829-01,1,T32,AI,100829,01,,,"1864134","RAULET, DAVID H",Not Applicable,"UNIVERSITY OF CALIFORNIA BERKELEY", ,2012,273719,
"STING-dependent activation of Natural Killer cells by viral and tumor DNA","NIAID","9067209",5R01AI113041-03,5,R01,AI,113041,03,,,"1864134","RAULET, DAVID H",Not Applicable,"UNIVERSITY OF CALIFORNIA BERKELEY", ,2016,383045,
"STING-dependent activation of Natural Killer cells by viral and tumor DNA","NIAID","8851516",5R01AI113041-02,5,R01,AI,113041,02,,,"1864134","RAULET, DAVID H",Not Applicable,"UNIVERSITY OF CALIFORNIA BERKELEY", ,2015,383222,
"STING-dependent activation of Natural Killer cells by viral and tumor DNA","NIAID","8755504",1R01AI113041-01,1,R01,AI,113041,01,,,"1864134","RAULET, DAVID H",Not Applicable,"UNIVERSITY OF CALIFORNIA BERKELEY", ,2014,382416,
"Molecular Immunology and Tumor Biology","NCI","8088151",5T32CA009179-35,5,T32,CA,009179,35,,,"1864134","RAULET, DAVID H",Not Applicable,"UNIVERSITY OF CALIFORNIA BERKELEY", ,2011,235960,
"Molecular Immunology and Tumor Biology","NCI","7919388",5T32CA009179-34,5,T32,CA,009179,34,,,"1864134","RAULET, DAVID H",Not Applicable,"UNIVERSITY OF CALIFORNIA BERKELEY", ,2010,225854,
"Molecular Immunology and Tumor Biology","NCI","7663756",5T32CA009179-33,5,T32,CA,009179,33,,,"1864134","RAULET, DAVID H",Not Applicable,"UNIVERSITY OF CALIFORNIA BERKELEY", ,2009,228997,
"Molecular Immunology and Tumor Biology","NCI","7473788",5T32CA009179-32,5,T32,CA,009179,32,,,"1864134","RAULET, DAVID H",Not Applicable,"UNIVERSITY OF CALIFORNIA BERKELEY", ,2008,208891,
"Molecular Immunology and Tumor Biology","NCI","7169414",2T32CA009179-31A1,2,T32,CA,009179,31,A1,,"1864134","RAULET, DAVID H",Not Applicable,"UNIVERSITY OF CALIFORNIA BERKELEY", ,2007,240339,
"Molecular Immunology & Tumor Biology","NCI","7288984",3T32CA009179-30S1,3,T32,CA,009179,30,S1,,"1864134","RAULET, DAVID H",Not Applicable,"UNIVERSITY OF CALIFORNIA BERKELEY", ,2006,214813,
"Molecular Immunology & Tumor Biology","NCI","6919912",5T32CA009179-30,5,T32,CA,009179,30,,,"1864134","RAULET, DAVID H",Not Applicable,"UNIVERSITY OF CALIFORNIA BERKELEY", ,2005,267364,
"Molecular Immunology & Tumor Biology","NCI","6771183",5T32CA009179-29,5,T32,CA,009179,29,,,"1864134","RAULET, DAVID H",Not Applicable,"UNIVERSITY OF CALIFORNIA BERKELEY", ,2004,246405,
"Molecular Immunology & Tumor Biology","NCI","6655567",5T32CA009179-28,5,T32,CA,009179,28,,,"1864134","RAULET, DAVID H",Not Applicable,"UNIVERSITY OF CALIFORNIA BERKELEY", ,2003,228426,
"Role of NKG2D in immune responses to tumors","NCI","9066094",5R01CA093678-13,5,R01,CA,093678,13,,,"1864134","RAULET, DAVID H",Not Applicable,"UNIVERSITY OF CALIFORNIA BERKELEY", ,2016,274090,
"Role of NKG2D in immune responses to tumors","NCI","8883398",5R01CA093678-12,5,R01,CA,093678,12,,,"1864134","RAULET, DAVID H",Not Applicable,"UNIVERSITY OF CALIFORNIA BERKELEY", ,2015,274268,
"Role of NKG2D in immune responses to tumors","NCI","8761532",2R01CA093678-11A1,2,R01,CA,093678,11,A1,,"1864134","RAULET, DAVID H",Not Applicable,"UNIVERSITY OF CALIFORNIA BERKELEY", ,2014,273749,
"Role of NKG2D in immune responses to turmors","NCI","8659031",3R01CA093678-10S1,3,R01,CA,093678,10,S1,,"1864134","RAULET, DAVID H",Not Applicable,"UNIVERSITY OF CALIFORNIA BERKELEY", ,2013,60353,
"Role of NKG2D in immune responses to turmors","NCI","8259460",5R01CA093678-10,5,R01,CA,093678,10,,,"1864134","RAULET, DAVID H",Not Applicable,"UNIVERSITY OF CALIFORNIA BERKELEY", ,2012,258839,
"Role of NKG2D in immune responses to turmors","NCI","8071216",5R01CA093678-09,5,R01,CA,093678,09,,,"1864134","RAULET, DAVID H",Not Applicable,"UNIVERSITY OF CALIFORNIA BERKELEY", ,2011,258839,
"Role of NKG2D in immune responses to turmors","NCI","7849026",5R01CA093678-08,5,R01,CA,093678,08,,,"1864134","RAULET, DAVID H",Not Applicable,"UNIVERSITY OF CALIFORNIA BERKELEY", ,2010,266844,
"Role of NKG2D in immune responses to turmors","NCI","7647158",5R01CA093678-07,5,R01,CA,093678,07,,,"1864134","RAULET, DAVID H",Not Applicable,"UNIVERSITY OF CALIFORNIA BERKELEY", ,2009,266772,
"Role of NKG2D in immune responses to turmors","NCI","7524931",2R01CA093678-06A1,2,R01,CA,093678,06,A1,,"1864134","RAULET, DAVID H",Not Applicable,"UNIVERSITY OF CALIFORNIA BERKELEY", ,2008,265975,
"Role of NKG2D  in immune responses to tumors","NCI","7152866",5R01CA093678-05,5,R01,CA,093678,05,,,"1864134","RAULET, DAVID H",Not Applicable,"UNIVERSITY OF CALIFORNIA BERKELEY", ,2007,253504,
"Role of NKG2D  in immune responses to tumors","NCI","6986817",5R01CA093678-04,5,R01,CA,093678,04,,,"1864134","RAULET, DAVID H",Not Applicable,"UNIVERSITY OF CALIFORNIA BERKELEY", ,2006,261353,
"Role of NKG2D  in immune responses to tumors","NCI","6831633",5R01CA093678-03,5,R01,CA,093678,03,,,"1864134","RAULET, DAVID H",Not Applicable,"UNIVERSITY OF CALIFORNIA BERKELEY", ,2005,267901,
"Role of NKG2D  in immune responses to tumors","NCI","6694028",5R01CA093678-02,5,R01,CA,093678,02,,,"1864134","RAULET, DAVID H",Not Applicable,"UNIVERSITY OF CALIFORNIA BERKELEY", ,2004,268137,
"Role of NKG2D in immune responses to tumors","NCI","6575797",1R01CA093678-01A1,1,R01,CA,093678,01,A1,,"1864134","RAULET, DAVID H",Not Applicable,"UNIVERSITY OF CALIFORNIA BERKELEY", ,2003,267844,

