----------------------------------------------------------------------------------Search Criteria:  Search in: Projects 		AdminIC: All; Principal Investigator / Project Leader: DRUBIN; DAVID G; Fiscal Year: 2016; 2015; 2014; 2013; 2012; 2011; 2010; 2009; 2008; 2007; 2006; 2005; 2004; 2003; 2002; 2001; 2000; 1999; 1998; 1997; 1996 ----------------------------------------------------------------------------------Project Title,Administering  IC,Application ID,Project Number,Type,Activity,IC,Serial Number,Support Year,Suffix,Subproject Number ,Contact PI  Person ID,Contact PI / Project Leader,Other PI or Project Leader(s),Organization Name,ARRA Indicator,FY,FY Total Cost ,FY Total Cost  (Sub Projects),
"Molecular Analysis of the Yeast Actin Cytoskeleton","NIGMS","8876701",5R37GM042759-27,5,R37,GM,042759,27,,,"1887720","DRUBIN, DAVID G",Not Applicable,"UNIVERSITY OF CALIFORNIA BERKELEY", ,2015,441265,
"Molecular Analysis of the Yeast Actin Cytoskeleton","NIGMS","8692811",5R37GM042759-26,5,R37,GM,042759,26,,,"1887720","DRUBIN, DAVID G",Not Applicable,"UNIVERSITY OF CALIFORNIA BERKELEY", ,2014,440907,
"Molecular Analysis of the Yeast Actin Cytoskeleton","NIGMS","8499323",5R37GM042759-25,5,R37,GM,042759,25,,,"1887720","DRUBIN, DAVID G",Not Applicable,"UNIVERSITY OF CALIFORNIA BERKELEY", ,2013,425252,
"Molecular Analysis of the Yeast Actin Cytoskeleton","NIGMS","8293045",5R37GM042759-24,5,R37,GM,042759,24,,,"1887720","DRUBIN, DAVID G",Not Applicable,"UNIVERSITY OF CALIFORNIA BERKELEY", ,2012,440682,
"Molecular Analysis of the Yeast Actin Cytoskeleton","NIGMS","8039466",4R37GM042759-23,4,R37,GM,042759,23,,,"1887720","DRUBIN, DAVID G",Not Applicable,"UNIVERSITY OF CALIFORNIA BERKELEY", ,2011,502123,
"Molecular Analysis of the Yeast Actin Cytoskeleton","NIGMS","7906073",5R37GM042759-22,5,R37,GM,042759,22,,,"1887720","DRUBIN, DAVID G",Not Applicable,"UNIVERSITY OF CALIFORNIA BERKELEY", ,2010,352205,
"Molecular Analysis of the Yeast Actin Cytoskeleton","NIGMS","7647455",5R37GM042759-21,5,R37,GM,042759,21,,,"1887720","DRUBIN, DAVID G",Not Applicable,"UNIVERSITY OF CALIFORNIA BERKELEY", ,2009,356964,
"Molecular Analysis of the Yeast Actin Cytoskeleton","NIGMS","7455994",5R37GM042759-20,5,R37,GM,042759,20,,,"1887720","DRUBIN, DAVID G",Not Applicable,"UNIVERSITY OF CALIFORNIA BERKELEY", ,2008,358056,
"The budding yeast endocytic pathway","NIGMS","8906874",5R01GM050399-19,5,R01,GM,050399,19,,,"1887720","DRUBIN, DAVID G",Not Applicable,"UNIVERSITY OF CALIFORNIA BERKELEY", ,2015,414072,
"The budding yeast endocytic pathway","NIGMS","8724505",5R01GM050399-18,5,R01,GM,050399,18,,,"1887720","DRUBIN, DAVID G",Not Applicable,"UNIVERSITY OF CALIFORNIA BERKELEY", ,2014,412938,
"The budding yeast endocytic pathway","NIGMS","8579774",2R01GM050399-17A1,2,R01,GM,050399,17,A1,,"1887720","DRUBIN, DAVID G",Not Applicable,"UNIVERSITY OF CALIFORNIA BERKELEY", ,2013,407219,
"Actin assembly in membrane trafficking and cell polarity","NIGMS","8210842",5R01GM050399-16,5,R01,GM,050399,16,,,"1887720","DRUBIN, DAVID G",Not Applicable,"UNIVERSITY OF CALIFORNIA BERKELEY", ,2012,391886,
"Actin assembly in membrane trafficking and cell polarity","NIGMS","8029513",5R01GM050399-15,5,R01,GM,050399,15,,,"1887720","DRUBIN, DAVID G",Not Applicable,"UNIVERSITY OF CALIFORNIA BERKELEY", ,2011,390872,
"Actin assembly in membrane trafficking and cell polarity","NIGMS","7753841",5R01GM050399-14,5,R01,GM,050399,14,,,"1887720","DRUBIN, DAVID G",Not Applicable,"UNIVERSITY OF CALIFORNIA BERKELEY", ,2010,396124,
"Actin assembly in membrane trafficking and cell polarity","NIGMS","7582534",2R01GM050399-13,2,R01,GM,050399,13,,,"1887720","DRUBIN, DAVID G",Not Applicable,"UNIVERSITY OF CALIFORNIA BERKELEY", ,2009,425594,
"Actin assembly in membrane trafficking and cell polarity","NIGMS","7336812",5R01GM050399-12,5,R01,GM,050399,12,,,"1887720","DRUBIN, DAVID G",Not Applicable,"UNIVERSITY OF CALIFORNIA BERKELEY", ,2008,368969,
"Endocytic Functions for the Mammalian Actin Cytoskeleton","NIGMS","8904338",5R01GM065462-12,5,R01,GM,065462,12,,,"1887720","DRUBIN, DAVID G",Not Applicable,"UNIVERSITY OF CALIFORNIA BERKELEY", ,2015,312844,
"Endocytic Functions for the Mammalian Actin Cytoskeleton","NIGMS","8692834",5R01GM065462-11,5,R01,GM,065462,11,,,"1887720","DRUBIN, DAVID G",Not Applicable,"UNIVERSITY OF CALIFORNIA BERKELEY", ,2014,312833,
"Endocytic Functions for the Mammalian Actin Cytoskeleton","NIGMS","8539001",5R01GM065462-10,5,R01,GM,065462,10,,,"1887720","DRUBIN, DAVID G",Not Applicable,"UNIVERSITY OF CALIFORNIA BERKELEY", ,2013,302697,
"Endocytic Functions for the Mammalian Actin Cytoskeleton","NIGMS","8371722",2R01GM065462-09A1,2,R01,GM,065462,09,A1,,"1887720","DRUBIN, DAVID G",Not Applicable,"UNIVERSITY OF CALIFORNIA BERKELEY", ,2012,312520,
"Endocytic Functions for the Mammalian Actin Cytoskeleton","NIGMS","7920957",5R01GM065462-08,5,R01,GM,065462,08,,,"1887720","DRUBIN, DAVID G",Not Applicable,"UNIVERSITY OF CALIFORNIA BERKELEY", ,2010,297950,
"Endocytic Functions for the Mammalian Actin Cytoskeleton","NIGMS","7680132",5R01GM065462-07,5,R01,GM,065462,07,,,"1887720","DRUBIN, DAVID G",Not Applicable,"UNIVERSITY OF CALIFORNIA BERKELEY", ,2009,300960,
"Endocytic Functions for the Mammalian Actin Cytoskeleton","NIGMS","7490616",5R01GM065462-06,5,R01,GM,065462,06,,,"1887720","DRUBIN, DAVID G",Not Applicable,"UNIVERSITY OF CALIFORNIA BERKELEY", ,2008,300960,
"Actin assembly and clathrin-mediated endocytosis in yeast and mammals","NIGMS","9071612",1R35GM118149-01,1,R35,GM,118149,01,,,"1887720","DRUBIN, DAVID G",Not Applicable,"UNIVERSITY OF CALIFORNIA BERKELEY", ,2016,967144,
"PROTEIN COMPOSITION OF ACTIN TAILS ASSEMBLED IN YEAST EXTRACTS","NCRR","8365818",2P41RR011823-16,2,P41,RR,011823,16,,5380,"1887720","DRUBIN, DAVID G",Not Applicable,"UNIVERSITY OF WASHINGTON", ,2011,,12768
"IDENTIFY PHOSPHORYLATION SITES  AND POTENTIAL SUBSTRATES OF YPK1P","NCRR","8171255",5P41RR011823-15,5,P41,RR,011823,15,,7169,"1887720","DRUBIN, DAVID G",Not Applicable,"UNIVERSITY OF WASHINGTON", ,2010,,2425
"PROTEIN COMPOSITION OF ACTIN TAILS ASSEMBLED IN YEAST EXTRACTS","NCRR","8171257",5P41RR011823-15,5,P41,RR,011823,15,,7171,"1887720","DRUBIN, DAVID G",Not Applicable,"UNIVERSITY OF WASHINGTON", ,2010,,2425
"KINETOCHORE PROTEIN INTERACTIONS AND THEIR REGULATORY KINASES","NCRR","8171310",5P41RR011823-15,5,P41,RR,011823,15,,7224,"1887720","DRUBIN, DAVID G",Not Applicable,"UNIVERSITY OF WASHINGTON", ,2010,,2425
"IDENTIFICATION OF NOVEL MEMBERS OF S CEREVISIAE CYTOKINESIS APPARATUS","NCRR","8171447",5P41RR011823-15,5,P41,RR,011823,15,,7360,"1887720","DRUBIN, DAVID G",Not Applicable,"UNIVERSITY OF WASHINGTON", ,2010,,2425
"KINETOCHORE PROTEIN INTERACTIONS AND THEIR REGULATORY KINASES","NCRR","7957732",5P41RR011823-14,5,P41,RR,011823,14,,7941,"1887720","DRUBIN, DAVID G",Not Applicable,"UNIVERSITY OF WASHINGTON", ,2009,,3309
"PROTEIN COMPOSITION OF ACTIN TAILS ASSEMBLED IN YEAST EXTRACTS","NCRR","7957840",5P41RR011823-14,5,P41,RR,011823,14,,8049,"1887720","DRUBIN, DAVID G",Not Applicable,"UNIVERSITY OF WASHINGTON", ,2009,,3309
"STU1P FUNCTION IN YEAST MITOSIS THROUGH ANALYSIS OF PROTEIN-PROTEIN INTERACTIONS","NCRR","7957853",5P41RR011823-14,5,P41,RR,011823,14,,8062,"1887720","DRUBIN, DAVID G",Not Applicable,"UNIVERSITY OF WASHINGTON", ,2009,,7007
"IDENTIFICATION OF NOVEL MEMBERS OF S CEREVISIAE CYTOKINESIS APPARATUS","NCRR","7957857",5P41RR011823-14,5,P41,RR,011823,14,,8066,"1887720","DRUBIN, DAVID G",Not Applicable,"UNIVERSITY OF WASHINGTON", ,2009,,3309
"KINETOCHORE PROTEIN INTERACTIONS AND THEIR REGULATORY KINASES","NCRR","7723677",5P41RR011823-13,5,P41,RR,011823,13,,5895,"1887720","DRUBIN, DAVID G",Not Applicable,"UNIVERSITY OF WASHINGTON", ,2008,,8075
"GENERATING A PROTEIN INTERACTION MAP OF A VIRAL KILLER TOXIN","NCRR","7723763",5P41RR011823-13,5,P41,RR,011823,13,,5980,"1887720","DRUBIN, DAVID G",Not Applicable,"UNIVERSITY OF WASHINGTON", ,2008,,7314
"ENDOCYTOSIS AND CELL CYCLE IN SACCHAROMYCES CEREVISIAE","NCRR","8362731",5P41RR019664-07,5,P41,RR,019664,07,,6850,"1887720","DRUBIN, DAVID G",Not Applicable,"UNIVERSITY OF CALIFORNIA, SAN FRANCISCO", ,2011,,29394
"ACTIN-DEPENDENT ENDOCYTOSLS IN BUDDING YEAST","NCRR","8169711",2P41RR019664-06A1,2,P41,RR,019664,06,A1,5635,"1887720","DRUBIN, DAVID G",Not Applicable,"UNIVERSITY OF CALIFORNIA, SAN FRANCISCO", ,2010,,109617
"ACTIN-DEPENDENT ENDOCYTOSLS IN BUDDING YEAST","NCRR","7957445",3P41RR019664-05S1,3,P41,RR,019664,05,S1,7684,"1887720","DRUBIN, DAVID G",Not Applicable,"UNIVERSITY OF CALIFORNIA, SAN FRANCISCO", ,2009,,127681
"ACTIN-DEPENDENT ENDOCYTOSLS IN BUDDING YEAST","NCRR","7722171",5P41RR019664-05,5,P41,RR,019664,05,,8284,"1887720","DRUBIN, DAVID G",Not Applicable,"UNIVERSITY OF CALIFORNIA, SAN FRANCISCO", ,2008,,35323
"The Molecular Basis of Cell Function","NIGMS","7085461",5T32GM007232-30,5,T32,GM,007232,30,,,"1887720","DRUBIN, DAVID G.",Not Applicable,"UNIVERSITY OF CALIFORNIA BERKELEY", ,2006,1560710,
"The Molecular Basis of Cell Function","NIGMS","6912758",5T32GM007232-29,5,T32,GM,007232,29,,,"1887720","DRUBIN, DAVID G.",Not Applicable,"UNIVERSITY OF CALIFORNIA BERKELEY", ,2005,1548453,
"The Molecular Basis of Cell Function","NIGMS","6766772",5T32GM007232-28,5,T32,GM,007232,28,,,"1887720","DRUBIN, DAVID G.",Not Applicable,"UNIVERSITY OF CALIFORNIA BERKELEY", ,2004,1642188,
"The Molecular Basis of Cell Function","NIGMS","6604135",5T32GM007232-27,5,T32,GM,007232,27,,,"1887720","DRUBIN, DAVID G.",Not Applicable,"UNIVERSITY OF CALIFORNIA BERKELEY", ,2003,1598772,
"The Molecular Basis of Cell Function","NIGMS","6454496",2T32GM007232-26,2,T32,GM,007232,26,,,"1887720","DRUBIN, DAVID G.",Not Applicable,"UNIVERSITY OF CALIFORNIA BERKELEY", ,2002,1500924,
"Molecular Analysis of the Yeast Actin Cytoskeleton","NIGMS","7254959",5R37GM042759-19,5,R37,GM,042759,19,,,"1887720","DRUBIN, DAVID G.",Not Applicable,"UNIVERSITY OF CALIFORNIA BERKELEY", ,2007,359050,
"Molecular Analysis of the Yeast Actin Cytoskeleton","NIGMS","7140898",2R37GM042759-18,2,R37,GM,042759,18,,,"1887720","DRUBIN, DAVID G.",Not Applicable,"UNIVERSITY OF CALIFORNIA BERKELEY", ,2006,370702,
"Molecular Analysis of the Yeast Actin Cytoskeleton","NIGMS","6916398",5R01GM042759-17,5,R01,GM,042759,17,,,"1887720","DRUBIN, DAVID G.",Not Applicable,"UNIVERSITY OF CALIFORNIA BERKELEY", ,2005,285797,
"Molecular Analysis of the Yeast Actin Cytoskeleton","NIGMS","6767857",5R01GM042759-16,5,R01,GM,042759,16,,,"1887720","DRUBIN, DAVID G.",Not Applicable,"UNIVERSITY OF CALIFORNIA BERKELEY", ,2004,301047,
"Molecular Analysis of the Yeast Actin Cytoskeleton","NIGMS","6640362",5R01GM042759-15,5,R01,GM,042759,15,,,"1887720","DRUBIN, DAVID G.",Not Applicable,"UNIVERSITY OF CALIFORNIA BERKELEY", ,2003,301310,
"Molecular Analysis of the Yeast Actin Cytoskeleton","NIGMS","6545895",2R01GM042759-14,2,R01,GM,042759,14,,,"1887720","DRUBIN, DAVID G.",Not Applicable,"UNIVERSITY OF CALIFORNIA BERKELEY", ,2002,314160,
"MOLECULAR ANALYSIS OF THE YEAST ACTIN CYTOSKELETON","NIGMS","6385951",5R01GM042759-13,5,R01,GM,042759,13,,,"1887720","DRUBIN, DAVID G.",Not Applicable,"UNIVERSITY OF CALIFORNIA BERKELEY", ,2001,220624,
"MOLECULAR ANALYSIS OF THE YEAST ACTIN CYTOSKELETON","NIGMS","6180224",5R01GM042759-12,5,R01,GM,042759,12,,,"1887720","DRUBIN, DAVID G.",Not Applicable,"UNIVERSITY OF CALIFORNIA BERKELEY", ,2000,215264,
"MOLECULAR ANALYSIS OF THE YEAST ACTIN CYTOSKELETON","NIGMS","6018786",5R01GM042759-11,5,R01,GM,042759,11,,,"1887720","DRUBIN, DAVID G.",Not Applicable,"UNIVERSITY OF CALIFORNIA BERKELEY", ,1999,207553,
"MOLECULAR ANALYSIS OF THE YEAST ACTIN CYTOSKELETON","NIGMS","2728530",2R01GM042759-10,2,R01,GM,042759,10,,,"1887720","DRUBIN, DAVID G.",Not Applicable,"UNIVERSITY OF CALIFORNIA BERKELEY", ,1998,209394,
"MOLECULAR ANALYSIS OF THE YEAST ACTIN CYTOSKELETON","NIGMS","2444734",5R01GM042759-09,5,R01,GM,042759,09,,,"1887720","DRUBIN, DAVID G.",Not Applicable,"UNIVERSITY OF CALIFORNIA BERKELEY", ,1997,196180,
"MOLECULAR ANALYSIS OF THE YEAST ACTIN CYTOSKELETON","NIGMS","2181645",5R01GM042759-08,5,R01,GM,042759,08,,,"1887720","DRUBIN, DAVID G.",Not Applicable,"UNIVERSITY OF CALIFORNIA BERKELEY", ,1996,188737,
"Actin assembly in membrane trafficking and cell polarity","NIGMS","7163554",5R01GM050399-11,5,R01,GM,050399,11,,,"1887720","DRUBIN, DAVID G.",Not Applicable,"UNIVERSITY OF CALIFORNIA BERKELEY", ,2007,369403,
"Actin assembly in membrane trafficking and cell polarity","NIGMS","7002330",5R01GM050399-10,5,R01,GM,050399,10,,,"1887720","DRUBIN, DAVID G.",Not Applicable,"UNIVERSITY OF CALIFORNIA BERKELEY", ,2006,369849,
"Actin assembly in membrane trafficking and cell polarity","NIGMS","6873300",2R01GM050399-09,2,R01,GM,050399,09,,,"1887720","DRUBIN, DAVID G.",Not Applicable,"UNIVERSITY OF CALIFORNIA BERKELEY", ,2005,368224,
"DEVELOPMENT OF CELL POLARITY IN BUDDING YEAST","NIGMS","6691682",5R01GM050399-08,5,R01,GM,050399,08,,,"1887720","DRUBIN, DAVID G.",Not Applicable,"UNIVERSITY OF CALIFORNIA BERKELEY", ,2004,334864,
"DEVELOPMENT OF CELL POLARITY IN BUDDING YEAST","NIGMS","6627189",5R01GM050399-07,5,R01,GM,050399,07,,,"1887720","DRUBIN, DAVID G.",Not Applicable,"UNIVERSITY OF CALIFORNIA BERKELEY", ,2003,335180,
"DEVELOPMENT OF CELL POLARITY IN BUDDING YEAST","NIGMS","6490070",5R01GM050399-06,5,R01,GM,050399,06,,,"1887720","DRUBIN, DAVID G.",Not Applicable,"UNIVERSITY OF CALIFORNIA BERKELEY", ,2002,335467,
"DEVELOPMENT OF CELL POLARITY IN BUDDING YEAST","NIGMS","2692648",2R01GM050399-05,2,R01,GM,050399,05,,,"1887720","DRUBIN, DAVID G.",Not Applicable,"UNIVERSITY OF CALIFORNIA BERKELEY", ,2001,335728,
"DEVELOPMENT OF CELL POLARITY IN BUDDING YEAST","NIGMS","6138484",5R01GM050399-04,5,R01,GM,050399,04,,,"1887720","DRUBIN, DAVID G.",Not Applicable,"UNIVERSITY OF CALIFORNIA BERKELEY", ,2000,233049,
"DEVELOPMENT OF CELL POLARITY IN BUDDING YEAST","NIGMS","2857194",5R01GM050399-03,5,R01,GM,050399,03,,,"1887720","DRUBIN, DAVID G.",Not Applicable,"UNIVERSITY OF CALIFORNIA BERKELEY", ,1999,227900,
"DEVELOPMENT OF CELL POLARITY IN BUDDING YEAST","NIGMS","2634733",5R01GM050399-02,5,R01,GM,050399,02,,,"1887720","DRUBIN, DAVID G.",Not Applicable,"UNIVERSITY OF CALIFORNIA BERKELEY", ,1998,209264,
"DEVELOPMENT OF CELL POLARITY IN BUDDING YEAST","NIGMS","2022808",1R01GM050399-01A1,1,R01,GM,050399,01,A1,,"1887720","DRUBIN, DAVID G.",Not Applicable,"UNIVERSITY OF CALIFORNIA BERKELEY", ,1997,187109,
"GORDON CONFERENCE ON PLANT CYTOSKELETON","NIGMS","2666227",1R13GM057784-01,1,R13,GM,057784,01,,,"1887720","DRUBIN, DAVID G.",Not Applicable,"GORDON RESEARCH CONFERENCES", ,1998,12000,
"Endocytic Functions for the Mammalian Actin Cytoskeleton","NIGMS","7207807",2R01GM065462-05A1,2,R01,GM,065462,05,A1,,"1887720","DRUBIN, DAVID G.",Not Applicable,"UNIVERSITY OF CALIFORNIA BERKELEY", ,2007,325710,
"ENDOCYTIC FUNCTIONS FOR THE MAMMALIAN ACTIN CYTOSKELETON","NIGMS","7215470",3R01GM065462-04S1,3,R01,GM,065462,04,S1,,"1887720","DRUBIN, DAVID G.",Not Applicable,"UNIVERSITY OF CALIFORNIA BERKELEY", ,2006,74957,
"ENDOCYTIC FUNCTIONS FOR THE MAMMALIAN ACTIN CYTOSKELETON","NIGMS","6874855",5R01GM065462-04,5,R01,GM,065462,04,,,"1887720","DRUBIN, DAVID G.",Not Applicable,"UNIVERSITY OF CALIFORNIA BERKELEY", ,2005,222569,
"ENDOCYTIC FUNCTIONS FOR THE MAMMALIAN ACTIN CYTOSKELETON","NIGMS","6726776",5R01GM065462-03,5,R01,GM,065462,03,,,"1887720","DRUBIN, DAVID G.",Not Applicable,"UNIVERSITY OF CALIFORNIA BERKELEY", ,2004,222840,
"ENDOCYTIC FUNCTIONS FOR THE MAMMALIAN ACTIN CYTOSKELETON","NIGMS","6623194",5R01GM065462-02,5,R01,GM,065462,02,,,"1887720","DRUBIN, DAVID G.",Not Applicable,"UNIVERSITY OF CALIFORNIA BERKELEY", ,2003,223086,
"ENDOCYTIC FUNCTIONS FOR THE MAMMALIAN ACTIN CYTOSKELETON","NIGMS","6463953",1R01GM065462-01,1,R01,GM,065462,01,,,"1887720","DRUBIN, DAVID G.",Not Applicable,"UNIVERSITY OF CALIFORNIA BERKELEY", ,2002,223310,
"ASCB Summer Meeting- Dynamic Interplay Between Cytoskeletal and Membrane Systems","NIGMS","7275866",1R13GM080938-01,1,R13,GM,080938,01,,,"1887720","DRUBIN, DAVID G.",Not Applicable,"AMERICAN SOCIETY FOR CELL BIOLOGY", ,2007,8000,
"KINETOCHORE PROTEIN INTERACTIONS AND THEIR REGULATORY KINASES","NCRR","7602092",5P41RR011823-12,5,P41,RR,011823,12,,8137,"1887720","DRUBIN, DAVID G.",Not Applicable,"UNIVERSITY OF WASHINGTON", ,2007,,6224
"REGULATION OF THE ACTIN CYTOSKELETON AND ENDOCYTOSIS IN BUDDING YEAST BY ARK1 A","NCRR","7602203",5P41RR011823-12,5,P41,RR,011823,12,,8248,"1887720","DRUBIN, DAVID G.",Not Applicable,"UNIVERSITY OF WASHINGTON", ,2007,,6225
"STUDIES ON THE REGULATION MECHANISMS FOR PAN1 PROTEIN IN ACTIN-MEDIATED ENDOCYT","NCRR","7602238",5P41RR011823-12,5,P41,RR,011823,12,,8283,"1887720","DRUBIN, DAVID G.",Not Applicable,"UNIVERSITY OF WASHINGTON", ,2007,,768
"REGULATION OF THE ACTIN CYTOSKELETON AND ENDOCYTOSIS IN BUDDING YEAST BY ARK1 A","NCRR","7182402",5P41RR011823-10,5,P41,RR,011823,10,,5319,"1887720","DRUBIN, DAVID G.",Not Applicable,"UNIVERSITY OF WASHINGTON", ,2005,,3958
"ANALYSIS OF NDC80P PHOSPHO-REGULATION BY IPL1 KINASE","NCRR","7182435",5P41RR011823-10,5,P41,RR,011823,10,,5352,"1887720","DRUBIN, DAVID G.",Not Applicable,"UNIVERSITY OF WASHINGTON", ,2005,,6597
"ANALYSIS OF DAM1P PHOSPHOREGULATION","NCRR","6979515",5P41RR011823-09,5,P41,RR,011823,09,,0069,"1887720","DRUBIN, DAVID G.",Not Applicable,"UNIVERSITY OF WASHINGTON", ,2004,,3443
"CELL CYCLE REGULATION OF ACTIN-ASSOCIATED SCAFFOLDS","NCRR","6979525",5P41RR011823-09,5,P41,RR,011823,09,,0079,"1887720","DRUBIN, DAVID G.",Not Applicable,"UNIVERSITY OF WASHINGTON", ,2004,,3615
"STUDIES ON THE REGULATION MECHANISMS FOR PAN1 PROTEIN","NCRR","6979536",5P41RR011823-09,5,P41,RR,011823,09,,0090,"1887720","DRUBIN, DAVID G.",Not Applicable,"UNIVERSITY OF WASHINGTON", ,2004,,3615
"ANALYSIS OF NDC80P PHOSPHO-REGULATION BY IPL1 KINASE","NCRR","6979556",5P41RR011823-09,5,P41,RR,011823,09,,0110,"1887720","DRUBIN, DAVID G.",Not Applicable,"UNIVERSITY OF WASHINGTON", ,2004,,3443
"FLUORESCENCE MICROSCOPY IMAGE ACQUISITION/ANALYSIS SYST: CELL MOLECULAR BIOLOGY ","NCRR","6973562",1S10RR019290-01,1,S10,RR,019290,01,,0001,"1887720","DRUBIN, DAVID G.",Not Applicable,"UNIVERSITY OF CALIFORNIA BERKELEY", ,2004,,78601
"FLUORESCENCE MICROSCOPY IMAGE ACQUISITION/ANALYSIS SYST: LISTERIA MONOCUTOGENE &","NCRR","6973563",1S10RR019290-01,1,S10,RR,019290,01,,0002,"1887720","DRUBIN, DAVID G.",Not Applicable,"UNIVERSITY OF CALIFORNIA BERKELEY", ,2004,,78601
"FLUORESCENCE MICROSCOPY IMAGE ACQUISITION/ANALYSIS SYST: GENETICS","NCRR","6973564",1S10RR019290-01,1,S10,RR,019290,01,,0003,"1887720","DRUBIN, DAVID G.",Not Applicable,"UNIVERSITY OF CALIFORNIA BERKELEY", ,2004,,78601
"FLUORESCENCE MICROSCOPY IMAGE ACQUISITION/ANALYSIS SYST: BACILLUS ANTHRACIS","NCRR","6973565",1S10RR019290-01,1,S10,RR,019290,01,,0004,"1887720","DRUBIN, DAVID G.",Not Applicable,"UNIVERSITY OF CALIFORNIA BERKELEY", ,2004,,9825
"Fluorescence microscopy image acquisition/analysis sys","NCRR","6736158",1S10RR019290-01,1,S10,RR,019290,01,,,"1887720","DRUBIN, DAVID G.",Not Applicable,"UNIVERSITY OF CALIFORNIA BERKELEY", ,2004,245628,
"ACTIN-DEPENDENT ENDOCYTOSLS IN BUDDING YEAST","NCRR","7602924",5P41RR019664-04,5,P41,RR,019664,04,,5076,"1887720","DRUBIN, DAVID G.",Not Applicable,"UNIVERSITY OF CALIFORNIA SAN FRANCISCO", ,2007,,31117
"ACTIN-DEPENDENT ENDOCYTOSLS IN BUDDING YEAST","NCRR","7359167",5P41RR019664-03,5,P41,RR,019664,03,,8702,"1887720","DRUBIN, DAVID G.",Not Applicable,"UNIVERSITY OF CALIFORNIA SAN FRANCISCO", ,2006,,30795
"ACTIN-DEPENDENT ENDOCYTOSLS IN BUDDING YEAST","NCRR","7183216",5P41RR019664-02,5,P41,RR,019664,02,,6119,"1887720","DRUBIN, DAVID G.",Not Applicable,"UNIVERSITY OF CALIFORNIA SAN FRANCISCO", ,2005,,36627

