----------------------------------------------------------------------------------Search Criteria:  Search in: Projects 		AdminIC: All; Principal Investigator / Project Leader: SHALLOWAY; DAVID I; Fiscal Year: 2016; 2015; 2014; 2013; 2012; 2011; 2010; 2009; 2008; 2007; 2006; 2005; 2004; 2003; 2002; 2001; 2000; 1999; 1998; 1997; 1996 ----------------------------------------------------------------------------------Project Title,Administering  IC,Application ID,Project Number,Type,Activity,IC,Serial Number,Support Year,Suffix,Subproject Number ,Contact PI  Person ID,Contact PI / Project Leader,Other PI or Project Leader(s),Organization Name,ARRA Indicator,FY,FY Total Cost ,FY Total Cost  (Sub Projects),
"Src and PTPalpha in signal transduction and cancer","NCI","7161338",5R01CA032317-26,5,R01,CA,032317,26,,,"1881273","SHALLOWAY, DAVID I.",Not Applicable,"CORNELL UNIVERSITY", ,2007,423527,
"Src and PTPalpha in signal transduction and cancer","NCI","7003667",5R01CA032317-25,5,R01,CA,032317,25,,,"1881273","SHALLOWAY, DAVID I.",Not Applicable,"CORNELL UNIVERSITY ITHACA", ,2006,383539,
"Src and PTPalpha in signal transduction and cancer","NCI","6829136",5R01CA032317-24,5,R01,CA,032317,24,,,"1881273","SHALLOWAY, DAVID I.",Not Applicable,"CORNELL UNIVERSITY ITHACA", ,2005,392769,
"Src and PTPalpha in signal transduction and cancer","NCI","6696288",5R01CA032317-23,5,R01,CA,032317,23,,,"1881273","SHALLOWAY, DAVID I.",Not Applicable,"CORNELL UNIVERSITY ITHACA", ,2004,392769,
"Src and PTPalpha in signal transduction and cancer","NCI","6579084",2R01CA032317-22,2,R01,CA,032317,22,,,"1881273","SHALLOWAY, DAVID I.",Not Applicable,"CORNELL UNIVERSITY ITHACA", ,2003,392769,
"C SRC AND RELATED PROTEINS AND MITOSIS","NCI","6475747",5R01CA032317-21,5,R01,CA,032317,21,,,"1881273","SHALLOWAY, DAVID I.",Not Applicable,"CORNELL UNIVERSITY ITHACA", ,2002,507468,
"C SRC AND RELATED PROTEINS AND MITOSIS","NCI","6328887",5R01CA032317-20,5,R01,CA,032317,20,,,"1881273","SHALLOWAY, DAVID I.",Not Applicable,"CORNELL UNIVERSITY ITHACA", ,2001,492687,
"C SRC AND RELATED PROTEINS AND MITOSIS","NCI","6124578",5R01CA032317-19,5,R01,CA,032317,19,,,"1881273","SHALLOWAY, DAVID I.",Not Applicable,"CORNELL UNIVERSITY ITHACA", ,2000,478336,
"C SRC AND RELATED PROTEINS AND MITOSIS","NCI","2837594",5R01CA032317-18,5,R01,CA,032317,18,,,"1881273","SHALLOWAY, DAVID I.",Not Applicable,"CORNELL UNIVERSITY ITHACA", ,1999,466442,
"C SRC AND RELATED PROTEINS AND MITOSIS","NCI","2467939",2R01CA032317-17,2,R01,CA,032317,17,,,"1881273","SHALLOWAY, DAVID I.",Not Applicable,"CORNELL UNIVERSITY ITHACA", ,1998,444964,
"PP60-C-SRC; HOMOLOG OF THE RSV ONCOGENIC PROTEIN","NCI","2007369",5R01CA032317-16,5,R01,CA,032317,16,,,"1881273","SHALLOWAY, DAVID I.",Not Applicable,"CORNELL UNIVERSITY ITHACA", ,1997,420807,
"PP60-C-SRC; HOMOLOG OF THE RSV ONCOGENIC PROTEIN","NCI","2088331",5R01CA032317-15,5,R01,CA,032317,15,,,"1881273","SHALLOWAY, DAVID I.",Not Applicable,"CORNELL UNIVERSITY ITHACA", ,1996,404623,
"COMPUTER ALGORITHMS FOR STRUCTURE-BASED DRUG DESIGN","NIGMS","6107676",5P01GM048874-05,5,P01,GM,048874,05,,0003,"1881273","SHALLOWAY, DAVID I.",Not Applicable,"CORNELL UNIVERSITY ITHACA", ,1996,,,,,
"HIERARCHICAL METH FOR GLOBAL MINIMIZ OF MACROMOL ENERGY: STRUC BASED DRUG DESIGN","NCRR","6411728",5P41RR004293-10,5,P41,RR,004293,10,,0009,"1881273","SHALLOWAY, DAVID I.",Not Applicable,"CORNELL UNIVERSITY", ,2001,,12855
"HIERARCHICAL METH FOR GLOBAL MINIMIZ OF MACROMOL ENERGY: STRUC BASED DRUG DESIGN","NCRR","6309549",5P41RR004293-09,5,P41,RR,004293,09,,0009,"1881273","SHALLOWAY, DAVID I.",Not Applicable,"CORNELL UNIVERSITY", ,2000,,24318
"GLOBAL MINIMIZATION OF MACROMOLEC ENERGY FUNCTIONS FOR STRUCT BASED DRUG DESIGN","NCRR","6121974",5P41RR004293-08,5,P41,RR,004293,08,,0006,"1881273","SHALLOWAY, DAVID I.",Not Applicable,"CORNELL UNIVERSITY ITHACA", ,1999,,44988
"HIERARCHICAL METH FOR GLOBAL MINIMIZ OF MACROMOL ENERGY: STRUC BASED DRUG DESIGN","NCRR","6282171",5P41RR004293-07,5,P41,RR,004293,07,,0009,"1881273","SHALLOWAY, DAVID I.",Not Applicable,"CORNELL UNIVERSITY ITHACA", ,1998,,42504
"STRUCTURE BASED DRUG DESIGN","NCRR","6253065",2P41RR004293-06,2,P41,RR,004293,06,,0031,"1881273","SHALLOWAY, DAVID I.",Not Applicable,"CORNELL UNIVERSITY ITHACA", ,1997,,36054
"COMPUTATIONAL METHODS FOR STRUCTURE BASED DRUG DESIGN","NCRR","5224829",5P41RR004293-05,5,P41,RR,004293,05,,0010,"1881273","SHALLOWAY, DAVID I.",Not Applicable,"", ,1996,,,,,

