----------------------------------------------------------------------------------Search Criteria:  Search in: Projects 		AdminIC: All; Principal Investigator / Project Leader: GOLDSTEIN; DAVID B; Fiscal Year: 2016; 2015; 2014; 2013; 2012; 2011; 2010; 2009; 2008; 2007; 2006; 2005; 2004; 2003; 2002; 2001; 2000; 1999; 1998; 1997; 1996 ----------------------------------------------------------------------------------Project Title,Administering  IC,Application ID,Project Number,Type,Activity,IC,Serial Number,Support Year,Suffix,Subproject Number ,Contact PI  Person ID,Contact PI / Project Leader,Other PI or Project Leader(s),Organization Name,ARRA Indicator,FY,FY Total Cost ,FY Total Cost  (Sub Projects),
"Host and Viral Genetics Core","NIAID","7896714",5U19AI067854-05,5,U19,AI,067854,05,,9001,"1921336","GOLDSTEIN, DAVID B.",Not Applicable,"DUKE UNIVERSITY", ,2009,,1081268
"Host and Viral Genetics Core","NIAID","7654136",5U19AI067854-04,5,U19,AI,067854,04,,9001,"1921336","GOLDSTEIN, DAVID B.",Not Applicable,"DUKE UNIVERSITY", ,2008,,1072115
"Host and Viral Genetics Core","NIAID","7471534",5U19AI067854-03,5,U19,AI,067854,03,,9001,"1921336","GOLDSTEIN, DAVID B.",Not Applicable,"DUKE UNIVERSITY", ,2007,,1328632
"Determinants of protection in HIV-exposed seronegative men ","NIAID","8499892",1R56AI098588-01A1,1,R56,AI,098588,01,A1,,"1921336","GOLDSTEIN, DAVID B.",Not Applicable,"DUKE UNIVERSITY", ,2012,499010,
"Genomics scientific research support component","NIAID","8508872",5UM1AI100645-02,5,UM1,AI,100645,02,,6359,"1921336","GOLDSTEIN, DAVID B.",Not Applicable,"DUKE UNIVERSITY", ,2013,,200630
"Genomics scientific research support component","NIAID","8385826",1UM1AI100645-01,1,UM1,AI,100645,01,,6359,"1921336","GOLDSTEIN, DAVID B.",Not Applicable,"DUKE UNIVERSITY", ,2012,,235500
"Whole-genome sequencing for rare highly penetrant gene variants in  schizophrenia","NIMH","8329240",3RC2MH089915-02S1,3,RC2,MH,089915,02,S1,,"1921336","GOLDSTEIN, DAVID B.",Not Applicable,"DUKE UNIVERSITY", ,2011,1440617,
"Whole-genome sequencing for rare highly penetrant gene variants in  schizophrenia","NIMH","7941966",5RC2MH089915-02,5,RC2,MH,089915,02,,,"1921336","GOLDSTEIN, DAVID B.",Not Applicable,"DUKE UNIVERSITY",YES,2010,1461725,
"Whole-genome sequencing for rare highly penetrant gene variants in  schizophrenia","NIMH","7856844",1RC2MH089915-01,1,RC2,MH,089915,01,,,"1921336","GOLDSTEIN, DAVID B.",Not Applicable,"DUKE UNIVERSITY",YES,2009,1671247,
"1 of 2: Identification of Rare Variants of OCD","NIMH","9120929",5R01MH097971-05,5,R01,MH,097971,05,,,"1921336","GOLDSTEIN, DAVID B.",Not Applicable,"COLUMBIA UNIVERSITY HEALTH SCIENCES", ,2016,358265,
"1 of 2: Identification of Rare Variants of OCD","NIMH","8877315",5R01MH097971-04,5,R01,MH,097971,04,,,"1921336","GOLDSTEIN, DAVID B.",Not Applicable,"COLUMBIA UNIVERSITY HEALTH SCIENCES", ,2015,379011,
"1 of 2: Identification of Rare Variants of OCD","NIMH","8994357",7R01MH097971-03,7,R01,MH,097971,03,,,"1921336","GOLDSTEIN, DAVID B.",Not Applicable,"COLUMBIA UNIVERSITY HEALTH SCIENCES", ,2014,251906,
"1 of 2: Identification of Rare Variants of OCD","NIMH","8720063",5R01MH097971-02,5,R01,MH,097971,02,,,"1921336","GOLDSTEIN, DAVID B.",Not Applicable,"DUKE UNIVERSITY", ,2014,129718,
"1 of 2: Identification of Rare Variants of OCD","NIMH","8502907",1R01MH097971-01A1,1,R01,MH,097971,01,A1,,"1921336","GOLDSTEIN, DAVID B.",Not Applicable,"DUKE UNIVERSITY", ,2013,414181,
"Identifying de novo mutations causing OCD in trios by whole exome sequencing","NIMH","9113084",5R01MH099216-05,5,R01,MH,099216,05,,,"1921336","GOLDSTEIN, DAVID B. ","NESTADT, GERALD ","COLUMBIA UNIVERSITY HEALTH SCIENCES", ,2016,881166,
"Identifying de novo mutations causing OCD in trios by whole exome sequencing","NIMH","8870438",5R01MH099216-04,5,R01,MH,099216,04,,,"1921336","GOLDSTEIN, DAVID B. ","NESTADT, GERALD ","COLUMBIA UNIVERSITY HEALTH SCIENCES", ,2015,888420,
"Identifying de novo mutations causing OCD in trios by whole exome sequencing","NIMH","8994339",7R01MH099216-03,7,R01,MH,099216,03,,,"1921336","GOLDSTEIN, DAVID B. ","NESTADT, GERALD ","COLUMBIA UNIVERSITY HEALTH SCIENCES", ,2014,128759,
"Identifying de novo mutations causing OCD in trios by whole exome sequencing","NIMH","8827928",3R01MH099216-02S1,3,R01,MH,099216,02,S1,,"1921336","GOLDSTEIN, DAVID B. ","NESTADT, GERALD ","DUKE UNIVERSITY", ,2014,158639,
"Identifying de novo mutations causing OCD in trios by whole exome sequencing","NIMH","8724562",5R01MH099216-02,5,R01,MH,099216,02,,,"1921336","GOLDSTEIN, DAVID B. ","NESTADT, GERALD ","DUKE UNIVERSITY", ,2014,599590,
"Identifying de novo mutations causing OCD in trios by whole exome sequencing","NIMH","8578063",1R01MH099216-01A1,1,R01,MH,099216,01,A1,,"1921336","GOLDSTEIN, DAVID B. ","NESTADT, GERALD ","DUKE UNIVERSITY", ,2013,791759,
"1/3-Identifying regulatory mutations that influence neuropsychiatric disease","NIMH","9139500",5U01MH105670-04,5,U01,MH,105670,04,,,"1921336","GOLDSTEIN, DAVID B.",Not Applicable,"COLUMBIA UNIVERSITY HEALTH SCIENCES", ,2016,1373814,
"1/3-Identifying regulatory mutations that influence neuropsychiatric disease","NIMH","8928652",5U01MH105670-03,5,U01,MH,105670,03,,,"1921336","GOLDSTEIN, DAVID B.",Not Applicable,"COLUMBIA UNIVERSITY HEALTH SCIENCES", ,2015,1379311,
"1/3-Identifying regulatory mutations that influence neuropsychiatric disease","NIMH","8997585",7U01MH105670-02,7,U01,MH,105670,02,,,"1921336","GOLDSTEIN, DAVID B.",Not Applicable,"COLUMBIA UNIVERSITY HEALTH SCIENCES", ,2014,1274060,
"1/3-Identifying regulatory mutations that influence neuropsychiatric disease","NIMH","8805881",1U01MH105670-01,1,U01,MH,105670,01,,,"1921336","GOLDSTEIN, DAVID B.",Not Applicable,"DUKE UNIVERSITY", ,2014,120641,
"Whole-genome sequencing in multiplex epilepsy families","NINDS","7939621",5RC2NS070344-02,5,RC2,NS,070344,02,,,"1921336","GOLDSTEIN, DAVID B. ","OTTMAN, RUTH ","DUKE UNIVERSITY",YES,2010,900501,
"Whole-genome sequencing in multiplex epilepsy families","NINDS","7853702",1RC2NS070344-01,1,RC2,NS,070344,01,,,"1921336","GOLDSTEIN, DAVID B. ","OTTMAN, RUTH ","DUKE UNIVERSITY",YES,2009,1099524,
"1 of 7 Epi4K: Gene discovery in 4;000 epilepsy genomes - Administrative Core","NINDS","8918752",5U01NS077274-06,5,U01,NS,077274,06,,,"1921336","GOLDSTEIN, DAVID B.",Not Applicable,"COLUMBIA UNIVERSITY HEALTH SCIENCES", ,2015,149993,
"1 of 7 Epi4K: Gene discovery in 4;000 epilepsy genomes - Administrative Core","NINDS","9113246",7U01NS077274-05,7,U01,NS,077274,05,,,"1921336","GOLDSTEIN, DAVID B.",Not Applicable,"COLUMBIA UNIVERSITY HEALTH SCIENCES", ,2014,74637,
"1 of 7 Epi4K: Gene discovery in 4;000 epilepsy genomes - Administrative Core","NINDS","8705296",5U01NS077274-04,5,U01,NS,077274,04,,,"1921336","GOLDSTEIN, DAVID B.",Not Applicable,"DUKE UNIVERSITY", ,2014,72914,
"1 of 7 Epi4K: Gene discovery in 4;000 epilepsy genomes - Administrative Core","NINDS","8514093",5U01NS077274-03,5,U01,NS,077274,03,,,"1921336","GOLDSTEIN, DAVID B.",Not Applicable,"DUKE UNIVERSITY", ,2013,149796,
"1 of 7 Epi4K: Gene discovery in 4;000 epilepsy genomes - Administrative Core","NINDS","8338464",5U01NS077274-02,5,U01,NS,077274,02,,,"1921336","GOLDSTEIN, DAVID B.",Not Applicable,"DUKE UNIVERSITY", ,2012,159404,
"1 of 7 Epi4K: Gene discovery in 4;000 epilepsy genomes - Administrative Core","NINDS","8240649",1U01NS077274-01,1,U01,NS,077274,01,,,"1921336","GOLDSTEIN, DAVID B. ","BERKOVIC, SAMUEL FRANK;LOWENSTEIN, DANIEL H","DUKE UNIVERSITY", ,2011,169755,
"3 of 7 Epi4K: Sequencing; Biostatistics & Bioinformatics Core","NINDS","8915250",5U01NS077303-06,5,U01,NS,077303,06,,,"1921336","GOLDSTEIN, DAVID B. ","EICHLER, EVAN ;HEINZEN COX, ERIN L;MEFFORD, HEATHER C","COLUMBIA UNIVERSITY HEALTH SCIENCES", ,2015,2610991,
"3 of 7 Epi4K: Sequencing; Biostatistics & Bioinformatics Core","NINDS","9113262",7U01NS077303-05,7,U01,NS,077303,05,,,"1921336","GOLDSTEIN, DAVID B. ","EICHLER, EVAN ;HEINZEN COX, ERIN L;MEFFORD, HEATHER C","COLUMBIA UNIVERSITY HEALTH SCIENCES", ,2014,375853,
"3 of 7 Epi4K: Sequencing; Biostatistics & Bioinformatics Core","NINDS","8920192",3U01NS077303-04S1,3,U01,NS,077303,04,S1,,"1921336","GOLDSTEIN, DAVID B. ","EICHLER, EVAN ;HEINZEN COX, ERIN L;MEFFORD, HEATHER C","DUKE UNIVERSITY", ,2014,157166,
"3 of 7 Epi4K: Sequencing; Biostatistics & Bioinformatics Core","NINDS","8708999",5U01NS077303-04,5,U01,NS,077303,04,,,"1921336","GOLDSTEIN, DAVID B. ","EICHLER, EVAN ;HEINZEN COX, ERIN L;MEFFORD, HEATHER C","DUKE UNIVERSITY", ,2014,2087831,
"3 of 7 Epi4K: Gene discovery in 4;000 epilepsy genomes","NINDS","8855979",3U01NS077303-03S1,3,U01,NS,077303,03,S1,,"1921336","GOLDSTEIN, DAVID B. ","EICHLER, EVAN ;HEINZEN COX, ERIN L;MEFFORD, HEATHER C","DUKE UNIVERSITY", ,2014,30246,
"3 of 7 Epi4K: Sequencing; Biostatistics & Bioinformatics Core","NINDS","8514094",5U01NS077303-03,5,U01,NS,077303,03,,,"1921336","GOLDSTEIN, DAVID B. ","EICHLER, EVAN ;HEINZEN COX, ERIN L;MEFFORD, HEATHER C","DUKE UNIVERSITY", ,2013,1919296,
"3 of 7 Epi4K: Sequencing; Biostatistics & Bioinformatics Core","NINDS","8338463",5U01NS077303-02,5,U01,NS,077303,02,,,"1921336","GOLDSTEIN, DAVID B. ","EICHLER, EVAN ;HEINZEN COX, ERIN L;MEFFORD, HEATHER C","DUKE UNIVERSITY", ,2012,2871102,
"3 of 7 Epi4K: Sequencing; Biostatistics & Bioinformatics Core","NINDS","8241179",1U01NS077303-01,1,U01,NS,077303,01,,,"1921336","GOLDSTEIN, DAVID B. ","EICHLER, EVAN ;HEINZEN COX, ERIN L;MEFFORD, HEATHER C;SHIANNA, KEVIN ","DUKE UNIVERSITY", ,2011,3037863,
"Columbia/Cornell/Harlem Hospital Precision Medicine Initiative HPO","OD","9337615",3UG3OD023183-01S1,3,UG3,OD,023183,01,S1,,"1921336","GOLDSTEIN, DAVID B. ","GHARAVI, ALI G;HRIPCSAK, GEORGE M;KAUSHAL, RAINU ;ROSS, MARGARET ELIZABETH;RUBIN, MARK A.;TROUSDALE, RHONDA ","COLUMBIA UNIVERSITY HEALTH SCIENCES", ,2016,230583,
"Columbia/Cornell/Harlem Hospital Precision Medicine Initiative HPO","OD","9228787",1UG3OD023183-01,1,UG3,OD,023183,01,,,"1921336","GOLDSTEIN, DAVID B. ","GHARAVI, ALI G;HRIPCSAK, GEORGE M;KAUSHAL, RAINU ;ROSS, MARGARET ELIZABETH;RUBIN, MARK A.;TROUSDALE, RHONDA ","COLUMBIA UNIVERSITY HEALTH SCIENCES", ,2016,4461312,
"Next Generation Rare Variant Discovery in Multiplex AD Families","NIAAA","9132156",5R01AA021746-02,5,R01,AA,021746,02,,,"1862457","HILL, SHIRLEY  ","GOLDSTEIN, DAVID B.","UNIVERSITY OF PITTSBURGH AT PITTSBURGH", ,2016,440636,
"Next Generation Rare Variant Discovery in Multiplex AD Families","NIAAA","8911082",1R01AA021746-01A1,1,R01,AA,021746,01,A1,,"1862457","HILL, SHIRLEY  ","GOLDSTEIN, DAVID B.","UNIVERSITY OF PITTSBURGH AT PITTSBURGH", ,2015,445805,
"An integrated and diverse genomic medicine program for undiagnosed diseases","NHGRI","9319939",3U01HG007672-03S1,3,U01,HG,007672,03,S1,,"6490821","SHASHI, VANDANA  ","GOLDSTEIN, DAVID B.","DUKE UNIVERSITY", ,2016,77391,
"An integrated and diverse genomic medicine program for undiagnosed diseases","NHGRI","9081624",5U01HG007672-03,5,U01,HG,007672,03,,,"6490821","SHASHI, VANDANA  ","GOLDSTEIN, DAVID B.","DUKE UNIVERSITY", ,2016,2300000,
"An integrated and diverse genomic medicine program for undiagnosed diseases","NHGRI","8882494",5U01HG007672-02,5,U01,HG,007672,02,,,"6490821","SHASHI, VANDANA  ","GOLDSTEIN, DAVID B.","DUKE UNIVERSITY", ,2015,1573904,
"An integrated and diverse genomic medicine program for undiagnosed diseases","NHGRI","8685368",1U01HG007672-01,1,U01,HG,007672,01,,,"6490821","SHASHI, VANDANA  ","GOLDSTEIN, DAVID B.","DUKE UNIVERSITY", ,2014,799429,

