----------------------------------------------------------------------------------Search Criteria:  Search in: Projects 		AdminIC: All; Principal Investigator / Project Leader: SLUSARSKI; DIANE C; Fiscal Year: 2016; 2015; 2014; 2013; 2012; 2011; 2010; 2009; 2008; 2007; 2006; 2005; 2004; 2003; 2002; 2001; 2000; 1999; 1998; 1997; 1996 ----------------------------------------------------------------------------------Project Title,Administering  IC,Application ID,Project Number,Type,Activity,IC,Serial Number,Support Year,Suffix,Subproject Number ,Contact PI  Person ID,Contact PI / Project Leader,Other PI or Project Leader(s),Organization Name,ARRA Indicator,FY,FY Total Cost ,FY Total Cost  (Sub Projects),
"Wnt/Ca2+ Function in Development and Tumor Suppression","NCI","7613483",5R01CA112369-05,5,R01,CA,112369,05,,,"1860852","SLUSARSKI, DIANE C",Not Applicable,"UNIVERSITY OF IOWA", ,2009,220974,
"Wnt/Ca2+ Function in Development and Tumor Suppression","NCI","7416836",5R01CA112369-04,5,R01,CA,112369,04,,,"1860852","SLUSARSKI, DIANE C",Not Applicable,"UNIVERSITY OF IOWA", ,2008,220974,
"Wnt/Ca2+ Function in Development and Tumor Suppression","NCI","7229547",5R01CA112369-03,5,R01,CA,112369,03,,,"1860852","SLUSARSKI, DIANE C",Not Applicable,"UNIVERSITY OF IOWA", ,2007,220974,
"Wnt/Ca2+ Function in Development and Tumor Suppression","NCI","7067669",5R01CA112369-02,5,R01,CA,112369,02,,,"1860852","SLUSARSKI, DIANE C",Not Applicable,"UNIVERSITY OF IOWA", ,2006,227573,
"Wnt/Ca2+ Function in Development and Tumor Suppression","NCI","6853451",1R01CA112369-01,1,R01,CA,112369,01,,,"1860852","SLUSARSKI, DIANE C",Not Applicable,"UNIVERSITY OF IOWA", ,2005,252800,
"DEVELOPMENT OF A TRANSPOSITION ASSAY IN THE ZEBRAFISH","NIGMS","2172458",5F32GM017484-02,5,F32,GM,017484,02,,,"1860852","SLUSARSKI, DIANE C",Not Applicable,"JOHNS HOPKINS UNIVERSITY", ,1996,29900,
"Modeling human epilepsy in zebrafish","NIGMS","8925108",5R21GM110302-02,5,R21,GM,110302,02,,,"1860852","SLUSARSKI, DIANE C ","BASSUK, ALEXANDER G","UNIVERSITY OF IOWA", ,2015,151000,
"Modeling human epilepsy in zebrafish","NIGMS","8679346",1R21GM110302-01,1,R21,GM,110302,01,,,"1860852","SLUSARSKI, DIANE C ","BASSUK, ALEXANDER G","UNIVERSITY OF IOWA", ,2014,188750,
"Mechanisms of RGS Function in Vertebrate Development","NICHD","6830801",5R03HD045488-02,5,R03,HD,045488,02,,,"1860852","SLUSARSKI, DIANE C",Not Applicable,"UNIVERSITY OF IOWA", ,2005,73750,
"Mechanisms of RGS Function in Vertebrate Development","NICHD","6708183",1R03HD045488-01,1,R03,HD,045488,01,,,"1860852","SLUSARSKI, DIANE C",Not Applicable,"UNIVERSITY OF IOWA", ,2004,73750,

