----------------------------------------------------------------------------------Search Criteria:  Search in: Projects 		AdminIC: All; Principal Investigator / Project Leader: CHEDIN; FREDERIC L; Fiscal Year: 2016; 2015; 2014; 2013; 2012; 2011; 2010; 2009; 2008; 2007; 2006; 2005; 2004; 2003; 2002; 2001; 2000; 1999; 1998; 1997; 1996 ----------------------------------------------------------------------------------Project Title,Administering  IC,Application ID,Project Number,Type,Activity,IC,Serial Number,Support Year,Suffix,Subproject Number ,Contact PI  Person ID,Contact PI / Project Leader,Other PI or Project Leader(s),Organization Name,ARRA Indicator,FY,FY Total Cost ,FY Total Cost  (Sub Projects),
"'R-loop formation protects CpG islands against epigenetic silencing'.","NIGMS","9116990",3R01GM094299-05S1,3,R01,GM,094299,05,S1,,"8304160","CHEDIN, FREDERIC LOUIS",Not Applicable,"UNIVERSITY OF CALIFORNIA AT DAVIS", ,2015,96007,
"'R-loop formation protects CpG islands against epigenetic silencing'.","NIGMS","8723243",5R01GM094299-05,5,R01,GM,094299,05,,,"8304160","CHEDIN, FREDERIC LOUIS",Not Applicable,"UNIVERSITY OF CALIFORNIA AT DAVIS", ,2014,283530,
"'R-loop formation protects CpG islands against epigenetic silencing'.","NIGMS","8512740",5R01GM094299-04,5,R01,GM,094299,04,,,"8304160","CHEDIN, FREDERIC LOUIS",Not Applicable,"UNIVERSITY OF CALIFORNIA AT DAVIS", ,2013,268079,
"'R-loop formation protects CpG islands against epigenetic silencing'.","NIGMS","8307014",5R01GM094299-03,5,R01,GM,094299,03,,,"8304160","CHEDIN, FREDERIC LOUIS",Not Applicable,"UNIVERSITY OF CALIFORNIA AT DAVIS", ,2012,272073,
"'R-loop formation protects CpG islands against epigenetic silencing'.","NIGMS","8111191",5R01GM094299-02,5,R01,GM,094299,02,,,"8304160","CHEDIN, FREDERIC LOUIS",Not Applicable,"UNIVERSITY OF CALIFORNIA AT DAVIS", ,2011,277765,
"'R-loop formation protects CpG islands against epigenetic silencing'.","NIGMS","7945262",1R01GM094299-01,1,R01,GM,094299,01,,,"8304160","CHEDIN, FREDERIC LOUIS",Not Applicable,"UNIVERSITY OF CALIFORNIA AT DAVIS", ,2010,286135,
"Genomic profiling of pathological R-loop formation in human diseases.","NIGMS","9167947",1R01GM120607-01,1,R01,GM,120607,01,,,"8304160","CHEDIN, FREDERIC LOUIS",Not Applicable,"UNIVERSITY OF CALIFORNIA AT DAVIS", ,2016,314000,
"Epigenetic regulation of the FMR1 gene","NIGMS","9255784",3R01GM113929-02S1,3,R01,GM,113929,02,S1,,"1883079","HAGERMAN, PAUL J ","CHEDIN, FREDERIC LOUIS;TASSONE, FLORA ","UNIVERSITY OF CALIFORNIA AT DAVIS", ,2016,175732,
"Epigenetic regulation of the FMR1 gene","NIGMS","9146956",5R01GM113929-02,5,R01,GM,113929,02,,,"1883079","HAGERMAN, PAUL J ","CHEDIN, FREDERIC LOUIS;TASSONE, FLORA ","UNIVERSITY OF CALIFORNIA AT DAVIS", ,2016,384221,
"Epigenetic regulation of the FMR1 gene","NIGMS","8857166",1R01GM113929-01,1,R01,GM,113929,01,,,"1883079","HAGERMAN, PAUL J ","CHEDIN, FREDERIC LOUIS;TASSONE, FLORA ","UNIVERSITY OF CALIFORNIA AT DAVIS", ,2015,383099,

