----------------------------------------------------------------------------------Search Criteria:  Search in: Projects 		AdminIC: All; Principal Investigator / Project Leader: THEOBALD; DOUGLAS L; Fiscal Year: 2016; 2015; 2014; 2013; 2012; 2011; 2010; 2009; 2008; 2007; 2006; 2005; 2004; 2003; 2002; 2001; 2000; 1999; 1998; 1997; 1996 ----------------------------------------------------------------------------------Project Title,Administering  IC,Application ID,Project Number,Type,Activity,IC,Serial Number,Support Year,Suffix,Subproject Number ,Contact PI  Person ID,Contact PI / Project Leader,Other PI or Project Leader(s),Organization Name,ARRA Indicator,FY,FY Total Cost ,FY Total Cost  (Sub Projects),
"Bayesian analysis of structural shape and conformation","NIGMS","8716773",5R01GM094468-05,5,R01,GM,094468,05,,,"9077409","THEOBALD, DOUGLAS LOWELL",Not Applicable,"BRANDEIS UNIVERSITY", ,2014,287161,
"Bayesian analysis of structural shape and conformation","NIGMS","8519474",5R01GM094468-04,5,R01,GM,094468,04,,,"9077409","THEOBALD, DOUGLAS LOWELL",Not Applicable,"BRANDEIS UNIVERSITY", ,2013,277111,
"Bayesian analysis of structural shape and conformation","NIGMS","8309091",5R01GM094468-03,5,R01,GM,094468,03,,,"9077409","THEOBALD, DOUGLAS LOWELL",Not Applicable,"BRANDEIS UNIVERSITY", ,2012,287161,
"Bayesian analysis of structural shape and conformation","NIGMS","8120595",5R01GM094468-02,5,R01,GM,094468,02,,,"9077409","THEOBALD, DOUGLAS LOWELL",Not Applicable,"BRANDEIS UNIVERSITY", ,2011,287161,
"Bayesian analysis of structural shape and conformation","NIGMS","7948105",1R01GM094468-01,1,R01,GM,094468,01,,,"9077409","THEOBALD, DOUGLAS LOWELL",Not Applicable,"BRANDEIS UNIVERSITY", ,2010,281808,
"Evolution of enzyme function; mechanism; dynamics; and structure viewed at atomic resolution","NIGMS","9027010",2R01GM096053-05A1,2,R01,GM,096053,05,A1,,"9077409","THEOBALD, DOUGLAS LOWELL",Not Applicable,"BRANDEIS UNIVERSITY", ,2016,346927,
"Evolution of enzyme structure and function viewed at atomic resolution","NIGMS","8668075",5R01GM096053-04,5,R01,GM,096053,04,,,"9077409","THEOBALD, DOUGLAS LOWELL",Not Applicable,"BRANDEIS UNIVERSITY", ,2014,294680,
"Evolution of enzyme structure and function viewed at atomic resolution","NIGMS","8478140",5R01GM096053-03,5,R01,GM,096053,03,,,"9077409","THEOBALD, DOUGLAS LOWELL",Not Applicable,"BRANDEIS UNIVERSITY", ,2013,284366,
"Evolution of enzyme structure and function viewed at atomic resolution","NIGMS","8290368",5R01GM096053-02,5,R01,GM,096053,02,,,"9077409","THEOBALD, DOUGLAS LOWELL",Not Applicable,"BRANDEIS UNIVERSITY", ,2012,294680,
"Evolution of enzyme structure and function viewed at atomic resolution","NIGMS","8115548",1R01GM096053-01A1,1,R01,GM,096053,01,A1,,"9077409","THEOBALD, DOUGLAS LOWELL",Not Applicable,"BRANDEIS UNIVERSITY", ,2011,281475,

