----------------------------------------------------------------------------------Search Criteria:  Search in: Projects 		AdminIC: All; Principal Investigator / Project Leader: BITTMAN; ERIC L; Fiscal Year: 2016; 2015; 2014; 2013; 2012; 2011; 2010; 2009; 2008; 2007; 2006; 2005; 2004; 2003; 2002; 2001; 2000; 1999; 1998; 1997; 1996 ----------------------------------------------------------------------------------Project Title,Administering  IC,Application ID,Project Number,Type,Activity,IC,Serial Number,Support Year,Suffix,Subproject Number ,Contact PI  Person ID,Contact PI / Project Leader,Other PI or Project Leader(s),Organization Name,ARRA Indicator,FY,FY Total Cost ,FY Total Cost  (Sub Projects),
"Function and Control of Hypothalamic Oscillators","NICHD","8916171",5R21HD078863-02,5,R21,HD,078863,02,,,"1858666","BITTMAN, ERIC L",Not Applicable,"UNIVERSITY OF MASSACHUSETTS AMHERST", ,2015,227071,
"Function and Control of Hypothalamic Oscillators","NICHD","8770985",1R21HD078863-01A1,1,R21,HD,078863,01,A1,,"1858666","BITTMAN, ERIC L",Not Applicable,"UNIVERSITY OF MASSACHUSETTS AMHERST", ,2014,193411,
"R21: Entrainment of Peripheral Circadian Rhythms","NHLBI","7352792",5R21HL086828-02,5,R21,HL,086828,02,,,"1858666","BITTMAN, ERIC L",Not Applicable,"UNIVERSITY OF MASSACHUSETTS AMHERST", ,2008,193146,
"R21: Entrainment of Peripheral Circadian Rhythms","NHLBI","7176583",1R21HL086828-01,1,R21,HL,086828,01,,,"1858666","BITTMAN, ERIC L",Not Applicable,"UNIVERSITY OF MASSACHUSETTS AMHERST", ,2007,179043,
"NEUROPEPTIDES RECEPTORS AND PHOTOPERIODISM","NIMH","2032790",5K02MH000914-05,5,K02,MH,000914,05,,,"1858666","BITTMAN, ERIC L",Not Applicable,"UNIVERSITY OF MASSACHUSETTS AMHERST", ,1996,91652,
"OPIATES AND THE BIOPSYCHOLOGY OF PHOTOPERIODISM","NIMH","2415916",5R01MH044132-07,5,R01,MH,044132,07,,,"1858666","BITTMAN, ERIC L",Not Applicable,"UNIVERSITY OF MASSACHUSETTS AMHERST", ,1997,168569,
"OPIATES AND THE BIOPSYCHOLOGY OF PHOTOPERIODISM","NIMH","2245995",5R01MH044132-06,5,R01,MH,044132,06,,,"1858666","BITTMAN, ERIC L",Not Applicable,"UNIVERSITY OF MASSACHUSETTS AMHERST", ,1996,162085,
"NEURAL REGULATION OF CIRCADIAN RHYTHMS AND PHOTOPERIODIS","NIMH","6639090",5R01MH059166-04,5,R01,MH,059166,04,,,"1858666","BITTMAN, ERIC L",Not Applicable,"UNIVERSITY OF MASSACHUSETTS AMHERST", ,2003,268625,
"NEURAL REGULATION OF CIRCADIAN RHYTHMS AND PHOTOPERIODIS","NIMH","6538877",5R01MH059166-03,5,R01,MH,059166,03,,,"1858666","BITTMAN, ERIC L",Not Applicable,"UNIVERSITY OF MASSACHUSETTS AMHERST", ,2002,230250,
"NEURAL REGULATION OF CIRCADIAN RHYTHMS AND PHOTOPERIODIS","NIMH","6392594",6R01MH059166-02,6,R01,MH,059166,02,,,"1858666","BITTMAN, ERIC L",Not Applicable,"UNIVERSITY OF MASSACHUSETTS AMHERST", ,2001,230250,
"NEURAL REGULATION OF CIRCADIAN RHYTHMS AND PHOTOPERIODIS","NIMH","6128359",1R01MH059166-01A2,1,R01,MH,059166,01,A2,,"1858666","BITTMAN, ERIC L",Not Applicable,"UNIVERSITY OF MASSACHUSETTS AMHERST", ,2000,258258,
"Suprachiasmatic Control of Peripheral Circadian Rhythms","NIMH","7575755",5R01MH070019-05,5,R01,MH,070019,05,,,"1858666","BITTMAN, ERIC L",Not Applicable,"UNIVERSITY OF MASSACHUSETTS AMHERST", ,2009,292070,
"Suprachiasmatic Control of Peripheral Circadian Rhythms","NIMH","7368075",5R01MH070019-04,5,R01,MH,070019,04,,,"1858666","BITTMAN, ERIC L",Not Applicable,"UNIVERSITY OF MASSACHUSETTS AMHERST", ,2008,292159,
"Suprachiasmatic Control of Peripheral Circadian Rhythms","NIMH","7194988",5R01MH070019-03,5,R01,MH,070019,03,,,"1858666","BITTMAN, ERIC L",Not Applicable,"UNIVERSITY OF MASSACHUSETTS AMHERST", ,2007,292243,
"Suprachiasmatic Control of Peripheral Circadian Rhythms","NIMH","7033008",5R01MH070019-02,5,R01,MH,070019,02,,,"1858666","BITTMAN, ERIC L",Not Applicable,"UNIVERSITY OF MASSACHUSETTS AMHERST", ,2006,301056,
"Suprachiasmatic Control of Peripheral Circadian Rhythms","NIMH","6921790",1R01MH070019-01A2,1,R01,MH,070019,01,A2,,"1858666","BITTMAN, ERIC L",Not Applicable,"UNIVERSITY OF MASSACHUSETTS AMHERST", ,2005,297381,
"Generation of genetically engineered hamsters for circadian studies","NINDS","9224469",1R21NS099473-01,1,R21,NS,099473,01,,,"1858666","BITTMAN, ERIC L ","WANG, ZHONGDE ","UNIVERSITY OF MASSACHUSETTS AMHERST", ,2016,196568,

