----------------------------------------------------------------------------------Search Criteria:  Search in: Projects 		AdminIC: All; Principal Investigator / Project Leader: KULL; F; Fiscal Year: 2016; 2015; 2014; 2013; 2012; 2011; 2010; 2009; 2008; 2007; 2006; 2005; 2004; 2003; 2002; 2001; 2000; 1999; 1998; 1997; 1996 ----------------------------------------------------------------------------------Project Title,Administering  IC,Application ID,Project Number,Type,Activity,IC,Serial Number,Support Year,Suffix,Subproject Number ,Contact PI  Person ID,Contact PI / Project Leader,Other PI or Project Leader(s),Organization Name,ARRA Indicator,FY,FY Total Cost ,FY Total Cost  (Sub Projects),
"ANALYSIS OF KINESIN MOTOR DOMAIN","NCRR","6658505",3P41RR001209-23S1,3,P41,RR,001209,23,S1,0082,"6243457","KULL, F J",Not Applicable,"STANFORD UNIVERSITY", ,2002,,143176
"ANALYSIS OF KINESIN MOTOR DOMAIN","NCRR","6586538",5P41RR001209-23,5,P41,RR,001209,23,,0082,"6243457","KULL, F J",Not Applicable,"STANFORD UNIVERSITY", ,2002,,143176
"ANALYSIS OF KINESIN MOTOR DOMAIN","NCRR","6437456",5P41RR001209-22,5,P41,RR,001209,22,,0082,"6243457","KULL, F J",Not Applicable,"STANFORD UNIVERSITY", ,2001,,143176
"ANALYSIS OF KINESIN MOTOR DOMAIN","NCRR","6250677",5P41RR001209-18,5,P41,RR,001209,18,,0116,"6243457","KULL, F J",Not Applicable,"STANFORD UNIVERSITY", ,1997,,4167
"ANALYSIS OF KINESIN MOTOR DOMAIN","NCRR","5222710",5P41RR001209-17,5,P41,RR,001209,17,,0090,"6243457","KULL, F J",Not Applicable,"", ,1996,,,,,
"Structural Analysis of Bacterial Virulence Regulators","NIAID","6769110",1R21AI060031-01,1,R21,AI,060031,01,,,"1940241","KULL, F JON",Not Applicable,"DARTMOUTH COLLEGE", ,2004,316000,
"Structural characterization of dynamin GTPases","NIGMS","7089918",5R01GM066913-04,5,R01,GM,066913,04,,,"1940241","KULL, F JON",Not Applicable,"DARTMOUTH COLLEGE", ,2006,272917,
"Structural characterization of dynamin GTPases","NIGMS","6915734",5R01GM066913-03,5,R01,GM,066913,03,,,"1940241","KULL, F JON",Not Applicable,"DARTMOUTH COLLEGE", ,2005,279485,
"Structural characterization of dynamin GTPases","NIGMS","6763205",5R01GM066913-02,5,R01,GM,066913,02,,,"1940241","KULL, F JON",Not Applicable,"DARTMOUTH COLLEGE", ,2004,279485,
"Structural characterization of dynamin GTPases","NIGMS","6682150",1R01GM066913-01A1,1,R01,GM,066913,01,A1,,"1940241","KULL, F JON",Not Applicable,"DARTMOUTH COLLEGE", ,2003,301596,
"REP PROTEINS","NCRR","6972676",5P41RR012408-08,5,P41,RR,012408,08,,0051,"1940241","KULL, F JON",Not Applicable,"BROOKHAVEN SCIENCE ASSOC-BROOKHAVEN LAB", ,2004,,1947
"BSTY-DNA COMPLEX","NCRR","6972677",5P41RR012408-08,5,P41,RR,012408,08,,0052,"1940241","KULL, F JON",Not Applicable,"BROOKHAVEN SCIENCE ASSOC-BROOKHAVEN LAB", ,2004,,1947
"Structural Analysis of Vibrio cholerae Virulence Gene Regulatory Proteins","NIAID","9025669",4R01AI072661-10,4,R01,AI,072661,10,,,"1940241","KULL, FREDRICK JON",Not Applicable,"DARTMOUTH COLLEGE", ,2016,467279,
"Structural Analysis of Vibrio cholerae Virulence Gene Regulatory Proteins","NIAID","8816028",5R01AI072661-09,5,R01,AI,072661,09,,,"1940241","KULL, FREDRICK JON",Not Applicable,"DARTMOUTH COLLEGE", ,2015,467279,
"Structural Analysis of Vibrio cholerae Virulence Gene Regulatory Proteins","NIAID","8632986",5R01AI072661-08,5,R01,AI,072661,08,,,"1940241","KULL, FREDRICK JON",Not Applicable,"DARTMOUTH COLLEGE", ,2014,467279,
"Structural Analysis of Vibrio cholerae Virulence Gene Regulatory Proteins","NIAID","8431331",5R01AI072661-07,5,R01,AI,072661,07,,,"1940241","KULL, FREDRICK JON",Not Applicable,"DARTMOUTH COLLEGE", ,2013,438564,
"Structural Analysis of Vibrio cholerae Virulence Gene Regulatory Proteins","NIAID","8293819",2R01AI072661-06A1,2,R01,AI,072661,06,A1,,"1940241","KULL, FREDRICK JON",Not Applicable,"DARTMOUTH COLLEGE", ,2012,462231,
"Structural Analysis of Vibrio cholerae Virulence Gene Regulatory Proteins","NIAID","7994833",5R01AI072661-05,5,R01,AI,072661,05,,,"1940241","KULL, FREDRICK JON",Not Applicable,"DARTMOUTH COLLEGE", ,2011,384352,
"Structural Analysis of Vibrio cholerae Virulence Gene Regulatory Proteins","NIAID","7737871",5R01AI072661-04,5,R01,AI,072661,04,,,"1940241","KULL, FREDRICK JON",Not Applicable,"DARTMOUTH COLLEGE", ,2010,388234,
"Structural Analysis of Vibrio cholerae Virulence Gene Regulatory Proteins","NIAID","7534978",5R01AI072661-03,5,R01,AI,072661,03,,,"1940241","KULL, FREDRICK JON",Not Applicable,"DARTMOUTH COLLEGE", ,2009,392155,
"Structural Analysis of Vibrio cholerae Virulence Gene Regulatory Proteins","NIAID","7329167",5R01AI072661-02,5,R01,AI,072661,02,,,"1940241","KULL, FREDRICK JON",Not Applicable,"DARTMOUTH COLLEGE", ,2008,392155,
"Structural Analysis of Vibrio cholerae Virulence Gene Regulatory Proteins","NIAID","7189792",1R01AI072661-01,1,R01,AI,072661,01,,,"1940241","KULL, FREDRICK JON",Not Applicable,"DARTMOUTH COLLEGE", ,2007,399750,
"Fatty acid related regulation of enteric infectious disease","NIAID","8339441",5R21AI092161-02,5,R21,AI,092161,02,,,"1940241","KULL, FREDRICK JON",Not Applicable,"DARTMOUTH COLLEGE", ,2012,197500,
"Fatty acid related regulation of enteric infectious disease","NIAID","8030148",1R21AI092161-01,1,R21,AI,092161,01,,,"1940241","KULL, FREDRICK JON",Not Applicable,"DARTMOUTH COLLEGE", ,2011,237000,
"Structural characterization of dynamin GTPases","NIGMS","7255801",5R01GM066913-05,5,R01,GM,066913,05,,,"1940241","KULL, FREDRICK JON",Not Applicable,"DARTMOUTH COLLEGE", ,2007,265003,
"Fine tuning the catalytic cycle of kinesin motors","NIGMS","8640193",5R01GM097079-04,5,R01,GM,097079,04,,,"1940241","KULL, FREDRICK JON",Not Applicable,"DARTMOUTH COLLEGE", ,2014,300200,
"Fine tuning the catalytic cycle of kinesin motors","NIGMS","8446463",5R01GM097079-03,5,R01,GM,097079,03,,,"1940241","KULL, FREDRICK JON",Not Applicable,"DARTMOUTH COLLEGE", ,2013,289693,
"Fine tuning the catalytic cycle of kinesin motors","NIGMS","8245013",5R01GM097079-02,5,R01,GM,097079,02,,,"1940241","KULL, FREDRICK JON",Not Applicable,"DARTMOUTH COLLEGE", ,2012,300200,
"Fine tuning the catalytic cycle of kinesin motors","NIGMS","8083250",1R01GM097079-01,1,R01,GM,097079,01,,,"1940241","KULL, FREDRICK JON",Not Applicable,"DARTMOUTH COLLEGE", ,2011,300200,
"Core B:  Molecular Tools Core","NIGMS","8813294",1P20GM113132-01,1,P20,GM,113132,01,,6068,"1940241","KULL, FREDRICK JON",Not Applicable,"DARTMOUTH COLLEGE", ,2016,,142581
"Control of virulence in Vibrio cholerae by fatty acids","NIAID","9174511",1R01AI120068-01A1,1,R01,AI,120068,01,A1,,"1901992","SKORUPSKI, KAREN A ","KULL, FREDRICK JON","DARTMOUTH COLLEGE", ,2016,371251,
"Control of virulence in Vibrio cholerae by fatty acids","NIAID","9107992",1R56AI120068-01,1,R56,AI,120068,01,,,"1901992","SKORUPSKI, KAREN A ","KULL, FREDRICK JON","DARTMOUTH COLLEGE", ,2015,405000,

