----------------------------------------------------------------------------------Search Criteria:  Search in: Projects 		AdminIC: All; Principal Investigator / Project Leader: ARNOLD; FRANCES H; Fiscal Year: 2016; 2015; 2014; 2013; 2012; 2011; 2010; 2009; 2008; 2007; 2006; 2005; 2004; 2003; 2002; 2001; 2000; 1999; 1998; 1997; 1996 ----------------------------------------------------------------------------------Project Title,Administering  IC,Application ID,Project Number,Type,Activity,IC,Serial Number,Support Year,Suffix,Subproject Number ,Contact PI  Person ID,Contact PI / Project Leader,Other PI or Project Leader(s),Organization Name,ARRA Indicator,FY,FY Total Cost ,FY Total Cost  (Sub Projects),
"Synthetic Protein Families by Structure-Guided SCHEMA Recombination","NIGMS","7894817",5R01GM068664-06,5,R01,GM,068664,06,,,"2300356","ARNOLD, FRANCES H",Not Applicable,"CALIFORNIA INSTITUTE OF TECHNOLOGY",YES,2010,332066,
"Synthetic Protein Families by Structure-Guided SCHEMA Recombination","NIGMS","7528039",2R01GM068664-05A1,2,R01,GM,068664,05,A1,,"2300356","ARNOLD, FRANCES H",Not Applicable,"CALIFORNIA INSTITUTE OF TECHNOLOGY",YES,2009,323241,
"Computation-Guided Protein Recombination and Evolution","NIGMS","7076250",5R01GM068664-04,5,R01,GM,068664,04,,,"2300356","ARNOLD, FRANCES H",Not Applicable,"CALIFORNIA INSTITUTE OF TECHNOLOGY", ,2006,266752,
"Computation-Guided Protein Recombination and Evolution","NIGMS","6912679",5R01GM068664-03,5,R01,GM,068664,03,,,"2300356","ARNOLD, FRANCES H",Not Applicable,"CALIFORNIA INSTITUTE OF TECHNOLOGY", ,2005,273171,
"Computation-Guided Protein Recombination and Evolution","NIGMS","6774788",5R01GM068664-02,5,R01,GM,068664,02,,,"2300356","ARNOLD, FRANCES H",Not Applicable,"CALIFORNIA INSTITUTE OF TECHNOLOGY", ,2004,273171,
"Computation-Guided Protein Recombination and Evolution","NIGMS","6673152",1R01GM068664-01,1,R01,GM,068664,01,,,"2300356","ARNOLD, FRANCES H",Not Applicable,"CALIFORNIA INSTITUTE OF TECHNOLOGY", ,2003,238451,
"Predoctoral Biotechnology Leadership Training in Micro/Nanomedicine","NIGMS","9064796",5T32GM112592-02,5,T32,GM,112592,02,,,"2300356","ARNOLD, FRANCES H",Not Applicable,"CALIFORNIA INSTITUTE OF TECHNOLOGY", ,2016,230530,
"Predoctoral Biotechnology Leadership Training in Micro/Nanomedicine","NIGMS","8795057",1T32GM112592-01,1,T32,GM,112592,01,,,"2300356","ARNOLD, FRANCES H",Not Applicable,"CALIFORNIA INSTITUTE OF TECHNOLOGY", ,2015,91227,
"SELECTIVE TEMPLATED POLYMERS FOR BIOSEPARATIONS","NCRR","6249618",5P41RR000954-21,5,P41,RR,000954,21,,0002,"2300356","ARNOLD, FRANCES H",Not Applicable,"WASHINGTON UNIVERSITY", ,1997,,4237
"ARNOLD 12-2 PRT","NCRR","8362341",5P41RR001209-32,5,P41,RR,001209,32,,6472,"2300356","ARNOLD, FRANCES H",Not Applicable,"STANFORD UNIVERSITY", ,2011,,1368
"ARNOLD 12-2 PRT","NCRR","8170346",2P41RR001209-31,2,P41,RR,001209,31,,6270,"2300356","ARNOLD, FRANCES H",Not Applicable,"STANFORD UNIVERSITY", ,2010,,1003
"SIG Program: AKTAxpress FPLC System for Protein Purification","NCRR","7794720",1S10RR027203-01,1,S10,RR,027203,01,,,"2300356","ARNOLD, FRANCES H",Not Applicable,"CALIFORNIA INSTITUTE OF TECHNOLOGY",YES,2010,175753,
"Engineering Microbial Opsins for Neuroscience via Structure-Guided Recombination","NIMH","8806609",5R21MH103824-02,5,R21,MH,103824,02,,,"11610157","GRADINARU, VIVIANA  ","ARNOLD, FRANCES H","CALIFORNIA INSTITUTE OF TECHNOLOGY", ,2015,208125,
"Engineering Microbial Opsins for Neuroscience via Structure-Guided Recombination","NIMH","8684987",1R21MH103824-01,1,R21,MH,103824,01,,,"11610157","GRADINARU, VIVIANA  ","ARNOLD, FRANCES H","CALIFORNIA INSTITUTE OF TECHNOLOGY", ,2014,249750,

