----------------------------------------------------------------------------------Search Criteria:  Search in: Projects 		AdminIC: All; Principal Investigator / Project Leader: DANUSER; GAUDENZ; Fiscal Year: 2016; 2015; 2014; 2013; 2012; 2011; 2010; 2009; 2008; 2007; 2006; 2005; 2004; 2003; 2002; 2001; 2000; 1999; 1998; 1997; 1996 ----------------------------------------------------------------------------------Project Title,Administering  IC,Application ID,Project Number,Type,Activity,IC,Serial Number,Support Year,Suffix,Subproject Number ,Contact PI  Person ID,Contact PI / Project Leader,Other PI or Project Leader(s),Organization Name,ARRA Indicator,FY,FY Total Cost ,FY Total Cost  (Sub Projects),
"Morphodynamic Profiling Angiogenesis in 3D","NCI","7476557",5R21CA124990-02,5,R21,CA,124990,02,,,"6620738","DANUSER, GAUDENZ ",Not Applicable,"SCRIPPS RESEARCH INSTITUTE", ,2008,189500,
"Morphodynamic Profiling Angiogenesis in 3D","NCI","7313601",1R21CA124990-01A1,1,R21,CA,124990,01,A1,,"6620738","DANUSER, GAUDENZ ",Not Applicable,"SCRIPPS RESEARCH INSTITUTE", ,2007,186400,
"MODELING","NIGMS","8121492",5U54GM064346-10,5,U54,GM,064346,10,,9029,"6620738","DANUSER, GAUDENZ ",Not Applicable,"UNIVERSITY OF VIRGINIA", ,2010,,129889
"MODELING","NIGMS","7906683",5U54GM064346-09,5,U54,GM,064346,09,,9029,"6620738","DANUSER, GAUDENZ ",Not Applicable,"UNIVERSITY OF VIRGINIA", ,2009,,125295
"MODELING","NIGMS","7664905",5U54GM064346-08,5,U54,GM,064346,08,,9029,"6620738","DANUSER, GAUDENZ ",Not Applicable,"UNIVERSITY OF VIRGINIA", ,2008,,128839
"MODELING","NIGMS","7482399",5U54GM064346-07,5,U54,GM,064346,07,,9029,"6620738","DANUSER, GAUDENZ ",Not Applicable,"UNIVERSITY OF VIRGINIA", ,2007,,117411
"MODELING","NIGMS","7313510",2U54GM064346-06,2,U54,GM,064346,06,,9029,"6620738","DANUSER, GAUDENZ ",Not Applicable,"UNIVERSITY OF VIRGINIA CHARLOTTESVILLE", ,2006,,77326
"3D Quantitative Fluorescent Speckle Microscopy","NIGMS","9175860",2R01GM067230-10,2,R01,GM,067230,10,,,"6620738","DANUSER, GAUDENZ ",Not Applicable,"UT SOUTHWESTERN MEDICAL CENTER", ,2016,405000,
"Quantitative Fluorescent Speckle Microscopy","NIGMS","8135496",5U01GM067230-09,5,U01,GM,067230,09,,,"6620738","DANUSER, GAUDENZ ",Not Applicable,"HARVARD MEDICAL SCHOOL", ,2011,435604,
"Quantitative Fluorescent Speckle Microscopy","NIGMS","8255920",3U01GM067230-08S1,3,U01,GM,067230,08,S1,,"6620738","DANUSER, GAUDENZ ",Not Applicable,"HARVARD MEDICAL SCHOOL", ,2011,52411,
"Quantitative Fluorescent Speckle Microscopy","NIGMS","7921994",5U01GM067230-08,5,U01,GM,067230,08,,,"6620738","DANUSER, GAUDENZ ",Not Applicable,"HARVARD MEDICAL SCHOOL", ,2010,377561,
"Quantitative Fluorescent Speckle Microscopy","NIGMS","8015799",7U01GM067230-07,7,U01,GM,067230,07,,,"6620738","DANUSER, GAUDENZ ",Not Applicable,"HARVARD MEDICAL SCHOOL", ,2009,148204,
"Quantitative Fluorescent Speckle Microscopy","NIGMS","7685312",5U01GM067230-06,5,U01,GM,067230,06,,,"6620738","DANUSER, GAUDENZ ",Not Applicable,"SCRIPPS RESEARCH INSTITUTE", ,2009,260334,
"Quantitative Fluorescent Speckle Microscopy","NIGMS","7533130",2U01GM067230-05A2,2,U01,GM,067230,05,A2,,"6620738","DANUSER, GAUDENZ ",Not Applicable,"SCRIPPS RESEARCH INSTITUTE", ,2008,426375,
"Project 8","NIGMS","8380997",5P50GM068762-10,5,P50,GM,068762,10,,0008,"6620738","DANUSER, GAUDENZ ",Not Applicable,"MASSACHUSETTS INSTITUTE OF TECHNOLOGY", ,2012,,124999
"Project 8","NIGMS","8334529",5P50GM068762-09,5,P50,GM,068762,09,,0008,"6620738","DANUSER, GAUDENZ ",Not Applicable,"MASSACHUSETTS INSTITUTE OF TECHNOLOGY", ,2011,,126223
"Project 8","NIGMS","8138572",5P50GM068762-08,5,P50,GM,068762,08,,0008,"6620738","DANUSER, GAUDENZ ",Not Applicable,"MASSACHUSETTS INSTITUTE OF TECHNOLOGY", ,2010,,131324
"Project 8","NIGMS","7932931",5P50GM068762-07,5,P50,GM,068762,07,,0008,"6620738","DANUSER, GAUDENZ ",Not Applicable,"MASSACHUSETTS INSTITUTE OF TECHNOLOGY", ,2009,,132650
"PROJECT 8","NIGMS","7695177",2P50GM068762-06,2,P50,GM,068762,06,,0008,"6620738","DANUSER, GAUDENZ ",Not Applicable,"MASSACHUSETTS INSTITUTE OF TECHNOLOGY", ,2008,,132650
"The Mechanics of Actin-mediated Cell Protrusion","NIGMS","8055865",5R01GM071868-06,5,R01,GM,071868,06,,,"6620738","DANUSER, GAUDENZ ",Not Applicable,"HARVARD MEDICAL SCHOOL", ,2011,290723,
"The Mechanics of Actin-mediated Cell Protrusion","NIGMS","7797391",5R01GM071868-05,5,R01,GM,071868,05,,,"6620738","DANUSER, GAUDENZ ",Not Applicable,"HARVARD MEDICAL SCHOOL", ,2010,293659,
"The Mechanics of Actin-mediated Cell Protrusion","NIGMS","7924275",7R01GM071868-04,7,R01,GM,071868,04,,,"6620738","DANUSER, GAUDENZ ",Not Applicable,"HARVARD MEDICAL SCHOOL", ,2009,125615,
"The Mechanics of Actin-mediated Cell Protrusion","NIGMS","7596291",5R01GM071868-03,5,R01,GM,071868,03,,,"6620738","DANUSER, GAUDENZ ",Not Applicable,"SCRIPPS RESEARCH INSTITUTE", ,2009,190892,
"The Mechanics of Actin-mediated Cell Protrusion","NIGMS","7405481",5R01GM071868-02,5,R01,GM,071868,02,,,"6620738","DANUSER, GAUDENZ ",Not Applicable,"SCRIPPS RESEARCH INSTITUTE", ,2008,331625,
"The Mechanics of Actin-mediated Cell Protrusion","NIGMS","7258529",1R01GM071868-01A2,1,R01,GM,071868,01,A2,,"6620738","DANUSER, GAUDENZ ",Not Applicable,"SCRIPPS RESEARCH INSTITUTE", ,2007,326200,
"Quantitative Imaging of Signaling Networks","NIGMS","8539024",5R01GM090317-05,5,R01,GM,090317,05,,,"6620738","DANUSER, GAUDENZ  ","HAHN, KLAUS M.","HARVARD MEDICAL SCHOOL", ,2013,659878,
"Quantitative Imaging of Signaling Networks","NIGMS","8325133",5R01GM090317-04,5,R01,GM,090317,04,,,"6620738","DANUSER, GAUDENZ  ","HAHN, KLAUS M.","HARVARD MEDICAL SCHOOL", ,2012,680576,
"Quantitative Imaging of Signaling Networks","NIGMS","8141295",5R01GM090317-03,5,R01,GM,090317,03,,,"6620738","DANUSER, GAUDENZ  ","HAHN, KLAUS M.","HARVARD MEDICAL SCHOOL", ,2011,680810,
"Quantitative Imaging of Signaling Networks","NIGMS","7941798",5R01GM090317-02,5,R01,GM,090317,02,,,"6620738","DANUSER, GAUDENZ  ","HAHN, KLAUS M.","HARVARD MEDICAL SCHOOL", ,2010,708569,
"Quantitative Imaging of Signaling Networks","NIGMS","7764121",1R01GM090317-01,1,R01,GM,090317,01,,,"6620738","DANUSER, GAUDENZ  ","HAHN, KLAUS M.","HARVARD MEDICAL SCHOOL", ,2009,718153,
"Quantitative live cell imaging of vimentin network assembly and regulation","NIGMS","8142484",1P01GM096971-01,1,P01,GM,096971,01,,5229,"6620738","DANUSER, GAUDENZ ",Not Applicable,"NORTHWESTERN UNIVERSITY AT CHICAGO", ,2011,,304275
"Project 3: Mechanical and molecular states of adhesions","NIGMS","8234228",1P01GM098412-01,1,P01,GM,098412,01,,6466,"11008826","DANUSER, GAUDENZ ",Not Applicable,"SANFORD BURNHAM PREBYS MEDICAL DISCOVERY INSTITUTE", ,2011,,210337
"Multiplexed Visualization and Computational Analysis of GEF-GTPase networks","NIGMS","9127984",4P01GM103723-04,4,P01,GM,103723,04,,7650,"6620738","DANUSER, GAUDENZ ",Not Applicable,"UNIV OF NORTH CAROLINA CHAPEL HILL", ,2016,,278250
"Multiplexed Visualization and Computational Analysis of GEF-GTPase networks","NIGMS","8925096",5P01GM103723-03,5,P01,GM,103723,03,,7650,"6620738","DANUSER, GAUDENZ ",Not Applicable,"UNIV OF NORTH CAROLINA CHAPEL HILL", ,2015,,278250
"Multiplexed Visualization and Computational Analysis of GEF-GTPase networks","NIGMS","8744290",5P01GM103723-02,5,P01,GM,103723,02,,7650,"6620738","DANUSER, GAUDENZ ",Not Applicable,"UNIV OF NORTH CAROLINA CHAPEL HILL", ,2014,,278250
"Multiplexed Visualization and Computational Analysis of GEF-GTPase networks","NIGMS","8459076",1P01GM103723-01,1,P01,GM,103723,01,,7650,"6620738","DANUSER, GAUDENZ ",Not Applicable,"UNIV OF NORTH CAROLINA CHAPEL HILL", ,2013,,278250
"Computational Image Analysis for Cellular and Developmental Biology","NIGMS","9021663",4R25GM103792-04,4,R25,GM,103792,04,,,"6620738","DANUSER, GAUDENZ ",Not Applicable,"MARINE BIOLOGICAL LABORATORY", ,2016,59383,
"Computational Image Analysis for Cellular and Developmental Biology","NIGMS","8813596",5R25GM103792-03,5,R25,GM,103792,03,,,"6620738","DANUSER, GAUDENZ ",Not Applicable,"MARINE BIOLOGICAL LABORATORY", ,2015,59383,
"Computational Image Analysis for Cellular and Developmental Biology","NIGMS","8628140",5R25GM103792-02,5,R25,GM,103792,02,,,"6620738","DANUSER, GAUDENZ ",Not Applicable,"MARINE BIOLOGICAL LABORATORY", ,2014,59383,
"Computational Image Analysis for Cellular and Developmental Biology","NIGMS","8414506",1R25GM103792-01,1,R25,GM,103792,01,,,"6620738","DANUSER, GAUDENZ ",Not Applicable,"MARINE BIOLOGICAL LABORATORY", ,2013,59383,
"MACHINE VISION CONTROLLED PROBE POSITIONING","NCRR","6120171",5P41RR001395-17,5,P41,RR,001395,17,,0004,"6620738","DANUSER, GAUDENZ ",Not Applicable,"MARINE BIOLOGICAL LABORATORY", ,1999,,18728
"COMPUTER VISION BASED MEMBRANE TRACKING","NCRR","6120172",5P41RR001395-17,5,P41,RR,001395,17,,0005,"6620738","DANUSER, GAUDENZ ",Not Applicable,"MARINE BIOLOGICAL LABORATORY", ,1999,,5618
"MODELING THE MECHANOCHEMICAL REGULATION OF CELL PROTRUSION","NCRR","8169572",5P41RR013186-13,5,P41,RR,013186,13,,5496,"6620738","DANUSER, GAUDENZ ",Not Applicable,"UNIVERSITY OF CONNECTICUT SCH OF MED/DNT", ,2010,,32628
"MODELING THE MECHANOCHEMICAL REGULATION OF CELL PROTRUSION","NCRR","7956401",5P41RR013186-12,5,P41,RR,013186,12,,6640,"6620738","DANUSER, GAUDENZ ",Not Applicable,"UNIVERSITY OF CONNECTICUT SCH OF MED/DNT", ,2009,,32549
"MODELING THE MECHANOCHEMICAL REGULATION OF CELL PROTRUSION","NCRR","7722730",5P41RR013186-11,5,P41,RR,013186,11,,8839,"6620738","DANUSER, GAUDENZ ",Not Applicable,"UNIVERSITY OF CONNECTICUT SCH OF MED/DNT", ,2008,,27639
"Total Internal Reflection Fluorescence Microscope","NCRR","7791846",1S10RR026549-01,1,S10,RR,026549,01,,,"6620738","DANUSER, GAUDENZ ",Not Applicable,"HARVARD MEDICAL SCHOOL",YES,2010,311181,
"Orchestra: A high performance biomedical supercomputing collaborative","NCRR","7837270",1S10RR028832-01,1,S10,RR,028832,01,,,"6620738","DANUSER, GAUDENZ ",Not Applicable,"HARVARD MEDICAL SCHOOL",YES,2010,3697235,
"Request for administrative supplement to Parent R01 GM073165 entitled 'Mechanisms regulating clathrin-mediated endocytosis'","NIGMS","9304692",3R01GM073165-12S1,3,R01,GM,073165,12,S1,,"1887735","SCHMID, SANDRA L. ","DANUSER, GAUDENZ ","UT SOUTHWESTERN MEDICAL CENTER", ,2016,212912,
"Mechanisms regulating clathrin-mediated endocytosis","NIGMS","9054130",5R01GM073165-12,5,R01,GM,073165,12,,,"1887735","SCHMID, SANDRA L. ","DANUSER, GAUDENZ ","UT SOUTHWESTERN MEDICAL CENTER", ,2016,417068,
"Mechanisms regulating clathrin-mediated endocytosis","NIGMS","8830980",5R01GM073165-11,5,R01,GM,073165,11,,,"1887735","SCHMID, SANDRA L. ","DANUSER, GAUDENZ ","UT SOUTHWESTERN MEDICAL CENTER", ,2015,417068,
"Mechanisms regulating clathrin-mediated endocytosis","NIGMS","8722692",2R01GM073165-10,2,R01,GM,073165,10,,,"1887735","SCHMID, SANDRA L. ","DANUSER, GAUDENZ ","UT SOUTHWESTERN MEDICAL CENTER", ,2014,417068,
"Mechanisms Regulating Clathrin-Mediated Endocytosis","NIGMS","8463212",5R01GM073165-09,5,R01,GM,073165,09,,,"1887735","SCHMID, SANDRA L. ","DANUSER, GAUDENZ ","UT SOUTHWESTERN MEDICAL CENTER", ,2013,404555,
"Mechanisms Regulating Clathrin-Mediated Endocytosis","NIGMS","8507846",7R01GM073165-08,7,R01,GM,073165,08,,,"1887735","SCHMID, SANDRA L. ","DANUSER, GAUDENZ ","UT SOUTHWESTERN MEDICAL CENTER", ,2012,322820,
"Mechanisms Regulating Clathrin-Mediated Endocytosis","NIGMS","8260353",5R01GM073165-07,5,R01,GM,073165,07,,,"1887735","SCHMID, SANDRA L. ","DANUSER, GAUDENZ ","SCRIPPS RESEARCH INSTITUTE", ,2012,130437,
"Mechanisms Regulating Clathrin-Mediated Endocytosis","NIGMS","8070491",5R01GM073165-06,5,R01,GM,073165,06,,,"1887735","SCHMID, SANDRA L. ","DANUSER, GAUDENZ ","SCRIPPS RESEARCH INSTITUTE", ,2011,467157,
"Mechanisms Regulating Clathrin-Mediated Endocytosis","NIGMS","7919009",2R01GM073165-05,2,R01,GM,073165,05,,,"1887735","SCHMID, SANDRA L. ","DANUSER, GAUDENZ ","SCRIPPS RESEARCH INSTITUTE", ,2010,493191,
"Computation and Mechanical Modeling of Chromosome Dynamics","NIGMS","8016027",5R01GM068956-09,5,R01,GM,068956,09,,,"1883114","SORGER, PETER KARL ","DANUSER, GAUDENZ ","HARVARD MEDICAL SCHOOL", ,2011,444302,
"Computation and Mechanical Modeling of Chromosome Dynamics","NIGMS","7762156",5R01GM068956-08,5,R01,GM,068956,08,,,"1883114","SORGER, PETER KARL ","DANUSER, GAUDENZ ","HARVARD MEDICAL SCHOOL", ,2010,449013,
"Computation and Mechanical Modeling of Chromosome Dynamics","NIGMS","7547755",5R01GM068956-07,5,R01,GM,068956,07,,,"1883114","SORGER, PETER KARL ","DANUSER, GAUDENZ ","HARVARD MEDICAL SCHOOL", ,2009,440220,
"Computation and Mechanical Modeling of Chromosome Dynamics","NIGMS","7389119",2R01GM068956-06,2,R01,GM,068956,06,,,"1883114","SORGER, PETER KARL ","DANUSER, GAUDENZ ","HARVARD MEDICAL SCHOOL", ,2008,459667,

