----------------------------------------------------------------------------------Search Criteria:  Search in: Projects 		AdminIC: All; Principal Investigator / Project Leader: HRIPCSAK; GEORGE M; Fiscal Year: 2016; 2015; 2014; 2013; 2012; 2011; 2010; 2009; 2008; 2007; 2006; 2005; 2004; 2003; 2002; 2001; 2000; 1999; 1998; 1997; 1996 ----------------------------------------------------------------------------------Project Title,Administering  IC,Application ID,Project Number,Type,Activity,IC,Serial Number,Support Year,Suffix,Subproject Number ,Contact PI  Person ID,Contact PI / Project Leader,Other PI or Project Leader(s),Organization Name,ARRA Indicator,FY,FY Total Cost ,FY Total Cost  (Sub Projects),
"Columbia/Cornell/Harlem Hospital Precision Medicine Initiative HPO","OD","9337615",3UG3OD023183-01S1,3,UG3,OD,023183,01,S1,,"1921336","GOLDSTEIN, DAVID B. ","GHARAVI, ALI G;HRIPCSAK, GEORGE M;KAUSHAL, RAINU ;ROSS, MARGARET ELIZABETH;RUBIN, MARK A.;TROUSDALE, RHONDA ","COLUMBIA UNIVERSITY HEALTH SCIENCES", ,2016,230583,
"Columbia/Cornell/Harlem Hospital Precision Medicine Initiative HPO","OD","9228787",1UG3OD023183-01,1,UG3,OD,023183,01,,,"1921336","GOLDSTEIN, DAVID B. ","GHARAVI, ALI G;HRIPCSAK, GEORGE M;KAUSHAL, RAINU ;ROSS, MARGARET ELIZABETH;RUBIN, MARK A.;TROUSDALE, RHONDA ","COLUMBIA UNIVERSITY HEALTH SCIENCES", ,2016,4461312,
"HIT for Facilitating Problem Solving in Diabetes Management","NIDDK","8916087",5R01DK090372-05,5,R01,DK,090372,05,,,"1891095","HRIPCSAK, GEORGE M ","MAMYKINA, LENA ","COLUMBIA UNIVERSITY HEALTH SCIENCES", ,2015,614477,
"HIT for Facilitating Problem Solving in Diabetes Management","NIDDK","8728825",5R01DK090372-04,5,R01,DK,090372,04,,,"1891095","HRIPCSAK, GEORGE M ","MAMYKINA, LENA ","COLUMBIA UNIVERSITY HEALTH SCIENCES", ,2014,615989,
"HIT for Facilitating Problem Solving in Diabetes Management","NIDDK","8541839",5R01DK090372-03,5,R01,DK,090372,03,,,"1891095","HRIPCSAK, GEORGE M",Not Applicable,"COLUMBIA UNIVERSITY HEALTH SCIENCES", ,2013,596712,
"HIT for Facilitating Problem Solving in Diabetes Management","NIDDK","8328624",5R01DK090372-02,5,R01,DK,090372,02,,,"1891095","HRIPCSAK, GEORGE M",Not Applicable,"COLUMBIA UNIVERSITY HEALTH SCIENCES", ,2012,653288,
"HIT for Facilitating Problem Solving in Diabetes Management","NIDDK","8186685",1R01DK090372-01A1,1,R01,DK,090372,01,A1,,"1891095","HRIPCSAK, GEORGE M",Not Applicable,"COLUMBIA UNIVERSITY HEALTH SCIENCES", ,2011,777630,
"NYC Center of Excellence for Public Health Informatics","ODCDC","7487791",5P01HK000029-03,5,P01,CD,000029,03,,,"1891095","HRIPCSAK, GEORGE M",Not Applicable,"NEW YORK CITY HEALTH/MENTAL HYGIENE", ,2008,930959,
"Discovering and Applying Knowledge in Clinical Databases","NLM","9338994",3R01LM006910-17S1,3,R01,LM,006910,17,S1,,"1891095","HRIPCSAK, GEORGE M",Not Applicable,"COLUMBIA UNIVERSITY HEALTH SCIENCES", ,2016,157971,
"Discovering and Applying Knowledge in Clinical Databases","NLM","9121611",4R01LM006910-17,4,R01,LM,006910,17,,,"1891095","HRIPCSAK, GEORGE M",Not Applicable,"COLUMBIA UNIVERSITY HEALTH SCIENCES", ,2016,437795,
"Discovering and Applying Knowledge in Clinical Databases","NLM","8913767",5R01LM006910-16,5,R01,LM,006910,16,,,"1891095","HRIPCSAK, GEORGE M",Not Applicable,"COLUMBIA UNIVERSITY HEALTH SCIENCES", ,2015,424661,
"Discovering and Applying Knowledge in Clinical Databases","NLM","8914078",3R01LM006910-15S1,3,R01,LM,006910,15,S1,,"1891095","HRIPCSAK, GEORGE M",Not Applicable,"COLUMBIA UNIVERSITY HEALTH SCIENCES", ,2014,160000,
"Discovering and Applying Knowledge in Clinical Databases","NLM","8729506",5R01LM006910-15,5,R01,LM,006910,15,,,"1891095","HRIPCSAK, GEORGE M",Not Applicable,"COLUMBIA UNIVERSITY HEALTH SCIENCES", ,2014,424661,
"Discovering and Applying Knowledge in Clinical Databases","NLM","8576583",2R01LM006910-14,2,R01,LM,006910,14,,,"1891095","HRIPCSAK, GEORGE M",Not Applicable,"COLUMBIA UNIVERSITY HEALTH SCIENCES", ,2013,437795,
"Discovering and Applying Knowledge in Clinical Databases","NLM","8321003",5R01LM006910-13,5,R01,LM,006910,13,,,"1891095","HRIPCSAK, GEORGE M",Not Applicable,"COLUMBIA UNIVERSITY HEALTH SCIENCES", ,2012,390857,
"Discovering and Applying Knowledge in Clinical Databases","NLM","8137920",5R01LM006910-12,5,R01,LM,006910,12,,,"1891095","HRIPCSAK, GEORGE M",Not Applicable,"COLUMBIA UNIVERSITY HEALTH SCIENCES", ,2011,385238,
"Discovering and Applying Knowledge in Clinical Databases","NLM","7938920",5R01LM006910-11,5,R01,LM,006910,11,,,"1891095","HRIPCSAK, GEORGE M",Not Applicable,"COLUMBIA UNIVERSITY HEALTH SCIENCES", ,2010,386810,
"Discovering and Applying Knowledge in Clinical Databases","NLM","7729553",2R01LM006910-10,2,R01,LM,006910,10,,,"1891095","HRIPCSAK, GEORGE M",Not Applicable,"COLUMBIA UNIVERSITY HEALTH SCIENCES", ,2009,383847,
"Discovering and Applying Knowledge in Clinical Databases","NLM","7933293",3R01LM006910-09S1,3,R01,LM,006910,09,S1,,"1891095","HRIPCSAK, GEORGE M",Not Applicable,"COLUMBIA UNIVERSITY HEALTH SCIENCES",YES,2009,152617,
"Discovering and Applying Knowledge in Clinical Databases","NLM","7495030",5R01LM006910-09,5,R01,LM,006910,09,,,"1891095","HRIPCSAK, GEORGE M",Not Applicable,"COLUMBIA UNIVERSITY HEALTH SCIENCES", ,2008,338600,
"Training in Biomedical Informatics at Columbia University","NLM","9095921",4T15LM007079-25,4,T15,LM,007079,25,,,"1891095","HRIPCSAK, GEORGE M",Not Applicable,"COLUMBIA UNIVERSITY HEALTH SCIENCES", ,2016,957729,
"Training in Biomedical Informatics at Columbia University","NLM","9086706",3T15LM007079-24S1,3,T15,LM,007079,24,S1,,"1891095","HRIPCSAK, GEORGE M",Not Applicable,"COLUMBIA UNIVERSITY HEALTH SCIENCES", ,2016,189258,
"Training in Biomedical Informatics at Columbia University","NLM","8879198",5T15LM007079-24,5,T15,LM,007079,24,,,"1891095","HRIPCSAK, GEORGE M",Not Applicable,"COLUMBIA UNIVERSITY HEALTH SCIENCES", ,2015,946091,
"Training in Biomedical Informatics at Columbia University","NLM","9074609",3T15LM007079-23S2,3,T15,LM,007079,23,S2,,"1891095","HRIPCSAK, GEORGE M",Not Applicable,"COLUMBIA UNIVERSITY HEALTH SCIENCES", ,2015,113908,
"Training in Biomedical Informatics at Columbia University","NLM","9044149",3T15LM007079-23S1,3,T15,LM,007079,23,S1,,"1891095","HRIPCSAK, GEORGE M",Not Applicable,"COLUMBIA UNIVERSITY HEALTH SCIENCES", ,2015,189258,
"Training in Biomedical Informatics at Columbia University","NLM","8686074",5T15LM007079-23,5,T15,LM,007079,23,,,"1891095","HRIPCSAK, GEORGE M",Not Applicable,"COLUMBIA UNIVERSITY HEALTH SCIENCES", ,2014,775478,
"Training in Biomedical Informatics at Columbia University","NLM","8475651",5T15LM007079-22,5,T15,LM,007079,22,,,"1891095","HRIPCSAK, GEORGE M",Not Applicable,"COLUMBIA UNIVERSITY HEALTH SCIENCES", ,2013,813746,
"Training in Biomedical Informatics at Columbia University","NLM","8260683",2T15LM007079-21,2,T15,LM,007079,21,,,"1891095","HRIPCSAK, GEORGE M",Not Applicable,"COLUMBIA UNIVERSITY HEALTH SCIENCES", ,2012,895635,
"Training in Biomedical Informatics at Columbia University","NLM","8432248",3T15LM007079-19S2,3,T15,LM,007079,19,S2,,"1891095","HRIPCSAK, GEORGE M",Not Applicable,"COLUMBIA UNIVERSITY HEALTH SCIENCES", ,2012,135331,
"Training in Biomedical Informatics at Columbia University","NLM","8096686",5T15LM007079-20,5,T15,LM,007079,20,,,"1891095","HRIPCSAK, GEORGE M",Not Applicable,"COLUMBIA UNIVERSITY HEALTH SCIENCES", ,2011,1101038,
"Training in Biomedical Informatics at Columbia University","NLM","8129110",3T15LM007079-19S1,3,T15,LM,007079,19,S1,,"1891095","HRIPCSAK, GEORGE M",Not Applicable,"COLUMBIA UNIVERSITY HEALTH SCIENCES", ,2010,216000,
"Training in Biomedical Informatics at Columbia University","NLM","7879984",5T15LM007079-19,5,T15,LM,007079,19,,,"1891095","HRIPCSAK, GEORGE M",Not Applicable,"COLUMBIA UNIVERSITY HEALTH SCIENCES", ,2010,706660,
"Training in Biomedical Informatics at Columbia University","NLM","8053142",3T15LM007079-18S1,3,T15,LM,007079,18,S1,,"1891095","HRIPCSAK, GEORGE M",Not Applicable,"COLUMBIA UNIVERSITY HEALTH SCIENCES", ,2010,1,
"Training in Biomedical Informatics at Columbia University","NLM","7649499",5T15LM007079-18,5,T15,LM,007079,18,,,"1891095","HRIPCSAK, GEORGE M",Not Applicable,"COLUMBIA UNIVERSITY HEALTH SCIENCES", ,2009,1181960,
"Training in Biomedical Informatics at Columbia University","NLM","7737671",3T15LM007079-17S1,3,T15,LM,007079,17,S1,,"1891095","HRIPCSAK, GEORGE M",Not Applicable,"COLUMBIA UNIVERSITY HEALTH SCIENCES", ,2009,267560,
"Training in Biomedical Informatics at Columbia University","NLM","7470106",5T15LM007079-17,5,T15,LM,007079,17,,,"1891095","HRIPCSAK, GEORGE M",Not Applicable,"COLUMBIA UNIVERSITY HEALTH SCIENCES", ,2008,1213873,
"Training in Biomedical Informatics at Columbia University","NLM","7587191",3T15LM007079-16S1,3,T15,LM,007079,16,S1,,"1891095","HRIPCSAK, GEORGE M",Not Applicable,"COLUMBIA UNIVERSITY HEALTH SCIENCES", ,2008,193231,
"Mining Complex Clinical Data for Patient Safety Research","AHRQ","6657426",5R18HS011806-03,5,R18,HS,011806,03,,,"1891095","HRIPCSAK, GEORGE M.",Not Applicable,"COLUMBIA UNIVERSITY HEALTH SCIENCES", ,2003,369494,
"Mining Complex Clinical Data for Patient Safety Research","AHRQ","6528316",5R18HS011806-02,5,R18,HS,011806,02,,,"1891095","HRIPCSAK, GEORGE M.",Not Applicable,"COLUMBIA UNIVERSITY HEALTH SCIENCES", ,2002,360015,
"Mining Complex Clinical Data for Patient Safety Research","AHRQ","6448720",1R18HS011806-01,1,R18,HS,011806,01,,,"1891095","HRIPCSAK, GEORGE M.",Not Applicable,"COLUMBIA UNIVERSITY HEALTH SCIENCES", ,2001,356099,
"LINKING KNOWLEDGE-BASED SYSTEMS TO CLINICAL DATABASES","NLM","2714213",5R29LM005627-05,5,R29,LM,005627,05,,,"1891095","HRIPCSAK, GEORGE M.",Not Applicable,"COLUMBIA UNIVERSITY HEALTH SCIENCES", ,1998,117687,
"LINKING KNOWLEDGE-BASED SYSTEMS TO CLINICAL DATABASES","NLM","2430871",5R29LM005627-04,5,R29,LM,005627,04,,,"1891095","HRIPCSAK, GEORGE M.",Not Applicable,"COLUMBIA UNIVERSITY HEALTH SCIENCES", ,1997,113161,
"LINKING KNOWLEDGE-BASED SYSTEMS TO CLINICAL DATABASES","NLM","2237961",5R29LM005627-03,5,R29,LM,005627,03,,,"1891095","HRIPCSAK, GEORGE M.",Not Applicable,"COLUMBIA UNIVERSITY HEALTH SCIENCES", ,1996,106829,
"Discovering and Applying Knowledge in Clinical Databases","NLM","7288319",5R01LM006910-08,5,R01,LM,006910,08,,,"1891095","HRIPCSAK, GEORGE M.",Not Applicable,"COLUMBIA UNIVERSITY HEALTH SCIENCES", ,2007,345833,
"Discovering and Applying Knowledge in Clinical Databases","NLM","7147611",2R01LM006910-07,2,R01,LM,006910,07,,,"1891095","HRIPCSAK, GEORGE M.",Not Applicable,"COLUMBIA UNIVERSITY HEALTH SCIENCES", ,2006,372106,
"Discovering and Applying Knowledge in Clinical Databases","NLM","6892934",5R01LM006910-06,5,R01,LM,006910,06,,,"1891095","HRIPCSAK, GEORGE M.",Not Applicable,"COLUMBIA UNIVERSITY HEALTH SCIENCES", ,2005,384538,
"Discovering and Applying Knowledge in Clinical Databases","NLM","6754395",5R01LM006910-05,5,R01,LM,006910,05,,,"1891095","HRIPCSAK, GEORGE M.",Not Applicable,"COLUMBIA UNIVERSITY HEALTH SCIENCES", ,2004,380979,
"Discovering and Applying Knowledge in Clinical Databases","NLM","6630735",2R01LM006910-04,2,R01,LM,006910,04,,,"1891095","HRIPCSAK, GEORGE M.",Not Applicable,"COLUMBIA UNIVERSITY HEALTH SCIENCES", ,2003,377617,
"DISCOVERING AND APPLYING KNOWLEDGE IN CLINICAL DATABASES","NLM","6538211",5R01LM006910-03,5,R01,LM,006910,03,,,"1891095","HRIPCSAK, GEORGE M.",Not Applicable,"COLUMBIA UNIVERSITY HEALTH SCIENCES", ,2002,403006,
"DISCOVERING AND APPLYING KNOWLEDGE IN CLINICAL DATABASES","NLM","6391286",5R01LM006910-02,5,R01,LM,006910,02,,,"1891095","HRIPCSAK, GEORGE M.",Not Applicable,"COLUMBIA UNIVERSITY HEALTH SCIENCES", ,2001,396315,
"DISCOVERING AND APPLYING KNOWLEDGE IN CLINICAL DATABASES","NLM","6031325",1R01LM006910-01,1,R01,LM,006910,01,,,"1891095","HRIPCSAK, GEORGE M.",Not Applicable,"COLUMBIA UNIVERSITY HEALTH SCIENCES", ,2000,433383,
"Training in Biomedical Informatics at Columbia University","NLM","7214374",2T15LM007079-16,2,T15,LM,007079,16,,,"1891095","HRIPCSAK, GEORGE M.",Not Applicable,"COLUMBIA UNIVERSITY HEALTH SCIENCES", ,2007,1126951,
"Columbia GENIE (GENomic Integration with Ehr)","NHGRI","9358453",3U01HG008680-02S1,3,U01,HG,008680,02,S1,,"8753687","WENG, CHUNHUA  ","GHARAVI, ALI G;HRIPCSAK, GEORGE M","COLUMBIA UNIVERSITY HEALTH SCIENCES", ,2016,64000,
"Columbia GENIE (GENomic Integration with Ehr)","NHGRI","9134799",5U01HG008680-02,5,U01,HG,008680,02,,,"8753687","WENG, CHUNHUA  ","GHARAVI, ALI G;HRIPCSAK, GEORGE M","COLUMBIA UNIVERSITY HEALTH SCIENCES", ,2016,859820,
"Columbia GENIE (GENomic Integration with Ehr)","NHGRI","8968053",1U01HG008680-01,1,U01,HG,008680,01,,,"8753687","WENG, CHUNHUA  ","GHARAVI, ALI G;HRIPCSAK, GEORGE M","COLUMBIA UNIVERSITY HEALTH SCIENCES", ,2015,859484,

