----------------------------------------------------------------------------------Search Criteria:  Search in: Projects 		AdminIC: All; Principal Investigator / Project Leader: KARSENTY; GERARD; Fiscal Year: 2016; 2015; 2014; 2013; 2012; 2011; 2010; 2009; 2008; 2007; 2006; 2005; 2004; 2003; 2002; 2001; 2000; 1999; 1998; 1997; 1996 ----------------------------------------------------------------------------------Project Title,Administering  IC,Application ID,Project Number,Type,Activity,IC,Serial Number,Support Year,Suffix,Subproject Number ,Contact PI  Person ID,Contact PI / Project Leader,Other PI or Project Leader(s),Organization Name,ARRA Indicator,FY,FY Total Cost ,FY Total Cost  (Sub Projects),
"Administrative Core","NIA","9118843",5P01AG032959-07,5,P01,AG,032959,07,,7837,"7354326","KARSENTY, GERARD ",Not Applicable,"COLUMBIA UNIVERSITY HEALTH SCIENCES", ,2016,,100876
"Regulation of cognition and energy metabolism by osteocalcin","NIA","9118845",5P01AG032959-07,5,P01,AG,032959,07,,7839,"7354326","KARSENTY, GERARD ",Not Applicable,"COLUMBIA UNIVERSITY HEALTH SCIENCES", ,2016,,484904
"The Dialogue Between Bone and the Brain: Endocrine and Molecular Bases","NIA","9118837",5P01AG032959-07,5,P01,AG,032959,07,,,"7354326","KARSENTY, GERARD ",Not Applicable,"COLUMBIA UNIVERSITY HEALTH SCIENCES", ,2016,1927138,
"Administrative Core","NIA","8934487",2P01AG032959-06A1,2,P01,AG,032959,06,A1,7837,"7354326","KARSENTY, GERARD ",Not Applicable,"COLUMBIA UNIVERSITY HEALTH SCIENCES", ,2015,,100876
"Regulation of cognition and energy metabolism by osteocalcin","NIA","8934489",2P01AG032959-06A1,2,P01,AG,032959,06,A1,7839,"7354326","KARSENTY, GERARD ",Not Applicable,"COLUMBIA UNIVERSITY HEALTH SCIENCES", ,2015,,488499
"The Dialogue Between Bone and the Brain: Endocrine and Molecular Bases","NIA","8934486",2P01AG032959-06A1,2,P01,AG,032959,06,A1,,"7354326","KARSENTY, GERARD ",Not Applicable,"COLUMBIA UNIVERSITY HEALTH SCIENCES", ,2015,1940573,
"Serotonin as a Regulator of Bone Mass Accrual: Basic and Clinical","NIA","8728714",5P01AG032959-05,5,P01,AG,032959,05,,,"7354326","KARSENTY, GERARD ",Not Applicable,"COLUMBIA UNIVERSITY HEALTH SCIENCES", ,2014,1321402,
"Serotonin as a Regulator of Bone Mass Accrual: Basic and Clinical","NIA","8511533",5P01AG032959-04,5,P01,AG,032959,04,,,"7354326","KARSENTY, GERARD ",Not Applicable,"COLUMBIA UNIVERSITY HEALTH SCIENCES", ,2013,1264061,
"Serotonin as a Regulator of Bone Mass Accrual: Basic and Clinical","NIA","8302302",5P01AG032959-03,5,P01,AG,032959,03,,,"7354326","KARSENTY, GERARD ",Not Applicable,"COLUMBIA UNIVERSITY HEALTH SCIENCES", ,2012,1354244,
"Serotonin as a Regulator of Bone Mass Accrual: Basic and Clinical","NIA","8469207",3P01AG032959-02S1,3,P01,AG,032959,02,S1,,"7354326","KARSENTY, GERARD ",Not Applicable,"COLUMBIA UNIVERSITY HEALTH SCIENCES", ,2012,17383,
"Serotonin as a Regulator of Bone Mass Accrual: Basic and Clinical","NIA","8118157",5P01AG032959-02,5,P01,AG,032959,02,,,"7354326","KARSENTY, GERARD ",Not Applicable,"COLUMBIA UNIVERSITY HEALTH SCIENCES", ,2011,1371250,
"Serotonin as a Regulator of Bone Mass Accrual: Basic and Clinical","NIA","7763404",1P01AG032959-01A1,1,P01,AG,032959,01,A1,,"7354326","KARSENTY, GERARD ",Not Applicable,"COLUMBIA UNIVERSITY HEALTH SCIENCES", ,2010,1393877,
"Characterization of a receptor mediating adiponectin functions on bone","NIA","9118629",1R56AG049681-01,1,R56,AG,049681,01,,,"7354326","KARSENTY, GERARD ",Not Applicable,"COLUMBIA UNIVERSITY HEALTH SCIENCES", ,2015,440052,
"TRANSCRIPTIONAL INHIBITOR REGULATES TYPE I COLLAGEN","NIAMS","2080456",5R29AR041059-05,5,R29,AR,041059,05,,,"7354326","KARSENTY, GERARD ",Not Applicable,"UNIVERSITY OF TEXAS MD ANDERSON CAN CTR", ,1996,107383,
"Determinants of extracellular matrix mineralization","NIAMS","6786527",2P01AR042919-09,2,P01,AR,042919,09,,0003,"7354326","KARSENTY, GERARD ",Not Applicable,"UNIVERSITY OF TEXAS MD ANDERSON CAN CTR", ,2004,,243945
"Role of Cbfa1 and Cbfa2 in chondrogenesis","NIAMS","6724090",5P01AR042919-08,5,P01,AR,042919,08,,0003,"7354326","KARSENTY, GERARD ",Not Applicable,"UNIVERSITY OF TEXAS MD ANDERSON CAN CTR", ,2003,,188233
"Role of Cbfa1 and Cbfa2 in chondrogenesis","NIAMS","6590725",5P01AR042919-07,5,P01,AR,042919,07,,0003,"7354326","KARSENTY, GERARD ",Not Applicable,"UNIVERSITY OF TEXAS MD ANDERSON CAN CTR", ,2002,,188233
"Role of Cbfa1 and Cbfa2 in chondrogenesis","NIAMS","6443311",5P01AR042919-06,5,P01,AR,042919,06,,0003,"7354326","KARSENTY, GERARD ",Not Applicable,"UNIVERSITY OF TEXAS MD ANDERSON CAN CTR", ,2001,,188233
"Role of Cbfa1 and Cbfa2 in chondrogenesis","NIAMS","6336297",2P01AR042919-05,2,P01,AR,042919,05,,0003,"7354326","KARSENTY, GERARD ",Not Applicable,"UNIVERSITY OF TEXAS MD ANDERSON CAN CTR", ,2000,,188233
"FUNCTION AND REGULATION OF GENE FOR MATRIX GLA PROTEIN IN CARTILAGE DEVELOPMENT","NIAMS","6100631",5P01AR042919-04,5,P01,AR,042919,04,,0003,"7354326","KARSENTY, GERARD ",Not Applicable,"UNIVERSITY OF TEXAS MD ANDERSON CAN CTR", ,1999,,138946
"FUNCTION AND REGULATION OF GENE FOR MATRIX GLA PROTEIN IN CARTILAGE DEVELOPMENT","NIAMS","6268439",5P01AR042919-03,5,P01,AR,042919,03,,0003,"7354326","KARSENTY, GERARD ",Not Applicable,"UNIVERSITY OF TEXAS MD ANDERSON CAN CTR", ,1998,,135191
"FUNCTION AND REGULATION OF GENE FOR MATRIX GLA PROTEIN IN CARTILAGE DEVELOPMENT","NIAMS","6235832",1P01AR042919-02,1,P01,AR,042919,02,,0003,"7354326","KARSENTY, GERARD ",Not Applicable,"UNIVERSITY OF TEXAS MD ANDERSON CAN CTR", ,1997,,129485
"FUNCTION AND REGULATION OF GENE FOR MATRIX GLA PROTEIN IN CARTILAGE DEVELOPMENT","NIAMS","5206354",1P01AR042919-01A1,1,P01,AR,042919,01,A1,0003,"7354326","KARSENTY, GERARD ",Not Applicable,"", ,1996,,,,,
"FUNCTION OF THE MATRIX GLA PROTEIN GENE","NIAMS","6171516",5R01AR043655-05,5,R01,AR,043655,05,,,"7354326","KARSENTY, GERARD ",Not Applicable,"BAYLOR COLLEGE OF MEDICINE", ,2000,227365,
"FUNCTION OF THE MATRIX GLA PROTEIN GENE","NIAMS","6029980",5R01AR043655-04,5,R01,AR,043655,04,,,"7354326","KARSENTY, GERARD ",Not Applicable,"BAYLOR COLLEGE OF MEDICINE", ,1999,220743,
"FUNCTION OF THE MATRIX GLA PROTEIN GENE","NIAMS","2732871",5R01AR043655-03,5,R01,AR,043655,03,,,"7354326","KARSENTY, GERARD ",Not Applicable,"BAYLOR COLLEGE OF MEDICINE", ,1998,214314,
"FUNCTION OF THE MATRIX GLA PROTEIN GENE","NIAMS","2723971",7R01AR043655-02,7,R01,AR,043655,02,,,"7354326","KARSENTY, GERARD ",Not Applicable,"BAYLOR COLLEGE OF MEDICINE", ,1997,166100,
"FUNCTION OF THE MATRIX GLA PROTEIN GENE","NIAMS","2407767",1R01AR043655-01A2,1,R01,AR,043655,01,A2,,"7354326","KARSENTY, GERARD ",Not Applicable,"UNIVERSITY OF TEXAS MD ANDERSON CAN CTR", ,1997,49339,
"Osteocalcin as a Regulator of Energy Metabolism","NIAMS","8260469",5R01AR045548-13,5,R01,AR,045548,13,,,"7354326","KARSENTY, GERARD ",Not Applicable,"COLUMBIA UNIVERSITY HEALTH SCIENCES", ,2012,483068,
"Osteocalcin as a Regulator of Energy Metabolism","NIAMS","8064678",5R01AR045548-12,5,R01,AR,045548,12,,,"7354326","KARSENTY, GERARD ",Not Applicable,"COLUMBIA UNIVERSITY HEALTH SCIENCES", ,2011,486214,
"Osteocalcin as a regulator of energy metabolism","NIAMS","7810603",5R01AR045548-11,5,R01,AR,045548,11,,,"7354326","KARSENTY, GERARD ",Not Applicable,"COLUMBIA UNIVERSITY HEALTH SCIENCES", ,2010,491020,
"Osteocalcin as a regulator of energy metabolism","NIAMS","7651194",5R01AR045548-10,5,R01,AR,045548,10,,,"7354326","KARSENTY, GERARD ",Not Applicable,"COLUMBIA UNIVERSITY HEALTH SCIENCES", ,2009,481547,
"Osteocalcin as a regulator of energy metabolism","NIAMS","7524824",2R01AR045548-09A1,2,R01,AR,045548,09,A1,,"7354326","KARSENTY, GERARD ",Not Applicable,"COLUMBIA UNIVERSITY HEALTH SCIENCES", ,2008,555329,
"Regulation of Cbfal function by Twist","NIAMS","7087004",7R01AR045548-08,7,R01,AR,045548,08,,,"7354326","KARSENTY, GERARD ",Not Applicable,"COLUMBIA UNIVERSITY HEALTH SCIENCES", ,2006,318360,
"Regulation of Cbfal function by Twist","NIAMS","6915598",5R01AR045548-07,5,R01,AR,045548,07,,,"7354326","KARSENTY, GERARD ",Not Applicable,"BAYLOR COLLEGE OF MEDICINE", ,2005,318947,
"Regulation of Cbfal function by Twist","NIAMS","6765997",5R01AR045548-06,5,R01,AR,045548,06,,,"7354326","KARSENTY, GERARD ",Not Applicable,"BAYLOR COLLEGE OF MEDICINE", ,2004,353675,
"Regulation of Cbfal function by Twist","NIAMS","6606192",5R01AR045548-05,5,R01,AR,045548,05,,,"7354326","KARSENTY, GERARD ",Not Applicable,"BAYLOR COLLEGE OF MEDICINE", ,2003,353675,
"Regulation of Cbfal function by Twist","NIAMS","6480053",2R01AR045548-04,2,R01,AR,045548,04,,,"7354326","KARSENTY, GERARD ",Not Applicable,"BAYLOR COLLEGE OF MEDICINE", ,2002,304067,
"GENETIC ANALYSIS OF OSF2/CBFAL FUNCTIONS","NIAMS","6551447",3R01AR045548-03S1,3,R01,AR,045548,03,S1,,"7354326","KARSENTY, GERARD ",Not Applicable,"BAYLOR COLLEGE OF MEDICINE", ,2002,108384,
"GENETIC ANALYSIS OF OSF2/CBFAL FUNCTIONS","NIAMS","6171155",5R01AR045548-03,5,R01,AR,045548,03,,,"7354326","KARSENTY, GERARD ",Not Applicable,"BAYLOR COLLEGE OF MEDICINE", ,2000,328172,
"GENETIC ANALYSIS OF OSF2/CBFAL FUNCTIONS","NIAMS","2899937",5R01AR045548-02,5,R01,AR,045548,02,,,"7354326","KARSENTY, GERARD ",Not Applicable,"BAYLOR COLLEGE OF MEDICINE", ,1999,318614,
"GENETIC ANALYSIS OF OSF2/CBFAL FUNCTIONS","NIAMS","2718321",1R01AR045548-01,1,R01,AR,045548,01,,,"7354326","KARSENTY, GERARD ",Not Applicable,"BAYLOR COLLEGE OF MEDICINE", ,1998,309332,
"1999 GORDON CONFERENCE--COLLAGEN","NIAMS","2807301",1R13AR045906-01,1,R13,AR,045906,01,,,"7354326","KARSENTY, GERARD ",Not Applicable,"BAYLOR COLLEGE OF MEDICINE", ,1999,18000,
"Conference--Cell & Molecular Biology of Bones and Teeth","NIAMS","6324109",1R13AR047632-01,1,R13,AR,047632,01,,,"7354326","KARSENTY, GERARD ",Not Applicable,"GORDON RESEARCH CONFERENCES", ,2001,18375,
"ATF4 A NOVEL REGULATOR OF OSTEOBLAST BIOLOGY","NIDCR","7630522",5R01DE011290-16,5,R01,DE,011290,16,,,"7354326","KARSENTY, GERARD ",Not Applicable,"COLUMBIA UNIVERSITY HEALTH SCIENCES", ,2009,377444,
"ATF4 A NOVEL REGULATOR OF OSTEOBLAST BIOLOGY","NIDCR","7455172",5R01DE011290-15,5,R01,DE,011290,15,,,"7354326","KARSENTY, GERARD ",Not Applicable,"COLUMBIA UNIVERSITY HEALTH SCIENCES", ,2008,377444,
"ATF4 A NOVEL REGULATOR OF OSTEOBLAST BIOLOGY","NIDCR","7071661",5R01DE011290-14,5,R01,DE,011290,14,,,"7354326","KARSENTY, GERARD ",Not Applicable,"COLUMBIA UNIVERSITY HEALTH SCIENCES", ,2007,381642,
"ATF4 A NOVEL REGULATOR OF OSTEOBLAST BIOLOGY","NIDCR","7246884",7R01DE011290-13,7,R01,DE,011290,13,,,"7354326","KARSENTY, GERARD ",Not Applicable,"COLUMBIA UNIVERSITY HEALTH SCIENCES", ,2006,393041,
"ATF4 A NOVEL REGULATOR OF OSTEOBLAST BIOLOGY","NIDCR","6914724",2R01DE011290-12,2,R01,DE,011290,12,,,"7354326","KARSENTY, GERARD ",Not Applicable,"BAYLOR COLLEGE OF MEDICINE", ,2005,334500,
"OSFL A NOVEL OSTEOBLAST-SPECIFIC TRANSCRIPTION FACTOR","NIDCR","6748922",5R01DE011290-11,5,R01,DE,011290,11,,,"7354326","KARSENTY, GERARD ",Not Applicable,"BAYLOR COLLEGE OF MEDICINE", ,2004,249250,
"OSFL A NOVEL OSTEOBLAST-SPECIFIC TRANSCRIPTION FACTOR","NIDCR","6634638",5R01DE011290-10,5,R01,DE,011290,10,,,"7354326","KARSENTY, GERARD ",Not Applicable,"BAYLOR COLLEGE OF MEDICINE", ,2003,241988,
"OSFL A NOVEL OSTEOBLAST-SPECIFIC TRANSCRIPTION FACTOR","NIDCR","6516477",5R01DE011290-09,5,R01,DE,011290,09,,,"7354326","KARSENTY, GERARD ",Not Applicable,"BAYLOR COLLEGE OF MEDICINE", ,2002,234939,
"OSFL A NOVEL OSTEOBLAST-SPECIFIC TRANSCRIPTION FACTOR","NIDCR","6379774",5R01DE011290-08,5,R01,DE,011290,08,,,"7354326","KARSENTY, GERARD ",Not Applicable,"BAYLOR COLLEGE OF MEDICINE", ,2001,228097,
"OSFL A NOVEL OSTEOBLAST-SPECIFIC TRANSCRIPTION FACTOR","NIDCR","6044793",2R01DE011290-07,2,R01,DE,011290,07,,,"7354326","KARSENTY, GERARD ",Not Applicable,"BAYLOR COLLEGE OF MEDICINE", ,2000,221454,
"OSTEOCALCIN--FUNCTION AND REGULATION OF EXPRESSION","NIDCR","2897068",5R01DE011290-06,5,R01,DE,011290,06,,,"7354326","KARSENTY, GERARD ",Not Applicable,"BAYLOR COLLEGE OF MEDICINE", ,1999,207210,
"OSTEOCALCIN--FUNCTION AND REGULATION OF EXPRESSION","NIDCR","2807335",5R01DE011290-05,5,R01,DE,011290,05,,,"7354326","KARSENTY, GERARD ",Not Applicable,"BAYLOR COLLEGE OF MEDICINE", ,1998,199375,
"OSTEOCALCIN--FUNCTION AND REGULATION OF EXPRESSION","NIDCR","2726450",7R01DE011290-04,7,R01,DE,011290,04,,,"7354326","KARSENTY, GERARD ",Not Applicable,"BAYLOR COLLEGE OF MEDICINE", ,1997,191833,
"OSTEOCALCIN--FUNCTION AND REGULATION OF EXPRESSION","NIDCR","2132521",5R01DE011290-02,5,R01,DE,011290,02,,,"7354326","KARSENTY, GERARD ",Not Applicable,"UNIVERSITY OF TEXAS MD ANDERSON CAN CTR", ,1996,184580,
"Leptin as a regular of bone mass","NIDDK","7876769",5R01DK058883-10,5,R01,DK,058883,10,,,"7354326","KARSENTY, GERARD ",Not Applicable,"COLUMBIA UNIVERSITY HEALTH SCIENCES", ,2010,341264,
"Leptin as a regular of bone mass","NIDDK","7650172",5R01DK058883-09,5,R01,DK,058883,09,,,"7354326","KARSENTY, GERARD ",Not Applicable,"COLUMBIA UNIVERSITY HEALTH SCIENCES", ,2009,344711,
"Leptin as a regular of bone mass","NIDDK","7460815",5R01DK058883-08,5,R01,DK,058883,08,,,"7354326","KARSENTY, GERARD ",Not Applicable,"COLUMBIA UNIVERSITY HEALTH SCIENCES", ,2008,344711,
"Leptin as a regular of bone mass","NIDDK","7269829",5R01DK058883-07,5,R01,DK,058883,07,,,"7354326","KARSENTY, GERARD ",Not Applicable,"COLUMBIA UNIVERSITY HEALTH SCIENCES", ,2007,351745,
"Leptin as a regular of bone mass","NIDDK","7146309",2R01DK058883-06A1,2,R01,DK,058883,06,A1,,"7354326","KARSENTY, GERARD ",Not Applicable,"COLUMBIA UNIVERSITY HEALTH SCIENCES", ,2006,362250,
"LEPTIN AS A REGULATOR OF BONE MASS","NIDDK","6877752",5R01DK058883-05,5,R01,DK,058883,05,,,"7354326","KARSENTY, GERARD ",Not Applicable,"BAYLOR COLLEGE OF MEDICINE", ,2005,451625,
"LEPTIN AS A REGULATOR OF BONE MASS","NIDDK","6886555",3R01DK058883-04S1,3,R01,DK,058883,04,S1,,"7354326","KARSENTY, GERARD ",Not Applicable,"BAYLOR COLLEGE OF MEDICINE", ,2004,44209,
"LEPTIN AS A REGULATOR OF BONE MASS","NIDDK","6741825",5R01DK058883-04,5,R01,DK,058883,04,,,"7354326","KARSENTY, GERARD ",Not Applicable,"BAYLOR COLLEGE OF MEDICINE", ,2004,391150,
"LEPTIN AS A REGULATOR OF BONE MASS","NIDDK","6635338",5R01DK058883-03,5,R01,DK,058883,03,,,"7354326","KARSENTY, GERARD ",Not Applicable,"BAYLOR COLLEGE OF MEDICINE", ,2003,376467,
"LEPTIN AS A REGULATOR OF BONE MASS","NIDDK","6657942",3R01DK058883-02S1,3,R01,DK,058883,02,S1,,"7354326","KARSENTY, GERARD ",Not Applicable,"BAYLOR COLLEGE OF MEDICINE", ,2002,75250,
"LEPTIN AS A REGULATOR OF BONE MASS","NIDDK","6517856",5R01DK058883-02,5,R01,DK,058883,02,,,"7354326","KARSENTY, GERARD ",Not Applicable,"BAYLOR COLLEGE OF MEDICINE", ,2002,362214,
"LEPTIN AS A REGULATOR OF BONE MASS","NIDDK","6258563",1R01DK058883-01,1,R01,DK,058883,01,,,"7354326","KARSENTY, GERARD ",Not Applicable,"BAYLOR COLLEGE OF MEDICINE", ,2001,381512,
"Lrp5-Dependent Regulation of Bone Mass Accrual by Gut-Derived Serotonin","NIDDK","8459524",5R01DK067936-09,5,R01,DK,067936,09,,,"7354326","KARSENTY, GERARD ",Not Applicable,"COLUMBIA UNIVERSITY HEALTH SCIENCES", ,2013,347953,
"Lrp5-Dependent Regulation of Bone Mass Accrual by Gut-Derived Serotonin","NIDDK","8291417",5R01DK067936-08,5,R01,DK,067936,08,,,"7354326","KARSENTY, GERARD ",Not Applicable,"COLUMBIA UNIVERSITY HEALTH SCIENCES", ,2012,364110,
"Lrp5-dependent regulation of bone mass accrual by gut-derived serotonin","NIDDK","8071569",5R01DK067936-07,5,R01,DK,067936,07,,,"7354326","KARSENTY, GERARD ",Not Applicable,"COLUMBIA UNIVERSITY HEALTH SCIENCES", ,2011,367680,
"Lrp5-dependent regulation of bone mass accrual by gut-derived serotonin","NIDDK","7817117",5R01DK067936-06,5,R01,DK,067936,06,,,"7354326","KARSENTY, GERARD ",Not Applicable,"COLUMBIA UNIVERSITY HEALTH SCIENCES", ,2010,437847,
"Lrp5-dependent regulation of bone mass accrual by gut-derived serotonin","NIDDK","7651992",2R01DK067936-05,2,R01,DK,067936,05,,,"7354326","KARSENTY, GERARD ",Not Applicable,"COLUMBIA UNIVERSITY HEALTH SCIENCES", ,2009,427831,
"Wnt Regulation of Bone Mass","NIDDK","7465372",5R01DK067936-04,5,R01,DK,067936,04,,,"7354326","KARSENTY, GERARD ",Not Applicable,"COLUMBIA UNIVERSITY HEALTH SCIENCES", ,2008,281256,
"Wnt Regulation of Bone Mass","NIDDK","7280381",5R01DK067936-03,5,R01,DK,067936,03,,,"7354326","KARSENTY, GERARD ",Not Applicable,"COLUMBIA UNIVERSITY HEALTH SCIENCES", ,2007,286995,
"Wnt Regulation of Bone Mass","NIDDK","7072295",7R01DK067936-02,7,R01,DK,067936,02,,,"7354326","KARSENTY, GERARD ",Not Applicable,"COLUMBIA UNIVERSITY HEALTH SCIENCES", ,2006,295567,
"Wnt Regulation of Bone Mass","NIDDK","6917448",1R01DK067936-01A1,1,R01,DK,067936,01,A1,,"7354326","KARSENTY, GERARD ",Not Applicable,"BAYLOR COLLEGE OF MEDICINE", ,2005,282000,
"Regulation of energy metabolism by an osteoblast-specific gene","NIDDK","7803593",5R01DK078042-04,5,R01,DK,078042,04,,,"7354326","KARSENTY, GERARD ",Not Applicable,"COLUMBIA UNIVERSITY HEALTH SCIENCES", ,2010,308395,
"Regulation of energy metabolism by an osteoblast-specific gene","NIDDK","7619474",5R01DK078042-03,5,R01,DK,078042,03,,,"7354326","KARSENTY, GERARD ",Not Applicable,"COLUMBIA UNIVERSITY HEALTH SCIENCES", ,2009,311036,
"Regulation of energy metabolism by an osteoblast-specific gene","NIDDK","7417778",5R01DK078042-02,5,R01,DK,078042,02,,,"7354326","KARSENTY, GERARD ",Not Applicable,"COLUMBIA UNIVERSITY HEALTH SCIENCES", ,2008,310583,
"Regulation of energy metabolism by an osteoblast-specific gene","NIDDK","7252911",1R01DK078042-01,1,R01,DK,078042,01,,,"7354326","KARSENTY, GERARD ",Not Applicable,"COLUMBIA UNIVERSITY HEALTH SCIENCES", ,2007,316480,
"Inaugural conference on Integrative Physiology","NIDDK","7484765",1R13DK081311-01,1,R13,DK,081311,01,,,"7354326","KARSENTY, GERARD ",Not Applicable,"NEW YORK ACADEMY OF SCIENCES", ,2008,20000,
"Regulation of Glucose Uptake in Osteoblasts by Runx2","NIDDK","9148179",5R01DK104727-02,5,R01,DK,104727,02,,,"7354326","KARSENTY, GERARD ",Not Applicable,"COLUMBIA UNIVERSITY HEALTH SCIENCES", ,2016,357857,
"Regulation of Glucose Uptake in Osteoblasts by Runx2","NIDDK","9026785",1R01DK104727-01A1,1,R01,DK,104727,01,A1,,"7354326","KARSENTY, GERARD ",Not Applicable,"COLUMBIA UNIVERSITY HEALTH SCIENCES", ,2015,357857,
"Osteocalcin: the hormonal link between bone and reproduction","NICHD","8686012",5R01HD065439-21,5,R01,HD,065439,21,,,"7354326","KARSENTY, GERARD ",Not Applicable,"COLUMBIA UNIVERSITY HEALTH SCIENCES", ,2014,345982,
"Osteocalcin: the hormonal link between bone and reproduction","NICHD","8472508",5R01HD065439-20,5,R01,HD,065439,20,,,"7354326","KARSENTY, GERARD ",Not Applicable,"COLUMBIA UNIVERSITY HEALTH SCIENCES", ,2013,333195,
"Osteocalcin: the hormonal link between bone and reproduction","NICHD","8305054",5R01HD065439-19,5,R01,HD,065439,19,,,"7354326","KARSENTY, GERARD ",Not Applicable,"COLUMBIA UNIVERSITY HEALTH SCIENCES", ,2012,346371,
"Osteocalcin: the hormonal link between bone and reproduction","NICHD","8071991",5R01HD065439-18,5,R01,HD,065439,18,,,"7354326","KARSENTY, GERARD ",Not Applicable,"COLUMBIA UNIVERSITY HEALTH SCIENCES", ,2011,299803,
"Osteocalcin: the hormonal link between bone and reproduction","NICHD","7887602",9R01HD065439-17,9,R01,HD,065439,17,,,"7354326","KARSENTY, GERARD ",Not Applicable,"COLUMBIA UNIVERSITY HEALTH SCIENCES", ,2010,302619,

