----------------------------------------------------------------------------------Search Criteria:  Search in: Projects 		AdminIC: All; Principal Investigator / Project Leader: SHULMAN; GERALD I; Org(Contains):YALE UNIVERSITY; Fiscal Year: 2016; 2015; 2014; 2013; 2012; 2011; 2010; 2009; 2008; 2007; 2006; 2005; 2004; 2003; 2002; 2001; 2000; 1999; 1998; 1997; 1996 ----------------------------------------------------------------------------------Project Title,Administering  IC,Application ID,Project Number,Type,Activity,IC,Serial Number,Support Year,Suffix,Subproject Number ,Contact PI  Person ID,Contact PI / Project Leader,Other PI or Project Leader(s),Organization Name,ARRA Indicator,FY,FY Total Cost ,FY Total Cost  (Sub Projects),
"MECHANISMS OF INSULIN RESISTANCE IN OLDER PERSONS","NIA","6482391",5P60AG010469-10,5,P60,AG,010469,10,,0005,"1863651","SHULMAN, GERALD I",Not Applicable,"YALE UNIVERSITY", ,2001,,216966
"MECHANISMS OF INSULIN RESISTANCE IN OLDER PERSONS","NIA","6345889",3P60AG010469-09S1,3,P60,AG,010469,09,S1,0005,"1863651","SHULMAN, GERALD I",Not Applicable,"YALE UNIVERSITY", ,2000,,216966
"MECHANISMS OF INSULIN RESISTANCE IN OLDER PERSONS","NIA","6336189",5P60AG010469-09,5,P60,AG,010469,09,,0005,"1863651","SHULMAN, GERALD I",Not Applicable,"YALE UNIVERSITY", ,2000,,157506
"MECHANISMS OF INSULIN RESISTANCE IN OLDER PERSONS","NIA","6216402",3P60AG010469-08S1,3,P60,AG,010469,08,S1,0005,"1863651","SHULMAN, GERALD I",Not Applicable,"YALE UNIVERSITY", ,1999,,157506
"MECHANISMS OF INSULIN RESISTANCE IN OLDER PERSONS","NIA","6200993",5P60AG010469-08,5,P60,AG,010469,08,,0005,"1863651","SHULMAN, GERALD I",Not Applicable,"YALE UNIVERSITY", ,1999,,157506
"MECHANISMS OF INSULIN RESISTANCE IN OLDER PERSONS","NIA","6098390",5P60AG010469-07,5,P60,AG,010469,07,,0005,"1863651","SHULMAN, GERALD I",Not Applicable,"YALE UNIVERSITY", ,1998,,157506
"MECHANISMS OF INSULIN RESISTANCE IN OLDER PERSONS","NIA","6234358",2P60AG010469-06,2,P60,AG,010469,06,,0005,"1863651","SHULMAN, GERALD I",Not Applicable,"YALE UNIVERSITY", ,1997,,160870
"Mechanisms of Lipid-Induced Hepatic Insulin Resistance","NIDDK","8816079",5R01DK040936-27,5,R01,DK,040936,27,,,"1863651","SHULMAN, GERALD I",Not Applicable,"YALE UNIVERSITY", ,2015,341325,
"Mechanisms of Lipid-Induced Hepatic Insulin Resistance","NIDDK","8610290",5R01DK040936-26,5,R01,DK,040936,26,,,"1863651","SHULMAN, GERALD I",Not Applicable,"YALE UNIVERSITY", ,2014,341325,
"Mechanisms of Lipid-Induced Hepatic Insulin Resistance","NIDDK","8401538",5R01DK040936-25,5,R01,DK,040936,25,,,"1863651","SHULMAN, GERALD I",Not Applicable,"YALE UNIVERSITY", ,2013,328967,
"Mechanisms of Lipid-Induced Hepatic Insulin Resistance","NIDDK","8235185",2R01DK040936-24,2,R01,DK,040936,24,,,"1863651","SHULMAN, GERALD I",Not Applicable,"YALE UNIVERSITY", ,2012,339873,
"Mechanisms of Fat Induced Insulin Resistance","NIDDK","8019511",5R01DK040936-23,5,R01,DK,040936,23,,,"1863651","SHULMAN, GERALD I",Not Applicable,"YALE UNIVERSITY", ,2011,325873,
"Mechanisms of Fat Induced Insulin Resistance","NIDDK","7766259",5R01DK040936-22,5,R01,DK,040936,22,,,"1863651","SHULMAN, GERALD I",Not Applicable,"YALE UNIVERSITY", ,2010,329165,
"Mechanisms of Fat Induced Insulin Resistance","NIDDK","7564023",5R01DK040936-21,5,R01,DK,040936,21,,,"1863651","SHULMAN, GERALD I",Not Applicable,"YALE UNIVERSITY", ,2009,332490,
"Mechanisms of Fat Induced Insulin Resistance","NIDDK","7383938",5R01DK040936-20,5,R01,DK,040936,20,,,"1863651","SHULMAN, GERALD I",Not Applicable,"YALE UNIVERSITY", ,2008,332071,
"Mechanisms of Fat Induced Insulin Resistance","NIDDK","7261747",2R01DK040936-19A1,2,R01,DK,040936,19,A1,,"1863651","SHULMAN, GERALD I",Not Applicable,"YALE UNIVERSITY", ,2007,338250,
"Mechanisms of Fatty Acid Induced Insulin Resistance","NIDDK","6983438",5R01DK040936-18,5,R01,DK,040936,18,,,"1863651","SHULMAN, GERALD I",Not Applicable,"YALE UNIVERSITY", ,2006,316122,
"Mechanisms of Fatty Acid Induced Insulin Resistance","NIDDK","6829117",5R01DK040936-17,5,R01,DK,040936,17,,,"1863651","SHULMAN, GERALD I",Not Applicable,"YALE UNIVERSITY", ,2005,323730,
"Mechanisms of Fatty Acid Induced Insulin Resistance","NIDDK","6693413",5R01DK040936-16,5,R01,DK,040936,16,,,"1863651","SHULMAN, GERALD I",Not Applicable,"YALE UNIVERSITY", ,2004,323730,
"Mechanisms of Fatty Acid Induced Insulin Resistance","NIDDK","6579763",2R01DK040936-15,2,R01,DK,040936,15,,,"1863651","SHULMAN, GERALD I",Not Applicable,"YALE UNIVERSITY", ,2003,323730,
"IN VIVO NMR STUDIES OF CARBOHYDRATE METABOLISM","NIDDK","6476164",5R01DK040936-14,5,R01,DK,040936,14,,,"1863651","SHULMAN, GERALD I",Not Applicable,"YALE UNIVERSITY", ,2002,291066,
"IN VIVO NMR STUDIES OF CARBOHYDRATE METABOLISM","NIDDK","6329348",5R01DK040936-13,5,R01,DK,040936,13,,,"1863651","SHULMAN, GERALD I",Not Applicable,"YALE UNIVERSITY", ,2001,282587,
"IN VIVO NMR STUDIES OF CARBOHYDRATE METABOLISM","NIDDK","6124862",5R01DK040936-12,5,R01,DK,040936,12,,,"1863651","SHULMAN, GERALD I",Not Applicable,"YALE UNIVERSITY", ,2000,274356,
"IN VIVO NMR STUDIES OF CARBOHYDRATE METABOLISM","NIDDK","2763480",2R01DK040936-11,2,R01,DK,040936,11,,,"1863651","SHULMAN, GERALD I",Not Applicable,"YALE UNIVERSITY", ,1999,266366,
"IN VIVO NMR STUDIES OF CARBOHYDRATE METABOLISM","NIDDK","2608428",5R01DK040936-10,5,R01,DK,040936,10,,,"1863651","SHULMAN, GERALD I",Not Applicable,"YALE UNIVERSITY", ,1998,239575,
"IN VIVO NMR STUDIES OF CARBOHYDRATE METABOLISM","NIDDK","2016320",5R01DK040936-09,5,R01,DK,040936,09,,,"1863651","SHULMAN, GERALD I",Not Applicable,"YALE UNIVERSITY", ,1997,234592,
"IN VIVO NMR STUDIES OF CARBOHYDRATE METABOLISM","NIDDK","2141524",5R01DK040936-08,5,R01,DK,040936,08,,,"1863651","SHULMAN, GERALD I",Not Applicable,"YALE UNIVERSITY", ,1996,227256,
"CLINICAL METABOLISM CORE","NIDDK","9056613",4P30DK045735-24,4,P30,DK,045735,24,,7035,"1863651","SHULMAN, GERALD I",Not Applicable,"YALE UNIVERSITY", ,2016,,159828
"CLINICAL METABOLISM CORE","NIDDK","8900265",5P30DK045735-23,5,P30,DK,045735,23,,7035,"1863651","SHULMAN, GERALD I",Not Applicable,"YALE UNIVERSITY", ,2015,,159828
"CLINICAL METABOLISM CORE","NIDDK","8635338",5P30DK045735-22,5,P30,DK,045735,22,,7035,"1863651","SHULMAN, GERALD I",Not Applicable,"YALE UNIVERSITY", ,2014,,159828
"CLINICAL METABOLISM CORE","NIDDK","8446555",2P30DK045735-21,2,P30,DK,045735,21,,7035,"1863651","SHULMAN, GERALD I",Not Applicable,"YALE UNIVERSITY", ,2013,,191775
"CORE--CLINICAL METABOLISM","NIDDK","6430853",5P30DK045735-09,5,P30,DK,045735,09,,9001,"1863651","SHULMAN, GERALD I",Not Applicable,"YALE UNIVERSITY", ,2001,,254111
"CORE--CLINICAL METABOLISM","NIDDK","6301138",5P30DK045735-08,5,P30,DK,045735,08,,9001,"1863651","SHULMAN, GERALD I",Not Applicable,"YALE UNIVERSITY", ,2000,,215280
"CORE--CLINICAL METABOLISM","NIDDK","6105535",3P30DK045735-07S1,3,P30,DK,045735,07,S1,9001,"1863651","SHULMAN, GERALD I",Not Applicable,"YALE UNIVERSITY", ,1999,,215280
"CORE A--CLINICAL METABOLISM","NIDDK","6296466",5P30DK045735-07,5,P30,DK,045735,07,,9001,"1863651","SHULMAN, GERALD I",Not Applicable,"YALE UNIVERSITY", ,1999,,215280
"CORE--CLINICAL METABOLISM","NIDDK","6270750",2P30DK045735-06,2,P30,DK,045735,06,,9001,"1863651","SHULMAN, GERALD I",Not Applicable,"YALE UNIVERSITY", ,1998,,196959
"CORE--CLINICAL METABOLISM","NIDDK","6239090",5P30DK045735-05,5,P30,DK,045735,05,,9001,"1863651","SHULMAN, GERALD I",Not Applicable,"YALE UNIVERSITY", ,1997,,145113
"Cellular Mechanisms of Insulin Resistance in Humans","NIDDK","8640915",5R01DK049230-15,5,R01,DK,049230,15,,,"1863651","SHULMAN, GERALD I",Not Applicable,"YALE UNIVERSITY", ,2014,536172,
"Cellular Mechanisms of Insulin Resistance in Humans","NIDDK","8456195",5R01DK049230-14,5,R01,DK,049230,14,,,"1863651","SHULMAN, GERALD I",Not Applicable,"YALE UNIVERSITY", ,2013,526293,
"Cellular Mechanisms of Insulin Resistance in Humans","NIDDK","8249435",5R01DK049230-13,5,R01,DK,049230,13,,,"1863651","SHULMAN, GERALD I",Not Applicable,"YALE UNIVERSITY", ,2012,547772,
"Cellular Mechanisms of Insulin Resistance in Humans","NIDDK","8053273",5R01DK049230-12,5,R01,DK,049230,12,,,"1863651","SHULMAN, GERALD I",Not Applicable,"YALE UNIVERSITY", ,2011,550192,
"Cellular Mechanisms of Insulin Resistance in Humans","NIDDK","7887979",2R01DK049230-11A2,2,R01,DK,049230,11,A2,,"1863651","SHULMAN, GERALD I",Not Applicable,"YALE UNIVERSITY", ,2010,764317,
"CELLULAR MECHANISMS OF INSULIN RESISTANCE IN HUMANS","NIDDK","6703681",5R01DK049230-10,5,R01,DK,049230,10,,,"1863651","SHULMAN, GERALD I",Not Applicable,"YALE UNIVERSITY", ,2004,510161,
"CELLULAR MECHANISMS OF INSULIN RESISTANCE IN HUMANS","NIDDK","6628513",5R01DK049230-09,5,R01,DK,049230,09,,,"1863651","SHULMAN, GERALD I",Not Applicable,"YALE UNIVERSITY", ,2003,501309,
"CELLULAR MECHANISMS OF INSULIN RESISTANCE IN HUMANS","NIDDK","6498074",5R01DK049230-08,5,R01,DK,049230,08,,,"1863651","SHULMAN, GERALD I",Not Applicable,"YALE UNIVERSITY", ,2002,492077,
"CELLULAR MECHANISMS OF INSULIN RESISTANCE IN HUMANS","NIDDK","6350672",5R01DK049230-07,5,R01,DK,049230,07,,,"1863651","SHULMAN, GERALD I",Not Applicable,"YALE UNIVERSITY", ,2001,482221,
"CELLULAR MECHANISMS OF INSULIN RESISTANCE IN HUMANS","NIDDK","6011675",2R01DK049230-06,2,R01,DK,049230,06,,,"1863651","SHULMAN, GERALD I",Not Applicable,"YALE UNIVERSITY", ,2000,472661,
"NMR STUDIES OF GLYCOGEN METABOLISM IN HUMANS","NIDDK","2872220",5R01DK049230-05,5,R01,DK,049230,05,,,"1863651","SHULMAN, GERALD I",Not Applicable,"YALE UNIVERSITY", ,1999,670669,
"NMR STUDIES OF GLYCOGEN METABOLISM IN HUMANS","NIDDK","2654535",5R01DK049230-04,5,R01,DK,049230,04,,,"1863651","SHULMAN, GERALD I",Not Applicable,"YALE UNIVERSITY", ,1998,657109,
"NMR STUDIES OF GLYCOGEN METABOLISM IN HUMANS","NIDDK","2331464",5R01DK049230-03,5,R01,DK,049230,03,,,"1863651","SHULMAN, GERALD I",Not Applicable,"YALE UNIVERSITY", ,1997,638471,
"NMR STUDIES OF GLYCOGEN METABOLISM IN HUMANS","NIDDK","2149886",5R01DK049230-02,5,R01,DK,049230,02,,,"1863651","SHULMAN, GERALD I",Not Applicable,"YALE UNIVERSITY", ,1996,620549,
"Administrative Core","NIDDK","9174425",2U2CDK059635-11,2,U2C,DK,059635,11,,7361,"1863651","SHULMAN, GERALD I",Not Applicable,"YALE UNIVERSITY", ,2016,,99082
"Integrative Physiology Core","NIDDK","9174426",2U2CDK059635-11,2,U2C,DK,059635,11,,7362,"1863651","SHULMAN, GERALD I",Not Applicable,"YALE UNIVERSITY", ,2016,,276375
"Yale Mouse Metabolic Phenotyping Center","NIDDK","9174424",2U2CDK059635-11,2,U2C,DK,059635,11,,,"1863651","SHULMAN, GERALD I",Not Applicable,"YALE UNIVERSITY", ,2016,492984,
"ADMINISTRATIVE Core","NIDDK","8878223",5U24DK059635-10,5,U24,DK,059635,10,,8509,"1863651","SHULMAN, GERALD I",Not Applicable,"YALE UNIVERSITY", ,2015,,21943
"Animal Care Core","NIDDK","8878224",5U24DK059635-10,5,U24,DK,059635,10,,8510,"1863651","SHULMAN, GERALD I",Not Applicable,"YALE UNIVERSITY", ,2015,,216653
"Integrative Physiology Core","NIDDK","8878225",5U24DK059635-10,5,U24,DK,059635,10,,8511,"1863651","SHULMAN, GERALD I",Not Applicable,"YALE UNIVERSITY", ,2015,,390657
"Metabolomics Core","NIDDK","8878226",5U24DK059635-10,5,U24,DK,059635,10,,8512,"1863651","SHULMAN, GERALD I",Not Applicable,"YALE UNIVERSITY", ,2015,,211189
"Yale Mouse Metabolic Phenotyping Center","NIDDK","8878222",5U24DK059635-10,5,U24,DK,059635,10,,,"1863651","SHULMAN, GERALD I",Not Applicable,"YALE UNIVERSITY", ,2015,840442,
"ADMINISTRATIVE Core","NIDDK","8708027",5U24DK059635-09,5,U24,DK,059635,09,,8509,"1863651","SHULMAN, GERALD I",Not Applicable,"YALE UNIVERSITY", ,2014,,21458
"Animal Care Core","NIDDK","8708028",5U24DK059635-09,5,U24,DK,059635,09,,8510,"1863651","SHULMAN, GERALD I",Not Applicable,"YALE UNIVERSITY", ,2014,,231840
"Integrative Physiology Core","NIDDK","8708029",5U24DK059635-09,5,U24,DK,059635,09,,8511,"1863651","SHULMAN, GERALD I",Not Applicable,"YALE UNIVERSITY", ,2014,,381090
"Metabolomics Core","NIDDK","8708030",5U24DK059635-09,5,U24,DK,059635,09,,8512,"1863651","SHULMAN, GERALD I",Not Applicable,"YALE UNIVERSITY", ,2014,,206054
"Yale Mouse Metabolic Phenotyping Center","NIDDK","8708026",5U24DK059635-09,5,U24,DK,059635,09,,,"1863651","SHULMAN, GERALD I",Not Applicable,"YALE UNIVERSITY", ,2014,840442,
"ADMINISTRATIVE Core","NIDDK","8517662",5U24DK059635-08,5,U24,DK,059635,08,,8509,"1863651","SHULMAN, GERALD I",Not Applicable,"YALE UNIVERSITY", ,2013,,20233
"Animal Care Core","NIDDK","8517664",5U24DK059635-08,5,U24,DK,059635,08,,8510,"1863651","SHULMAN, GERALD I",Not Applicable,"YALE UNIVERSITY", ,2013,,252191
"Integrative Physiology Core","NIDDK","8517665",5U24DK059635-08,5,U24,DK,059635,08,,8511,"1863651","SHULMAN, GERALD I",Not Applicable,"YALE UNIVERSITY", ,2013,,487631
"Metabolomics Core","NIDDK","8517666",5U24DK059635-08,5,U24,DK,059635,08,,8512,"1863651","SHULMAN, GERALD I",Not Applicable,"YALE UNIVERSITY", ,2013,,194108
"Yale Mouse Metabolic Phenotyping Center","NIDDK","8517659",5U24DK059635-08,5,U24,DK,059635,08,,,"1863651","SHULMAN, GERALD I",Not Applicable,"YALE UNIVERSITY", ,2013,811026,
"ADMINISTRATIVE Core","NIDDK","8381205",5U24DK059635-07,5,U24,DK,059635,07,,8509,"1863651","SHULMAN, GERALD I",Not Applicable,"YALE UNIVERSITY", ,2012,,20498
"Animal Care Core","NIDDK","8381207",5U24DK059635-07,5,U24,DK,059635,07,,8510,"1863651","SHULMAN, GERALD I",Not Applicable,"YALE UNIVERSITY", ,2012,,259742
"Integrative Physiology Core","NIDDK","8381210",5U24DK059635-07,5,U24,DK,059635,07,,8511,"1863651","SHULMAN, GERALD I",Not Applicable,"YALE UNIVERSITY", ,2012,,363778
"Metabolomics Core","NIDDK","8381212",5U24DK059635-07,5,U24,DK,059635,07,,8512,"1863651","SHULMAN, GERALD I",Not Applicable,"YALE UNIVERSITY", ,2012,,196424
"Yale Mouse Metabolic Phenotyping Center","NIDDK","8333944",5U24DK059635-07,5,U24,DK,059635,07,,,"1863651","SHULMAN, GERALD I",Not Applicable,"YALE UNIVERSITY", ,2012,840442,
"ADMINISTRATIVE Core","NIDDK","8204226",2U24DK059635-06,2,U24,DK,059635,06,,8509,"1863651","SHULMAN, GERALD I",Not Applicable,"YALE UNIVERSITY", ,2011,,23681
"Integrative Physiology Core","NIDDK","8204229",2U24DK059635-06,2,U24,DK,059635,06,,8511,"1863651","SHULMAN, GERALD I",Not Applicable,"YALE UNIVERSITY", ,2011,,437503
"Yale Mouse Metabolic Phenotyping Center","NIDDK","8189500",2U24DK059635-06,2,U24,DK,059635,06,,,"1863651","SHULMAN, GERALD I",Not Applicable,"YALE UNIVERSITY", ,2011,840442,
"Yale Mouse Metabolic Phenotyping Center","NIDDK","6908996",5U24DK059635-05,5,U24,DK,059635,05,,,"1863651","SHULMAN, GERALD I",Not Applicable,"YALE UNIVERSITY", ,2005,492262,
"Yale Mouse Metabolic Phenotyping Center","NIDDK","6944118",3U24DK059635-04S1,3,U24,DK,059635,04,S1,,"1863651","SHULMAN, GERALD I",Not Applicable,"YALE UNIVERSITY", ,2004,32700,
"Yale Mouse Metabolic Phenotyping Center","NIDDK","6770070",5U24DK059635-04,5,U24,DK,059635,04,,,"1863651","SHULMAN, GERALD I",Not Applicable,"YALE UNIVERSITY", ,2004,892262,
"Yale Mouse Metabolic Phenotyping Center","NIDDK","6800284",3U24DK059635-03S1,3,U24,DK,059635,03,S1,,"1863651","SHULMAN, GERALD I",Not Applicable,"YALE UNIVERSITY", ,2003,40000,
"Yale Mouse Metabolic Phenotyping Center","NIDDK","6607002",5U24DK059635-03,5,U24,DK,059635,03,,,"1863651","SHULMAN, GERALD I",Not Applicable,"YALE UNIVERSITY", ,2003,892262,
"Yale Mouse Metabolic Phenotyping Center","NIDDK","6595164",5U24DK059635-02,5,U24,DK,059635,02,,,"1863651","SHULMAN, GERALD I",Not Applicable,"YALE UNIVERSITY", ,2002,1042682,
"Yale Mouse Metabolic Phenotyping Center","NIDDK","6331688",1U24DK059635-01,1,U24,DK,059635,01,,,"1863651","SHULMAN, GERALD I",Not Applicable,"YALE UNIVERSITY", ,2001,1289824,
"Role of Mitochondrial Dysfunction in Insulin Resistance","NIDDK","7676040",5P01DK068229-05,5,P01,DK,068229,05,,0001,"1863651","SHULMAN, GERALD I",Not Applicable,"YALE UNIVERSITY", ,2008,,248397
"Mitochrondrial Dysfunction: Role in Metabolic Syndrome","NIDDK","7493559",5P01DK068229-05,5,P01,DK,068229,05,,,"1863651","SHULMAN, GERALD I",Not Applicable,"YALE UNIVERSITY", ,2008,1410977,
"Role of Mitochondrial Dysfunction in Insulin Resistance","NIDDK","7493554",5P01DK068229-04,5,P01,DK,068229,04,,0001,"1863651","SHULMAN, GERALD I",Not Applicable,"YALE UNIVERSITY", ,2007,,246213
"Mitochrondrial Dysfunction: Role in Metabolic Syndrome","NIDDK","7285973",5P01DK068229-04,5,P01,DK,068229,04,,,"1863651","SHULMAN, GERALD I",Not Applicable,"YALE UNIVERSITY", ,2007,1397845,
"Role of Mitochondrial Dysfunction in Insulin Resistance","NIDDK","7285968",5P01DK068229-03,5,P01,DK,068229,03,,0001,"1863651","SHULMAN, GERALD I",Not Applicable,"YALE UNIVERSITY", ,2006,,148437
"Mitochrondrial Dysfunction: Role in Metabolic Syndrome","NIDDK","7122474",5P01DK068229-03,5,P01,DK,068229,03,,,"1863651","SHULMAN, GERALD I",Not Applicable,"YALE UNIVERSITY", ,2006,1397966,
"Role of Mitochondrial Dysfunction in Insulin Resistance","NIDDK","7122469",5P01DK068229-02,5,P01,DK,068229,02,,0001,"1863651","SHULMAN, GERALD I",Not Applicable,"YALE UNIVERSITY", ,2005,,144228
"Mitochrondrial Dysfunction: Role in Metabolic Syndrome","NIDDK","6948596",5P01DK068229-02,5,P01,DK,068229,02,,,"1863651","SHULMAN, GERALD I",Not Applicable,"YALE UNIVERSITY", ,2005,1390223,
"Role of Mitochondrial Dysfunction in Insulin Resistance","NIDDK","6844965",1P01DK068229-01,1,P01,DK,068229,01,,0001,"1863651","SHULMAN, GERALD I",Not Applicable,"YALE UNIVERSITY", ,2004,,143222
"Mitochrondrial Dysfunction: Role in Metabolic Syndrome","NIDDK","6814748",1P01DK068229-01,1,P01,DK,068229,01,,,"1863651","SHULMAN, GERALD I",Not Applicable,"YALE UNIVERSITY", ,2004,1364566,
"Genetic and Cellular Mechanisms of NAFLD and Hepatic Insulin Resistance","NIDDK","8728821",5R24DK085638-05,5,R24,DK,085638,05,,,"1863651","SHULMAN, GERALD I",Not Applicable,"YALE UNIVERSITY", ,2014,1255263,
"Genetic and Cellular Mechanisms of NAFLD and Hepatic Insulin Resistance","NIDDK","8545824",5R24DK085638-04,5,R24,DK,085638,04,,,"1863651","SHULMAN, GERALD I",Not Applicable,"YALE UNIVERSITY", ,2013,1219675,
"Genetic and Cellular Mechanisms of NAFLD and Hepatic Insulin Resistance","NIDDK","8310171",5R24DK085638-03,5,R24,DK,085638,03,,,"1863651","SHULMAN, GERALD I",Not Applicable,"YALE UNIVERSITY", ,2012,1271028,
"Genetic and Cellular Mechanisms of NAFLD and Hepatic Insulin Resistance","NIDDK","8150940",5R24DK085638-02,5,R24,DK,085638,02,,,"1863651","SHULMAN, GERALD I",Not Applicable,"YALE UNIVERSITY", ,2011,1280987,
"Genetic and Cellular Mechanisms of NAFLD and Hepatic Insulin Resistance","NIDDK","8050303",1R24DK085638-01A1,1,R24,DK,085638,01,A1,,"1863651","SHULMAN, GERALD I",Not Applicable,"YALE UNIVERSITY", ,2010,1259742,
"DIFFERENCES BETWEEN INSULIN RESISTANT AND NON-INSULIN RESISTANT INDIVIDUALS","NCRR","7206855",3M01RR000125-41S1,3,M01,RR,000125,41,S1,1034,"1863651","SHULMAN, GERALD I",Not Applicable,"YALE UNIVERSITY", ,2005,,51165
"REGULATION OF UCP-3 ACTIVITY AND EXPRESSION IN MUSCLE","NCRR","7206854",3M01RR000125-41S1,3,M01,RR,000125,41,S1,1046,"1863651","SHULMAN, GERALD I",Not Applicable,"YALE UNIVERSITY", ,2005,,7939
"LIVER LIPID AND CARBOHYDRATE METABOLISM IN FAMIAL HYPERTRIGLYCERIDEMIA","NCRR","7206914",3M01RR000125-41S1,3,M01,RR,000125,41,S1,1080,"1863651","SHULMAN, GERALD I",Not Applicable,"YALE UNIVERSITY", ,2005,,12792
"Regulation of UCP-3 Activity and Expression in Muscle","NCRR","7041575",5M01RR000125-41,5,M01,RR,000125,41,,1046,"1863651","SHULMAN, GERALD I",Not Applicable,"YALE UNIVERSITY", ,2004,,58371
"Regulation of Brain Metabolite Synthesis by Ketones in","NCRR","7041583",5M01RR000125-41,5,M01,RR,000125,41,,1052,"1863651","SHULMAN, GERALD I",Not Applicable,"YALE UNIVERSITY", ,2004,,55008
"NMR Measurements of Liver and Muscle Triglyceride Content in N/IR States","NCRR","7041592",5M01RR000125-41,5,M01,RR,000125,41,,1059,"1863651","SHULMAN, GERALD I",Not Applicable,"YALE UNIVERSITY", ,2004,,208079
"Metabolic and endocrine defects in lean; non-diabetic offspring of NIDDM paren","NCRR","7041596",5M01RR000125-41,5,M01,RR,000125,41,,1061,"1863651","SHULMAN, GERALD I",Not Applicable,"YALE UNIVERSITY", ,2004,,216096
"Fatty Liver /Hepatic Insulin Resistance from High Fat Fe","NCRR","7041607",5M01RR000125-41,5,M01,RR,000125,41,,1071,"1863651","SHULMAN, GERALD I",Not Applicable,"YALE UNIVERSITY", ,2004,,21072
"Effects of FXR Activation on Hepatic Lipid and Carbohydrate Metabolism","NCRR","7041616",5M01RR000125-41,5,M01,RR,000125,41,,1080,"1863651","SHULMAN, GERALD I",Not Applicable,"YALE UNIVERSITY", ,2004,,10344
"Metabolic and Physiologic Differences Between Insulin Resistant and Non-Insulin","NCRR","7041576",5M01RR000125-41,5,M01,RR,000125,41,,8105,"1863651","SHULMAN, GERALD I",Not Applicable,"YALE UNIVERSITY", ,2004,,149968
"Regulation of Pathways of Glycogen Repletion in Non; Pre; and Diabetic Humans","NCRR","7041623",5M01RR000125-41,5,M01,RR,000125,41,,8152,"1863651","SHULMAN, GERALD I",Not Applicable,"YALE UNIVERSITY", ,2004,,36198
"QUANTITATION OF HEPATIC GLYCOGENOLYSIS AND GLUCONEOGENESIS DURING FASTING","NCRR","6306166",5M01RR000125-37,5,M01,RR,000125,37,,0870,"1863651","SHULMAN, GERALD I",Not Applicable,"YALE UNIVERSITY", ,2000,,34535
"REGULATION OF PATHWAYS OF GLYCOGEN REPLETION IN PREDIABETICS AND DIABETICS","NCRR","6306147",5M01RR000125-37,5,M01,RR,000125,37,,0879,"1863651","SHULMAN, GERALD I",Not Applicable,"YALE UNIVERSITY", ,2000,,34535
"EFFECTS OF FATTY ACIDS ON MUSCLE GLYCOGEN SYNTHESIS","NCRR","6306148",5M01RR000125-37,5,M01,RR,000125,37,,0880,"1863651","SHULMAN, GERALD I",Not Applicable,"YALE UNIVERSITY", ,2000,,34535
"MECHANISM OF TROGLITAZONE ACTION IN TYPE II DIABETES MELLITUS","NCRR","6306204",5M01RR000125-37,5,M01,RR,000125,37,,0945,"1863651","SHULMAN, GERALD I",Not Applicable,"YALE UNIVERSITY", ,2000,,34535
"METABOLIC AND ENDOCRINE DEFICITS IN LEAN NONDIABETIC OFFSPRING OF IDDM PATIENTS","NCRR","6306198",5M01RR000125-37,5,M01,RR,000125,37,,0949,"1863651","SHULMAN, GERALD I",Not Applicable,"YALE UNIVERSITY", ,2000,,34535
"MRS ASSESSMENT OF MUSCLE GLYCOGEN UTILIZATION DURING PROLONGED EXERCISE","NCRR","6306188",5M01RR000125-37,5,M01,RR,000125,37,,0955,"6593663","SHULMAN, GERALD I",Not Applicable,"YALE UNIVERSITY", ,2000,,34535
"ASSESSMENT OF INTRACELLULAR FREE GLUCOSE CONSENTRATION IN INSULIN RESISTANCE","NCRR","6306197",5M01RR000125-37,5,M01,RR,000125,37,,0967,"6593672","SHULMAN, GERALD I",Not Applicable,"YALE UNIVERSITY", ,2000,,34535
"QUANTITAION OF NET HEPATIC GLYCOGENOLYSIS AND GLUCONEOGENESIS WITH METFORMIN","NCRR","6306178",5M01RR000125-37,5,M01,RR,000125,37,,0971,"1863651","SHULMAN, GERALD I",Not Applicable,"YALE UNIVERSITY", ,2000,,34535
"HEPATIC GLUCOSE METABOLISM IN IDDM (TYPE I) AND NIDDM (TYPE II)","NCRR","6306184",5M01RR000125-37,5,M01,RR,000125,37,,0986,"1863651","SHULMAN, GERALD I",Not Applicable,"YALE UNIVERSITY", ,2000,,34535
"CORTICAL GLUTAMATE; GLUTAMINE & GABA LEVELS IN HEPATIC ENCEPHALOPATHY","NCRR","6306175",5M01RR000125-37,5,M01,RR,000125,37,,0987,"1863651","SHULMAN, GERALD I",Not Applicable,"YALE UNIVERSITY", ,2000,,34535
"HUMAN AMYLIN ANALOGUE AC137 VS PLACEBO ON HEPATIC GLUCOGEN METABOLISM","NCRR","6115981",5M01RR000125-36,5,M01,RR,000125,36,,0016,"1863651","SHULMAN, GERALD I",Not Applicable,"YALE UNIVERSITY", ,1999,,29930
"QUANTITATION OF HEPATIC GLYCOGENOLYSIS AND GLUCONEOGENESIS DURING FASTING","NCRR","6116000",5M01RR000125-36,5,M01,RR,000125,36,,0870,"1863651","SHULMAN, GERALD I",Not Applicable,"YALE UNIVERSITY", ,1999,,34535
"REGULATION OF PATHWAYS OF GLYCOGEN REPLETION IN PREDIABETICS AND DIABETICS","NCRR","6116004",5M01RR000125-36,5,M01,RR,000125,36,,0879,"1863651","SHULMAN, GERALD I",Not Applicable,"YALE UNIVERSITY", ,1999,,34535
"EFFECTS OF FATTY ACIDS ON MUSCLE GLYCOGEN SYNTHESIS","NCRR","6116005",5M01RR000125-36,5,M01,RR,000125,36,,0880,"1863651","SHULMAN, GERALD I",Not Applicable,"YALE UNIVERSITY", ,1999,,34535
"CARBOHYDRATE METABOLISM IN SUPERCOMPENSATED MUSCLE USING NMR","NCRR","6116008",5M01RR000125-36,5,M01,RR,000125,36,,0893,"1863651","SHULMAN, GERALD I",Not Applicable,"YALE UNIVERSITY", ,1999,,29930
"HEPATIC GLUCONEOGENESIS IN NORMAL; NIDDM; AND CIRRHOSIS PATIENTS","NCRR","6116016",5M01RR000125-36,5,M01,RR,000125,36,,0918,"1863651","SHULMAN, GERALD I",Not Applicable,"YALE UNIVERSITY", ,1999,,29930
"EPINEPHRINE EFFECTS ON MUSCLE GLYCOGENOLYSIS AND GLYCOGEN METABOLISM","NCRR","6116018",5M01RR000125-36,5,M01,RR,000125,36,,0921,"1863651","SHULMAN, GERALD I",Not Applicable,"YALE UNIVERSITY", ,1999,,29930
"SIX MONTH; DOUBLE BLIND PLACEBO CONTROLLED; MULTICENTER TRIAL OF TROGLITAZONES","NCRR","6116019",5M01RR000125-36,5,M01,RR,000125,36,,0925,"1863651","SHULMAN, GERALD I",Not Applicable,"YALE UNIVERSITY", ,1999,,29930
"NMR STUDIES OF MUSCLE GLYCOGEN IN RESTING SUBJECTS AFTER CARBOHYDRATE LOADING","NCRR","6116029",5M01RR000125-36,5,M01,RR,000125,36,,0935,"1863651","SHULMAN, GERALD I",Not Applicable,"YALE UNIVERSITY", ,1999,,29930
"MECHANISM OF TROGLITAZONE ACTION IN TYPE II DIABETES MELLITUS","NCRR","6116037",5M01RR000125-36,5,M01,RR,000125,36,,0945,"1863651","SHULMAN, GERALD I",Not Applicable,"YALE UNIVERSITY", ,1999,,34535
"METABOLIC AND ENDOCRINE DEFICITS IN LEAN NONDIABETIC OFFSPRING OF IDDM PATIENTS","NCRR","6116041",5M01RR000125-36,5,M01,RR,000125,36,,0949,"1863651","SHULMAN, GERALD I",Not Applicable,"YALE UNIVERSITY", ,1999,,34535
"MRS ASSESSMENT OF MUSCLE GLYCOGEN UTILIZATION DURING PROLONGED EXERCISE","NCRR","6116047",5M01RR000125-36,5,M01,RR,000125,36,,0955,"1863651","SHULMAN, GERALD I",Not Applicable,"YALE UNIVERSITY", ,1999,,34535
"ASSESSMENT OF INTRACELLULAR FREE GLUCOSE CONSENTRATION IN INSULIN RESISTANCE","NCRR","6116059",5M01RR000125-36,5,M01,RR,000125,36,,0967,"1863651","SHULMAN, GERALD I",Not Applicable,"YALE UNIVERSITY", ,1999,,34535
"QUANTITAION OF NET HEPATIC GLYCOGENOLYSIS AND GLUCONEOGENESIS WITH METFORMIN","NCRR","6116063",5M01RR000125-36,5,M01,RR,000125,36,,0971,"1863651","SHULMAN, GERALD I",Not Applicable,"YALE UNIVERSITY", ,1999,,34535
"EFFECTS OF GLYCOGEN SUPERCOMPENSATIONON INSULIN SENSITIVITY & MUSCLE GLYCOGEN","NCRR","6116066",5M01RR000125-36,5,M01,RR,000125,36,,0974,"1863651","SHULMAN, GERALD I",Not Applicable,"YALE UNIVERSITY", ,1999,,29930
"EFFECTS OF DIETARY FAT ON INSULIN STIMULATED MUSCLE GLYCOGEN SYNTHESIS","NCRR","6116069",5M01RR000125-36,5,M01,RR,000125,36,,0977,"1863651","SHULMAN, GERALD I",Not Applicable,"YALE UNIVERSITY", ,1999,,29930
"EFFECTS OF ORAL FRUCTOSE ON HEPATIC GLYCOGEN SYNTHESIS DURING GLUCOSE INGESTION","NCRR","6116074",5M01RR000125-36,5,M01,RR,000125,36,,0982,"1863651","SHULMAN, GERALD I",Not Applicable,"YALE UNIVERSITY", ,1999,,29930
"HEPATIC GLUCOSE METABOLISM IN IDDM (TYPE I) AND NIDDM (TYPE II)","NCRR","6116078",5M01RR000125-36,5,M01,RR,000125,36,,0986,"1863651","SHULMAN, GERALD I",Not Applicable,"YALE UNIVERSITY", ,1999,,34535
"CORTICAL GLUTAMATE; GLUTAMINE & GABA LEVELS IN HEPATIC ENCEPHALOPATHY","NCRR","6116079",5M01RR000125-36,5,M01,RR,000125,36,,0987,"1863651","SHULMAN, GERALD I",Not Applicable,"YALE UNIVERSITY", ,1999,,34535
"HUMAN AMYLIN ANALOGUE AC137 VS PLACEBO ON HEPATIC GLUCOGEN METABOLISM","NCRR","6277215",5M01RR000125-35,5,M01,RR,000125,35,,0016,"1863651","SHULMAN, GERALD I",Not Applicable,"YALE UNIVERSITY", ,1998,,28043
"QUANTITATION OF HEPATIC GLYCOGENOLYSIS AND GLUCONEOGENESIS DURING FASTING","NCRR","6277234",5M01RR000125-35,5,M01,RR,000125,35,,0870,"1863651","SHULMAN, GERALD I",Not Applicable,"YALE UNIVERSITY", ,1998,,28043
"REGULATION OF PATHWAYS OF GLYCOGEN REPLETION IN PREDIABETICS AND DIABETICS","NCRR","6277238",5M01RR000125-35,5,M01,RR,000125,35,,0879,"1863651","SHULMAN, GERALD I",Not Applicable,"YALE UNIVERSITY", ,1998,,28043
"EFFECTS OF FATTY ACIDS ON MUSCLE GLYCOGEN SYNTHESIS","NCRR","6277239",5M01RR000125-35,5,M01,RR,000125,35,,0880,"1863651","SHULMAN, GERALD I",Not Applicable,"YALE UNIVERSITY", ,1998,,28043
"CARBOHYDRATE METABOLISM IN SUPERCOMPENSATED MUSCLE USING NMR","NCRR","6277242",5M01RR000125-35,5,M01,RR,000125,35,,0893,"1863651","SHULMAN, GERALD I",Not Applicable,"YALE UNIVERSITY", ,1998,,28043
"HEPATIC GLUCONEOGENESIS IN NORMAL; NIDDM; AND CIRRHOSIS PATIENTS","NCRR","6277250",5M01RR000125-35,5,M01,RR,000125,35,,0918,"1863651","SHULMAN, GERALD I",Not Applicable,"YALE UNIVERSITY", ,1998,,28043
"EPINEPHRINE EFFECTS ON MUSCLE GLYCOGENOLYSIS AND GLYCOGEN METABOLISM","NCRR","6277252",5M01RR000125-35,5,M01,RR,000125,35,,0921,"1863651","SHULMAN, GERALD I",Not Applicable,"YALE UNIVERSITY", ,1998,,28043
"SIX MONTH; DOUBLE BLIND PLACEBO CONTROLLED; MULTICENTER TRIAL OF TROGLITAZONES","NCRR","6277253",5M01RR000125-35,5,M01,RR,000125,35,,0925,"1863651","SHULMAN, GERALD I",Not Applicable,"YALE UNIVERSITY", ,1998,,28043
"NMR STUDIES OF MUSCLE GLYCOGEN IN RESTING SUBJECTS AFTER CARBOHYDRATE LOADING","NCRR","6277263",5M01RR000125-35,5,M01,RR,000125,35,,0935,"1863651","SHULMAN, GERALD I",Not Applicable,"YALE UNIVERSITY", ,1998,,28043
"MECHANISM OF TROGLITAZONE ACTION IN TYPE II DIABETES MELLITUS","NCRR","6277271",5M01RR000125-35,5,M01,RR,000125,35,,0945,"1863651","SHULMAN, GERALD I",Not Applicable,"YALE UNIVERSITY", ,1998,,28043
"METABOLIC AND ENDOCRINE DEFICITS IN LEAN NONDIABETIC OFFSPRING OF IDDM PATIENTS","NCRR","6277275",5M01RR000125-35,5,M01,RR,000125,35,,0949,"1863651","SHULMAN, GERALD I",Not Applicable,"YALE UNIVERSITY", ,1998,,28043
"MRS ASSESSMENT OF MUSCLE GLYCOGEN UTILIZATION DURING PROLONGED EXERCISE","NCRR","6277281",5M01RR000125-35,5,M01,RR,000125,35,,0955,"1863651","SHULMAN, GERALD I",Not Applicable,"YALE UNIVERSITY", ,1998,,28043
"ASSESSMENT OF INTRACELLULAR FREE GLUCOSE CONSENTRATION IN INSULIN RESISTANCE","NCRR","6277293",5M01RR000125-35,5,M01,RR,000125,35,,0967,"1863651","SHULMAN, GERALD I",Not Applicable,"YALE UNIVERSITY", ,1998,,28043
"QUANTITAION OF NET HEPATIC GLYCOGENOLYSIS AND GLUCONEOGENESIS WITH METFORMIN","NCRR","6277297",5M01RR000125-35,5,M01,RR,000125,35,,0971,"1863651","SHULMAN, GERALD I",Not Applicable,"YALE UNIVERSITY", ,1998,,28043
"EFFECTS OF GLYCOGEN SUPERCOMPENSATIONON INSULIN SENSITIVITY & MUSCLE GLYCOGEN","NCRR","6277300",5M01RR000125-35,5,M01,RR,000125,35,,0974,"1863651","SHULMAN, GERALD I",Not Applicable,"YALE UNIVERSITY", ,1998,,28043
"EFFECTS OF DIETARY FAT ON INSULIN STIMULATED MUSCLE GLYCOGEN SYNTHESIS","NCRR","6277303",5M01RR000125-35,5,M01,RR,000125,35,,0977,"1863651","SHULMAN, GERALD I",Not Applicable,"YALE UNIVERSITY", ,1998,,28043
"EFFECTS OF ORAL FRUCTOSE ON HEPATIC GLYCOGEN SYNTHESIS DURING GLUCOSE INGESTION","NCRR","6277308",5M01RR000125-35,5,M01,RR,000125,35,,0982,"1863651","SHULMAN, GERALD I",Not Applicable,"YALE UNIVERSITY", ,1998,,28043
"HEPATIC GLUCOSE METABOLISM IN IDDM (TYPE I) AND NIDDM (TYPE II)","NCRR","6277312",5M01RR000125-35,5,M01,RR,000125,35,,0986,"1863651","SHULMAN, GERALD I",Not Applicable,"YALE UNIVERSITY", ,1998,,28043
"CORTICAL GLUTAMATE; GLUTAMINE & GABA LEVELS IN HEPATIC ENCEPHALOPATHY","NCRR","6277313",5M01RR000125-35,5,M01,RR,000125,35,,0987,"1863651","SHULMAN, GERALD I",Not Applicable,"YALE UNIVERSITY", ,1998,,28043
"PHARMACOKINETICS OF BAY27-9955","NCRR","6277319",5M01RR000125-35,5,M01,RR,000125,35,,0993,"1863651","SHULMAN, GERALD I",Not Applicable,"YALE UNIVERSITY", ,1998,,28043
"HUMAN AMYLIN ANALOGUE AC137 VS PLACEBO ON HEPATIC GLUCOGEN METABOLISM","NCRR","6247064",2M01RR000125-34,2,M01,RR,000125,34,,0016,"1863651","SHULMAN, GERALD I",Not Applicable,"YALE UNIVERSITY", ,1997,,26832
"CARBON 13 NMR STUDIES OF LIVER AND MUSCLE GLYCOGEN TURNOVER","NCRR","6247068",2M01RR000125-34,2,M01,RR,000125,34,,0731,"1863651","SHULMAN, GERALD I",Not Applicable,"YALE UNIVERSITY", ,1997,,26832
"QUANTITATION OF HEPATIC GLYCOGENOLYSIS AND GLUCONEOGENESIS DURING FASTING","NCRR","6247099",2M01RR000125-34,2,M01,RR,000125,34,,0870,"1863651","SHULMAN, GERALD I",Not Applicable,"YALE UNIVERSITY", ,1997,,26832
"REGULATION OF PATHWAYS OF GLYCOGEN REPLETION IN PREDIABETICS AND DIABETICS","NCRR","6247103",2M01RR000125-34,2,M01,RR,000125,34,,0879,"1863651","SHULMAN, GERALD I",Not Applicable,"YALE UNIVERSITY", ,1997,,26832
"EFFECTS OF FATTY ACIDS ON MUSCLE GLYCOGEN SYNTHESIS","NCRR","6247104",2M01RR000125-34,2,M01,RR,000125,34,,0880,"1863651","SHULMAN, GERALD I",Not Applicable,"YALE UNIVERSITY", ,1997,,26832
"CARBOHYDRATE METABOLISM IN SUPERCOMPENSATED MUSCLE USING NMR","NCRR","6247110",2M01RR000125-34,2,M01,RR,000125,34,,0893,"1863651","SHULMAN, GERALD I",Not Applicable,"YALE UNIVERSITY", ,1997,,26832
"PHASE II DOUBLE BLIND PLACEBO CONTROLLED MULTICENTER STUDY OF TROGLITAZONES","NCRR","6247120",2M01RR000125-34,2,M01,RR,000125,34,,0905,"1863651","SHULMAN, GERALD I",Not Applicable,"YALE UNIVERSITY", ,1997,,26832
"NMR MEASUREMENT OF TRIGLYCERIDE IN INSULIN RESITANT/NORMAL MUSCLE","NCRR","6247121",2M01RR000125-34,2,M01,RR,000125,34,,0906,"1863651","SHULMAN, GERALD I",Not Applicable,"YALE UNIVERSITY", ,1997,,26832
"FUNCTIONAL IMAGING OF VENTROMEDIAL HYPOTHALMUS IN NORMAL; DIABETIC;AND OBESE PTS","NCRR","6247122",2M01RR000125-34,2,M01,RR,000125,34,,0910,"1863651","SHULMAN, GERALD I",Not Applicable,"YALE UNIVERSITY", ,1997,,26832
"HUMAN AMYLIN ANALOGUE AC137 VS PLACEBO ON HEPATIC GLUCOGEN SYNTHESIS","NCRR","6247128",2M01RR000125-34,2,M01,RR,000125,34,,0916,"1863651","SHULMAN, GERALD I",Not Applicable,"YALE UNIVERSITY", ,1997,,26832
"HEPATIC GLUCONEOGENESIS IN NORMAL; NIDDM; AND CIRRHOSIS PATIENTS","NCRR","6247130",2M01RR000125-34,2,M01,RR,000125,34,,0918,"1863651","SHULMAN, GERALD I",Not Applicable,"YALE UNIVERSITY", ,1997,,26832
"EPINEPHRINE EFFECTS ON MUSCLE GLYCOGENOLYSIS AND GLYCOGEN METABOLISM","NCRR","6247133",2M01RR000125-34,2,M01,RR,000125,34,,0921,"1863651","SHULMAN, GERALD I",Not Applicable,"YALE UNIVERSITY", ,1997,,26832
"SIX MONTH; DOUBLE BLIND PLACEBO CONTROLLED; MULTICENTER TRIAL OF TROGLITAZONES","NCRR","6247137",2M01RR000125-34,2,M01,RR,000125,34,,0925,"1863651","SHULMAN, GERALD I",Not Applicable,"YALE UNIVERSITY", ,1997,,26832
"NMR STUDIES OF MUSCLE GLYCOGEN IN RESTING SUBJECTS AFTER CARBOHYDRATE LOADING","NCRR","6247147",2M01RR000125-34,2,M01,RR,000125,34,,0935,"1863651","SHULMAN, GERALD I",Not Applicable,"YALE UNIVERSITY", ,1997,,26832
"MECHANISM OF TROGLITAZONE ACTION IN TYPE II DIABETES MELLITUS","NCRR","6247157",2M01RR000125-34,2,M01,RR,000125,34,,0945,"1863651","SHULMAN, GERALD I",Not Applicable,"YALE UNIVERSITY", ,1997,,26832
"METABOLIC AND ENDOCRINE DEFICITS IN LEAN NONDIABETIC OFFSPRING OF IDDM PATIENTS","NCRR","6247161",2M01RR000125-34,2,M01,RR,000125,34,,0949,"1863651","SHULMAN, GERALD I",Not Applicable,"YALE UNIVERSITY", ,1997,,26832

