----------------------------------------------------------------------------------Search Criteria:  Search in: Projects 		AdminIC: All; Principal Investigator / Project Leader: STOLOVITZKY; GUSTAVO ALEJANDRO; Fiscal Year: 2016; 2015; 2014; 2013; 2012; 2011; 2010; 2009; 2008; 2007; 2006; 2005; 2004; 2003; 2002; 2001; 2000; 1999; 1998; 1997; 1996 ----------------------------------------------------------------------------------Project Title,Administering  IC,Application ID,Project Number,Type,Activity,IC,Serial Number,Support Year,Suffix,Subproject Number ,Contact PI  Person ID,Contact PI / Project Leader,Other PI or Project Leader(s),Organization Name,ARRA Indicator,FY,FY Total Cost ,FY Total Cost  (Sub Projects),
"Nanopore-based Electrical Device for DNA Sequencing","NHGRI","8141442",5R01HG005110-03,5,R01,HG,005110,03,,,"9645252","STOLOVITZKY, GUSTAVO ALEJANDRO",Not Applicable,"IBM THOMAS J. WATSON RESEARCH CENTER", ,2011,751239,
"Nanopore-based Electrical Device for DNA Sequencing","NHGRI","7938663",5R01HG005110-02,5,R01,HG,005110,02,,,"9645252","STOLOVITZKY, GUSTAVO ALEJANDRO",Not Applicable,"IBM THOMAS J. WATSON RESEARCH CENTER", ,2010,1211332,
"Nanopore-based Electrical Device for DNA Sequencing","NHGRI","7715089",1R01HG005110-01,1,R01,HG,005110,01,,,"9645252","STOLOVITZKY, GUSTAVO ALEJANDRO",Not Applicable,"IBM THOMAS J. WATSON RESEARCH CENTER", ,2009,556622,

