----------------------------------------------------------------------------------Search Criteria:  Search in: Projects 		AdminIC: All; Principal Investigator / Project Leader: ALLORE; HEATHER GWYNN; Fiscal Year: 2016; 2015; 2014; 2013; 2012; 2011; 2010; 2009; 2008; 2007; 2006; 2005; 2004; 2003; 2002; 2001; 2000; 1999; 1998; 1997; 1996 ----------------------------------------------------------------------------------Project Title,Administering  IC,Application ID,Project Number,Type,Activity,IC,Serial Number,Support Year,Suffix,Subproject Number ,Contact PI  Person ID,Contact PI / Project Leader,Other PI or Project Leader(s),Organization Name,ARRA Indicator,FY,FY Total Cost ,FY Total Cost  (Sub Projects),
"BIOSTATISTICAL CORE","NIA","8379143",5P30AG021342-10,5,P30,AG,021342,10,,9007,"8196064","ALLORE, HEATHER GWYNN",Not Applicable,"YALE UNIVERSITY", ,2012,,145743
"BIOSTATISTICAL CORE","NIA","8305541",5P30AG021342-09,5,P30,AG,021342,09,,9007,"8196064","ALLORE, HEATHER GWYNN",Not Applicable,"YALE UNIVERSITY", ,2011,,146401
"BIOSTATISTICAL CORE","NIA","8075494",5P30AG021342-08,5,P30,AG,021342,08,,9007,"8196064","ALLORE, HEATHER GWYNN",Not Applicable,"YALE UNIVERSITY", ,2010,,148558
"BIOSTATISTICAL CORE","NIA","7841745",5P30AG021342-07,5,P30,AG,021342,07,,9007,"8196064","ALLORE, HEATHER GWYNN",Not Applicable,"YALE UNIVERSITY", ,2009,,228230
"BIOSTATISTICAL CORE","NIA","7424116",2P30AG021342-06,2,P30,AG,021342,06,,9007,"8196064","ALLORE, HEATHER GWYNN",Not Applicable,"YALE UNIVERSITY", ,2008,,273815
"Data Management and Statistical Core","NIA","9086183",5P50AG047270-02,5,P50,AG,047270,02,,5017,"8196064","ALLORE, HEATHER GWYNN",Not Applicable,"YALE UNIVERSITY", ,2016,,120831
"Data Management and Statistical Core","NIA","8849040",1P50AG047270-01A1,1,P50,AG,047270,01,A1,5017,"8196064","ALLORE, HEATHER GWYNN",Not Applicable,"YALE UNIVERSITY", ,2015,,118819
"Individualized Absolute Risk calculator For Persons With Multiple Chronic Conditions","NIA","9044719",5R01AG047891-02,5,R01,AG,047891,02,,,"8196064","ALLORE, HEATHER GWYNN",Not Applicable,"YALE UNIVERSITY", ,2016,341325,
"Individualized Absolute Risk calculator For Persons With Multiple Chronic Conditions","NIA","8883990",1R01AG047891-01A1,1,R01,AG,047891,01,A1,,"8196064","ALLORE, HEATHER GWYNN",Not Applicable,"YALE UNIVERSITY", ,2015,307193,
"Health Outcome Effects of Common Medications in Elders with Multiple Conditions","NIA","8726278",5R21AG045148-02,5,R21,AG,045148,02,,,"6507476","TINETTI, MARY E ","ALLORE, HEATHER GWYNN","YALE UNIVERSITY", ,2014,208125,
"Health Outcome Effects of Common Medications in Elders with Multiple Conditions","NIA","8563730",1R21AG045148-01,1,R21,AG,045148,01,,,"6507476","TINETTI, MARY E ","ALLORE, HEATHER GWYNN","YALE UNIVERSITY", ,2013,249750,

