----------------------------------------------------------------------------------Search Criteria:  Search in: Projects 		AdminIC: All; Principal Investigator / Project Leader: EHRENREICH; IAN M; Fiscal Year: 2016; 2015; 2014; 2013; 2012; 2011; 2010; 2009; 2008; 2007; 2006; 2005; 2004; 2003; 2002; 2001; 2000; 1999; 1998; 1997; 1996 ----------------------------------------------------------------------------------Project Title,Administering  IC,Application ID,Project Number,Type,Activity,IC,Serial Number,Support Year,Suffix,Subproject Number ,Contact PI  Person ID,Contact PI / Project Leader,Other PI or Project Leader(s),Organization Name,ARRA Indicator,FY,FY Total Cost ,FY Total Cost  (Sub Projects),
"Genetic basis and pathogenicity of invasive growth in yeast","NIAID","8776919",5R21AI108939-02,5,R21,AI,108939,02,,,"9701240","EHRENREICH, IAN MICHAEL",Not Applicable,"UNIVERSITY OF SOUTHERN CALIFORNIA", ,2015,199272,
"Genetic basis and pathogenicity of invasive growth in yeast","NIAID","8618629",1R21AI108939-01,1,R21,AI,108939,01,,,"9701240","EHRENREICH, IAN MICHAEL",Not Applicable,"UNIVERSITY OF SOUTHERN CALIFORNIA", ,2014,239717,
"Comprehensive dissection of higher-order genetic interactions","NIGMS","9069005",5R01GM110255-03,5,R01,GM,110255,03,,,"9701240","EHRENREICH, IAN MICHAEL",Not Applicable,"UNIVERSITY OF SOUTHERN CALIFORNIA", ,2016,272270,
"Comprehensive dissection of higher-order genetic interactions","NIGMS","8850465",5R01GM110255-02,5,R01,GM,110255,02,,,"9701240","EHRENREICH, IAN MICHAEL",Not Applicable,"UNIVERSITY OF SOUTHERN CALIFORNIA", ,2015,272205,
"Comprehensive dissection of higher-order genetic interactions","NIGMS","8674821",1R01GM110255-01,1,R01,GM,110255,01,,,"9701240","EHRENREICH, IAN MICHAEL",Not Applicable,"UNIVERSITY OF SOUTHERN CALIFORNIA", ,2014,271426,
"Defining the genomic architecture of expression quantitative traits","NHGRI","7915671",5F32HG005176-02,5,F32,HG,005176,02,,,"9701240","EHRENREICH, IAN MICHAEL",Not Applicable,"PRINCETON UNIVERSITY", ,2010,34923,
"Defining the genomic architecture of expression quantitative traits","NHGRI","7748265",1F32HG005176-01,1,F32,HG,005176,01,,,"9701240","EHRENREICH, IAN MICHAEL",Not Applicable,"PRINCETON UNIVERSITY", ,2009,45218,

