----------------------------------------------------------------------------------Search Criteria:  Search in: Projects 		AdminIC: All; Principal Investigator / Project Leader: HARIHARAN; ISWAR K; Fiscal Year: 2016; 2015; 2014; 2013; 2012; 2011; 2010; 2009; 2008; 2007; 2006; 2005; 2004; 2003; 2002; 2001; 2000; 1999; 1998; 1997; 1996 ----------------------------------------------------------------------------------Project Title,Administering  IC,Application ID,Project Number,Type,Activity,IC,Serial Number,Support Year,Suffix,Subproject Number ,Contact PI  Person ID,Contact PI / Project Leader,Other PI or Project Leader(s),Organization Name,ARRA Indicator,FY,FY Total Cost ,FY Total Cost  (Sub Projects),
"REGULATION OF CELL DIVISION IN THE DEVELOPING RETINA","NEI","2856954",5R01EY011632-03,5,R01,EY,011632,03,,,"1882456","HARIHARAN, ISWAR K",Not Applicable,"MASSACHUSETTS GENERAL HOSPITAL", ,1999,256269,
"REGULATION OF CELL DIVISION IN THE DEVELOPING RETINA","NEI","2634466",5R01EY011632-02,5,R01,EY,011632,02,,,"1882456","HARIHARAN, ISWAR K",Not Applicable,"MASSACHUSETTS GENERAL HOSPITAL", ,1998,248805,
"REGULATION OF CELL DIVISION IN THE DEVELOPING RETINA","NEI","2020147",1R01EY011632-01,1,R01,EY,011632,01,,,"1882456","HARIHARAN, ISWAR K",Not Applicable,"MASSACHUSETTS GENERAL HOSPITAL", ,1997,241556,
"Regulation of cell and organ size in vivo","NIGMS","6922377",2R01GM061672-05,2,R01,GM,061672,05,,,"1882456","HARIHARAN, ISWAR K",Not Applicable,"UNIVERSITY OF CALIFORNIA BERKELEY", ,2005,300940,
"REGULATION OF CELL AND ORGAN SIZE IN VIVO","NIGMS","6608182",7R01GM061672-04,7,R01,GM,061672,04,,,"1882456","HARIHARAN, ISWAR K",Not Applicable,"UNIVERSITY OF CALIFORNIA BERKELEY", ,2004,212800,
"REGULATION OF CELL AND ORGAN SIZE IN VIVO","NIGMS","6525927",5R01GM061672-03,5,R01,GM,061672,03,,,"1882456","HARIHARAN, ISWAR K",Not Applicable,"MASSACHUSETTS GENERAL HOSPITAL", ,2002,242200,
"REGULATION OF CELL AND ORGAN SIZE IN VIVO","NIGMS","6387203",5R01GM061672-02,5,R01,GM,061672,02,,,"1882456","HARIHARAN, ISWAR K",Not Applicable,"MASSACHUSETTS GENERAL HOSPITAL", ,2001,242200,
"REGULATION OF CELL AND ORGAN SIZE IN VIVO","NIGMS","6166461",1R01GM061672-01,1,R01,GM,061672,01,,,"1882456","HARIHARAN, ISWAR K",Not Applicable,"MASSACHUSETTS GENERAL HOSPITAL", ,2000,241733,
"ANALYSIS OF NEUROFIBROMATOSIS TYPE 1 GENE FUNCTION","NINDS","6539917",5R01NS036084-07,5,R01,NS,036084,07,,,"1882456","HARIHARAN, ISWAR K",Not Applicable,"MASSACHUSETTS GENERAL HOSPITAL", ,2002,342000,
"ANALYSIS OF NEUROFIBROMATOSIS TYPE 1 GENE FUNCTION","NINDS","6393865",5R01NS036084-06,5,R01,NS,036084,06,,,"1882456","HARIHARAN, ISWAR K",Not Applicable,"MASSACHUSETTS GENERAL HOSPITAL", ,2001,342000,
"ANALYSIS OF NEUROFIBROMATOSIS TYPE 1 GENE FUNCTION","NINDS","6197579",2R01NS036084-05,2,R01,NS,036084,05,,,"1882456","HARIHARAN, ISWAR K",Not Applicable,"MASSACHUSETTS GENERAL HOSPITAL", ,2000,342000,
"NEUROFIBROMATOSIS TYPE 1 GENE FUNCTION","NINDS","6319184",3R01NS036084-04S1,3,R01,NS,036084,04,S1,,"1882456","HARIHARAN, ISWAR K",Not Applicable,"MASSACHUSETTS GENERAL HOSPITAL", ,2000,50000,
"NEUROFIBROMATOSIS TYPE 1 GENE FUNCTION","NINDS","2892208",5R01NS036084-04,5,R01,NS,036084,04,,,"1882456","HARIHARAN, ISWAR K",Not Applicable,"MASSACHUSETTS GENERAL HOSPITAL", ,1999,253870,
"NEUROFIBROMATOSIS TYPE 1 GENE FUNCTION","NINDS","2750962",5R01NS036084-03,5,R01,NS,036084,03,,,"1882456","HARIHARAN, ISWAR K",Not Applicable,"MASSACHUSETTS GENERAL HOSPITAL", ,1998,244108,
"NEUROFIBROMATOSIS TYPE 1 GENE FUNCTION","NINDS","2460673",5R01NS036084-02,5,R01,NS,036084,02,,,"1882456","HARIHARAN, ISWAR K",Not Applicable,"MASSACHUSETTS GENERAL HOSPITAL", ,1997,234716,
"NEUROFIBROMATOSIS TYPE 1 GENE FUNCTION","NINDS","2274999",1R01NS036084-01,1,R01,NS,036084,01,,,"1882456","HARIHARAN, ISWAR K",Not Applicable,"MASSACHUSETTS GENERAL HOSPITAL", ,1996,225690,
"REGULATION OF CELL DIVISION IN THE DEVELOPING RETINA","NEI","6342653",5R01EY011632-05,5,R01,EY,011632,05,,,"1882456","HARIHARAN, ISWAR K.",Not Applicable,"MASSACHUSETTS GENERAL HOSP", ,2001,271875,
"REGULATION OF CELL DIVISION IN THE DEVELOPING RETINA","NEI","6138203",5R01EY011632-04,5,R01,EY,011632,04,,,"1882456","HARIHARAN, ISWAR K.",Not Applicable,"MASSACHUSETTS GENERAL HOSP", ,2000,263956,
"A novel strategy for identifying genes that regulate eye development","NEI","8696867",5R21EY023924-02,5,R21,EY,023924,02,,,"1882456","HARIHARAN, ISWAR K.",Not Applicable,"UNIVERSITY OF CALIFORNIA BERKELEY", ,2014,182964,
"A novel strategy for identifying genes that regulate eye development","NEI","8599120",1R21EY023924-01,1,R21,EY,023924,01,,,"1882456","HARIHARAN, ISWAR K.",Not Applicable,"UNIVERSITY OF CALIFORNIA BERKELEY", ,2013,226083,
"Regulation of Cell and Organ Size in Vivo","NIGMS","8990001",5R01GM061672-15,5,R01,GM,061672,15,,,"1882456","HARIHARAN, ISWAR K.",Not Applicable,"UNIVERSITY OF CALIFORNIA BERKELEY", ,2016,302747,
"Regulation of Cell and Organ Size in Vivo","NIGMS","8788271",5R01GM061672-14,5,R01,GM,061672,14,,,"1882456","HARIHARAN, ISWAR K.",Not Applicable,"UNIVERSITY OF CALIFORNIA BERKELEY", ,2015,330018,
"Regulation of Cell and Organ Size in Vivo","NIGMS","8653258",2R01GM061672-13,2,R01,GM,061672,13,,,"1882456","HARIHARAN, ISWAR K.",Not Applicable,"UNIVERSITY OF CALIFORNIA BERKELEY", ,2014,302241,
"Regulation of cell and organ size in vivo","NIGMS","8323352",5R01GM061672-12,5,R01,GM,061672,12,,,"1882456","HARIHARAN, ISWAR K.",Not Applicable,"UNIVERSITY OF CALIFORNIA BERKELEY", ,2012,294618,
"Regulation of cell and organ size in vivo","NIGMS","8136621",5R01GM061672-11,5,R01,GM,061672,11,,,"1882456","HARIHARAN, ISWAR K.",Not Applicable,"UNIVERSITY OF CALIFORNIA BERKELEY", ,2011,295188,
"Regulation of cell and organ size in vivo","NIGMS","7906974",5R01GM061672-10,5,R01,GM,061672,10,,,"1882456","HARIHARAN, ISWAR K.",Not Applicable,"UNIVERSITY OF CALIFORNIA BERKELEY", ,2010,298694,
"Regulation of cell and organ size in vivo","NIGMS","7730081",2R01GM061672-09,2,R01,GM,061672,09,,,"1882456","HARIHARAN, ISWAR K.",Not Applicable,"UNIVERSITY OF CALIFORNIA BERKELEY", ,2009,302191,
"Regulation of cell and organ size in vivo","NIGMS","7491000",5R01GM061672-08,5,R01,GM,061672,08,,,"1882456","HARIHARAN, ISWAR K.",Not Applicable,"UNIVERSITY OF CALIFORNIA BERKELEY", ,2008,259422,
"Regulation of cell and organ size in vivo","NIGMS","7214090",5R01GM061672-07,5,R01,GM,061672,07,,,"1882456","HARIHARAN, ISWAR K.",Not Applicable,"UNIVERSITY OF CALIFORNIA BERKELEY", ,2007,259422,
"Regulation of cell and organ size in vivo","NIGMS","7020072",5R01GM061672-06,5,R01,GM,061672,06,,,"1882456","HARIHARAN, ISWAR K.",Not Applicable,"UNIVERSITY OF CALIFORNIA BERKELEY", ,2006,267170,
"Identifying novel strategies to promote tissue regeneration","NIGMS","9101807",5R01GM085576-07,5,R01,GM,085576,07,,,"1882456","HARIHARAN, ISWAR K.",Not Applicable,"UNIVERSITY OF CALIFORNIA BERKELEY", ,2016,321758,
"Identifying novel strategies to promote tissue regeneration","NIGMS","8894520",5R01GM085576-06,5,R01,GM,085576,06,,,"1882456","HARIHARAN, ISWAR K.",Not Applicable,"UNIVERSITY OF CALIFORNIA BERKELEY", ,2015,321989,
"Identifying novel strategies to promote tissue regeneration","NIGMS","8787605",2R01GM085576-05A1,2,R01,GM,085576,05,A1,,"1882456","HARIHARAN, ISWAR K.",Not Applicable,"UNIVERSITY OF CALIFORNIA BERKELEY", ,2014,321230,
"Identifying novel strategies to promote tissue regeneration","NIGMS","8704017",3R01GM085576-04S1,3,R01,GM,085576,04,S1,,"1882456","HARIHARAN, ISWAR K.",Not Applicable,"UNIVERSITY OF CALIFORNIA BERKELEY", ,2013,99668,
"Identifying novel strategies to promote tissue regeneration","NIGMS","8118452",5R01GM085576-04,5,R01,GM,085576,04,,,"1882456","HARIHARAN, ISWAR K.",Not Applicable,"UNIVERSITY OF CALIFORNIA BERKELEY", ,2011,292625,
"Identifying novel strategies to promote tissue regeneration","NIGMS","7894434",5R01GM085576-03,5,R01,GM,085576,03,,,"1882456","HARIHARAN, ISWAR K.",Not Applicable,"UNIVERSITY OF CALIFORNIA BERKELEY", ,2010,296251,
"Identifying novel strategies to promote tissue regeneration","NIGMS","8007543",3R01GM085576-02S1,3,R01,GM,085576,02,S1,,"1882456","HARIHARAN, ISWAR K.",Not Applicable,"UNIVERSITY OF CALIFORNIA BERKELEY",YES,2010,138614,
"Identifying novel strategies to promote tissue regeneration","NIGMS","7647272",5R01GM085576-02,5,R01,GM,085576,02,,,"1882456","HARIHARAN, ISWAR K.",Not Applicable,"UNIVERSITY OF CALIFORNIA BERKELEY", ,2009,299857,
"Identifying novel strategies to promote tissue regeneration","NIGMS","7514679",1R01GM085576-01,1,R01,GM,085576,01,,,"1882456","HARIHARAN, ISWAR K.",Not Applicable,"UNIVERSITY OF CALIFORNIA BERKELEY", ,2008,300416,

