----------------------------------------------------------------------------------Search Criteria:  Search in: Projects 		AdminIC: All; Principal Investigator / Project Leader: MAGWENE; PAUL MITAARI; Fiscal Year: 2016; 2015; 2014; 2013; 2012; 2011; 2010; 2009; 2008; 2007; 2006; 2005; 2004; 2003; 2002; 2001; 2000; 1999; 1998; 1997; 1996 ----------------------------------------------------------------------------------Project Title,Administering  IC,Application ID,Project Number,Type,Activity,IC,Serial Number,Support Year,Suffix,Subproject Number ,Contact PI  Person ID,Contact PI / Project Leader,Other PI or Project Leader(s),Organization Name,ARRA Indicator,FY,FY Total Cost ,FY Total Cost  (Sub Projects),
"Computational Biology and Bioinformatics Training Program","NIGMS","8934027",2T32GM071340-11,2,T32,GM,071340,11,,,"10546807","MAGWENE, PAUL MITAARI",Not Applicable,"DUKE UNIVERSITY", ,2016,230530,
"Project 5","NIGMS","8290361",5P50GM081883-05,5,P50,GM,081883,05,,0005,"10546807","MAGWENE, PAUL MITAARI",Not Applicable,"DUKE UNIVERSITY", ,2011,,467295
"Project 5","NIGMS","8098862",5P50GM081883-04,5,P50,GM,081883,04,,0005,"10546807","MAGWENE, PAUL MITAARI",Not Applicable,"DUKE UNIVERSITY", ,2010,,473776
"Project 5","NIGMS","7884340",5P50GM081883-03,5,P50,GM,081883,03,,0005,"10546807","MAGWENE, PAUL MITAARI",Not Applicable,"DUKE UNIVERSITY", ,2009,,466397
"Project 5","NIGMS","7642552",5P50GM081883-02,5,P50,GM,081883,02,,0005,"10546807","MAGWENE, PAUL MITAARI",Not Applicable,"DUKE UNIVERSITY", ,2008,,454573
"Project 5","NIGMS","7433604",1P50GM081883-01,1,P50,GM,081883,01,,0005,"10546807","MAGWENE, PAUL MITAARI",Not Applicable,"DUKE UNIVERSITY", ,2007,,371258
"High throughput S. cerevisiae HAM; GWA & QT/QTL architecture","NIGMS","8664407",5R01GM098287-04,5,R01,GM,098287,04,,,"1858381","MCCUSKER, JOHN H. ","DIETRICH, FRED S;MAGWENE, PAUL MITAARI;STONE, ERIC A","DUKE UNIVERSITY", ,2014,411163,
"High throughput S. cerevisiae HAM; GWA & QT/QTL architecture","NIGMS","8471722",5R01GM098287-03,5,R01,GM,098287,03,,,"1858381","MCCUSKER, JOHN H. ","DIETRICH, FRED S;MAGWENE, PAUL MITAARI;STONE, ERIC A","DUKE UNIVERSITY", ,2013,406347,
"High throughput S. cerevisiae HAM; GWA & QT/QTL architecture","NIGMS","8318601",5R01GM098287-02,5,R01,GM,098287,02,,,"1858381","MCCUSKER, JOHN H. ","DIETRICH, FRED S;MAGWENE, PAUL MITAARI;STONE, ERIC A","DUKE UNIVERSITY", ,2012,664995,
"High throughput S. cerevisiae HAM; GWA & QT/QTL architecture","NIGMS","8158968",1R01GM098287-01,1,R01,GM,098287,01,,,"1858381","MCCUSKER, JOHN H. ","DIETRICH, FRED S;MAGWENE, PAUL MITAARI;STONE, ERIC A","DUKE UNIVERSITY", ,2011,593014,

