----------------------------------------------------------------------------------Search Criteria:  Search in: Projects 		AdminIC: All; Principal Investigator / Project Leader: CURTSINGER; JAMES W; Fiscal Year: 2016; 2015; 2014; 2013; 2012; 2011; 2010; 2009; 2008; 2007; 2006; 2005; 2004; 2003; 2002; 2001; 2000; 1999; 1998; 1997; 1996 ----------------------------------------------------------------------------------Project Title,Administering  IC,Application ID,Project Number,Type,Activity,IC,Serial Number,Support Year,Suffix,Subproject Number ,Contact PI  Person ID,Contact PI / Project Leader,Other PI or Project Leader(s),Organization Name,ARRA Indicator,FY,FY Total Cost ,FY Total Cost  (Sub Projects),
"BIODEMOGRAPHIC DROSOPHILA EXPERIMENTS","NIA","6594731",3P01AG008761-13S4,3,P01,AG,008761,13,S4,0004,"6207037","CURTSINGER, JAMES W",Not Applicable,"DUKE UNIVERSITY", ,2002,,178517
"BIODEMOGRAPHIC DROSOPHILA EXPERIMENTS","NIA","6563278",5P01AG008761-13,5,P01,AG,008761,13,,0004,"6207037","CURTSINGER, JAMES W",Not Applicable,"DUKE UNIVERSITY", ,2002,,178517
"BIODEMOGRAPHIC DROSOPHILA EXPERIMENTS","NIA","6411199",5P01AG008761-12,5,P01,AG,008761,12,,0004,"6207037","CURTSINGER, JAMES W",Not Applicable,"DUKE UNIVERSITY", ,2001,,389479
"BIODEMOGRAPHIC DROSOPHILA EXPERIMENTS","NIA","6356979",3P01AG008761-11S6,3,P01,AG,008761,11,S6,0004,"6207037","CURTSINGER, JAMES W",Not Applicable,"DUKE UNIVERSITY", ,2000,,389479
"BIODEMOGRAPHIC DROSOPHILA EXPERIMENTS","NIA","6347179",3P01AG008761-11S5,3,P01,AG,008761,11,S5,0004,"6207037","CURTSINGER, JAMES W",Not Applicable,"DUKE UNIVERSITY", ,2000,,389479
"BIODEMOGRAPHIC DROSOPHILA EXPERIMENTS","NIA","6299283",5P01AG008761-11,5,P01,AG,008761,11,,0004,"6207037","CURTSINGER, JAMES W",Not Applicable,"DUKE UNIVERSITY", ,2000,,249135
"BIODEMOGRAPHIC DROSOPHILA EXPERIMENTS","NIA","6098220",2P01AG008761-10,2,P01,AG,008761,10,,0004,"6207037","CURTSINGER, JAMES W",Not Applicable,"DUKE UNIVERSITY", ,1999,,249135
"OLDEST-OLD MORTALITY AND DISABILITY FOR DROSOPHILA","NIA","6267458",5P01AG008761-09,5,P01,AG,008761,09,,0004,"6207037","CURTSINGER, JAMES W",Not Applicable,"DUKE UNIVERSITY", ,1998,,259676
"OLDEST-OLD MORTALITY AND DISABILITY FOR DROSOPHILA","NIA","6234229",5P01AG008761-08,5,P01,AG,008761,08,,0004,"6207037","CURTSINGER, JAMES W",Not Applicable,"DUKE UNIVERSITY", ,1997,,259663
"OLDEST-OLD MORTALITY AND DISABILITY FOR DROSOPHILA","NIA","5204637",5P01AG008761-07,5,P01,AG,008761,07,,0004,"6207037","CURTSINGER, JAMES W",Not Applicable,"", ,1996,,,,,
"QTL MAPPING OF LONGEVITY GENES IN DROSOPHILA","NIA","6624587",5R01AG011722-10,5,R01,AG,011722,10,,,"1878072","CURTSINGER, JAMES W",Not Applicable,"UNIVERSITY OF MINNESOTA TWIN CITIES", ,2003,269805,
"QTL MAPPING OF LONGEVITY GENES IN DROSOPHILA","NIA","6475595",5R01AG011722-09,5,R01,AG,011722,09,,,"1878072","CURTSINGER, JAMES W",Not Applicable,"UNIVERSITY OF MINNESOTA TWIN CITIES", ,2002,261991,
"QTL MAPPING OF LONGEVITY GENES IN DROSOPHILA","NIA","6328619",5R01AG011722-08,5,R01,AG,011722,08,,,"1878072","CURTSINGER, JAMES W",Not Applicable,"UNIVERSITY OF MINNESOTA TWIN CITIES", ,2001,254401,
"QTL MAPPING OF LONGEVITY GENES IN DROSOPHILA","NIA","6124100",5R01AG011722-07,5,R01,AG,011722,07,,,"1878072","CURTSINGER, JAMES W",Not Applicable,"UNIVERSITY OF MINNESOTA TWIN CITIES", ,2000,267038,
"QTL MAPPING OF LONGEVITY GENES IN DROSOPHILA","NIA","2825376",2R01AG011722-06,2,R01,AG,011722,06,,,"1878072","CURTSINGER, JAMES W",Not Applicable,"UNIVERSITY OF MINNESOTA TWIN CITIES", ,1999,117576,
"QTL MAPPING OF LONGEVITY GENES IN DROSOPHILA","NIA","2863805",3R01AG011722-05S1,3,R01,AG,011722,05,S1,,"1878072","CURTSINGER, JAMES W",Not Applicable,"UNIVERSITY OF MINNESOTA TWIN CITIES", ,1998,112545,
"QTL-MAPPING OF LONGEVITY GENES IN DROSOPHILA","NIA","2516973",5R01AG011722-05,5,R01,AG,011722,05,,,"1878072","CURTSINGER, JAMES W",Not Applicable,"UNIVERSITY OF MINNESOTA TWIN CITIES", ,1997,225090,
"QTL-MAPPING OF LONGEVITY GENES IN DROSOPHILA","NIA","2052934",5R01AG011722-04,5,R01,AG,011722,04,,,"1878072","CURTSINGER, JAMES W",Not Applicable,"UNIVERSITY OF MINNESOTA TWIN CITIES", ,1996,211045,

