----------------------------------------------------------------------------------Search Criteria:  Search in: Projects 		AdminIC: All; Principal Investigator / Project Leader: CIMINO; JAMES J; Fiscal Year: 2016; 2015; 2014; 2013; 2012; 2011; 2010; 2009; 2008; 2007; 2006; 2005; 2004; 2003; 2002; 2001; 2000; 1999; 1998; 1997; 1996 ----------------------------------------------------------------------------------Project Title,Administering  IC,Application ID,Project Number,Type,Activity,IC,Serial Number,Support Year,Suffix,Subproject Number ,Contact PI  Person ID,Contact PI / Project Leader,Other PI or Project Leader(s),Organization Name,ARRA Indicator,FY,FY Total Cost ,FY Total Cost  (Sub Projects),
"CONTROLLED VOCABULARY IN PRIMARY CARE ELECTRONIC RECORDS","NLM","2032369",5U01LM005857-03,5,U01,LM,005857,03,,,"1949501","CIMINO, JAMES J.",Not Applicable,"COLUMBIA UNIVERSITY HEALTH SCIENCES", ,1996,400934,
"MEDICAL INFORMATICS RESEARCH TRAINING AT COLUMBIA","NLM","2873004",5T15LM007079-08,5,T15,LM,007079,08,,,"1949501","CIMINO, JAMES J.",Not Applicable,"COLUMBIA UNIVERSITY HEALTH SCIENCES", ,1999,696102,
"MEDICAL INFORMATICS RESEARCH TRAINING AT COLUMBIA","NLM","2655331",5T15LM007079-07,5,T15,LM,007079,07,,,"1949501","CIMINO, JAMES J.",Not Applicable,"COLUMBIA UNIVERSITY HEALTH SCIENCES", ,1998,696687,
"Infobuttons to Improve Information Access in Order Entry","NLM","7216920",5R01LM007593-05,5,R01,LM,007593,05,,,"1949501","CIMINO, JAMES J.",Not Applicable,"COLUMBIA UNIVERSITY HEALTH SCIENCES", ,2007,519078,
"Infobuttons to Improve Information Access in Order Entry","NLM","7009327",5R01LM007593-04,5,R01,LM,007593,04,,,"1949501","CIMINO, JAMES J.",Not Applicable,"COLUMBIA UNIVERSITY HEALTH SCIENCES", ,2006,538318,
"Infobuttons to Improve Information Access in Order Entry","NLM","6821555",2R01LM007593-03,2,R01,LM,007593,03,,,"1949501","CIMINO, JAMES J.",Not Applicable,"COLUMBIA UNIVERSITY HEALTH SCIENCES", ,2005,563826,
"Infobuttons to Improve Clinicians' Access to Information","NLM","6651130",5R01LM007593-02,5,R01,LM,007593,02,,,"1949501","CIMINO, JAMES J.",Not Applicable,"COLUMBIA UNIVERSITY HEALTH SCIENCES", ,2003,388750,
"Infobuttons to Improve Clinicians' Access to Information","NLM","6521990",1R01LM007593-01,1,R01,LM,007593,01,,,"1949501","CIMINO, JAMES J.",Not Applicable,"COLUMBIA UNIVERSITY HEALTH SCIENCES", ,2002,382017,
"Semantic and Machine Learning Methods for Mining Connections in the UMLS","NLM","7299922",1R21LM009638-01,1,R21,LM,009638,01,,,"1949501","CIMINO, JAMES J.",Not Applicable,"COLUMBIA UNIVERSITY HEALTH SCIENCES", ,2007,181125,
"NATIONAL COLLABORATORY FOR HEALTH CARE INFORMATION","NLM","2686620",N01LM043513-012,,N01,LM,,,,,"1949501","CIMINO, JAMES J.",Not Applicable,"COLUMBIA UNIV NEW YORK MORNINGSIDE", ,1998,,,,,
"NATIONAL COLLABORATORY FOR HEALTH CARE INFORMATION","NLM","2607519",N01LM043513-011,,N01,LM,,,,,"1949501","CIMINO, JAMES J.",Not Applicable,"COLUMBIA UNIV NEW YORK MORNINGSIDE", ,1997,,,,,
"NATIONAL COLLABORATORY FOR HEALTH CARE INFORMATION","NLM","2460782",N01LM043513-009,,N01,LM,,,,,"1949501","CIMINO, JAMES J.",Not Applicable,"COLUMBIA UNIV NEW YORK MORNINGSIDE", ,1997,,,,,
"NATIONAL COLLABORATORY FOR HEALTH CARE INFORMATION","NLM","2319723",N01LM043513-006,,N01,LM,,,,,"1949501","CIMINO, JAMES J.",Not Applicable,"COLUMBIA UNIV NEW YORK MORNINGSIDE", ,1996,,,,,
"NATIONAL COLLABORATORY FOR HEALTH CARE INFORMATION","NLM","2319722",N01LM043513-005,,N01,LM,,,,,"1949501","CIMINO, JAMES J.",Not Applicable,"COLUMBIA UNIV NEW YORK MORNINGSIDE", ,1996,370000,
"APPLICATIONS FOR THE NATIONAL INFORMATION INFRASTRUCTURE","NLM","6294973",N01LM063542-006,,N01,LM,,,,,"1949501","CIMINO, JAMES J.",Not Applicable,"COLUMBIA UNIV NEW YORK MORNINGSIDE", ,2000,363065,
"APPLICATIONS FOR THE NATIONAL INFORMATION INFRASTRUCTURE","NLM","6160206",N01LM063542-005,,N01,LM,,,,,"1949501","CIMINO, JAMES J.",Not Applicable,"COLUMBIA UNIV NEW YORK MORNINGSIDE", ,1999,,,,,
"APPLICATIONS FOR THE NATIONAL INFORMATION INFRASTRUCTURE","NLM","2719324",N01LM063542-004,,N01,LM,,,,,"1949501","CIMINO, JAMES J.",Not Applicable,"COLUMBIA UNIV NEW YORK MORNINGSIDE", ,1998,,,,,
"INFORMATICS FOR THE NATIONAL HEART ATTACK ALERT PROGRAM","NLM","6327208",N01LM093534-003,,N01,LM,,,,,"1949501","CIMINO, JAMES J.",Not Applicable,"COLUMBIA UNIVERSITY HEALTH SCIENCES", ,2000,101720,
"INFORMATICS FOR THE NATIONAL HEART ATTACK ALERT PROGRAM","NLM","6262798",N01LM093534-2-0-0,,N01,LM,,,,,"1949501","CIMINO, JAMES J.",Not Applicable,"COLUMBIA UNIVERSITY HEALTH SCIENCES", ,2000,,,,,
"INFORMATICS FOR THE NATIONAL HEART ATTACK ALERT PROGRAM","NLM","6163653",N01LM093534-001,,N01,LM,,,,,"1949501","CIMINO, JAMES J.",Not Applicable,"COLUMBIA UNIVERSITY HEALTH SCIENCES", ,1999,100000,
"INFORMATICS FOR THE NATIONAL HEART ATTACK ALERT PROGRAM","NLM","6160221",N01LM093534-000,,N01,LM,,,,,"1949501","CIMINO, JAMES J.",Not Applicable,"COLUMBIA UNIVERSITY HEALTH SCIENCES", ,1999,837286,

