----------------------------------------------------------------------------------Search Criteria:  Search in: Projects 		AdminIC: All; Principal Investigator / Project Leader: PALMER; JEFFREY D; Fiscal Year: 2016; 2015; 2014; 2013; 2012; 2011; 2010; 2009; 2008; 2007; 2006; 2005; 2004; 2003; 2002; 2001; 2000; 1999; 1998; 1997; 1996 ----------------------------------------------------------------------------------Project Title,Administering  IC,Application ID,Project Number,Type,Activity,IC,Serial Number,Support Year,Suffix,Subproject Number ,Contact PI  Person ID,Contact PI / Project Leader,Other PI or Project Leader(s),Organization Name,ARRA Indicator,FY,FY Total Cost ,FY Total Cost  (Sub Projects),
"Transfer of Organelle Genes to the Nucleus","NIGMS","6724896",5R01GM035087-21,5,R01,GM,035087,21,,,"1863306","PALMER, JEFFREY D",Not Applicable,"INDIANA UNIVERSITY BLOOMINGTON", ,2004,389108,
"Transfer of Organelle Genes to the Nucleus","NIGMS","6635926",5R01GM035087-20,5,R01,GM,035087,20,,,"1863306","PALMER, JEFFREY D",Not Applicable,"INDIANA UNIVERSITY BLOOMINGTON", ,2003,378190,
"Transfer of Organelle Genes to the Nucleus","NIGMS","6519180",5R01GM035087-19,5,R01,GM,035087,19,,,"1863306","PALMER, JEFFREY D",Not Applicable,"INDIANA UNIVERSITY BLOOMINGTON", ,2002,367586,
"Transfer of Organelle Genes to the Nucleus","NIGMS","6334091",2R01GM035087-18,2,R01,GM,035087,18,,,"1863306","PALMER, JEFFREY D",Not Applicable,"INDIANA UNIVERSITY BLOOMINGTON", ,2001,357286,
"TRANSFER OF ORGANELLE GENES TO THE NUCLEUS","NIGMS","6125288",5R01GM035087-17,5,R01,GM,035087,17,,,"1863306","PALMER, JEFFREY D",Not Applicable,"INDIANA UNIVERSITY BLOOMINGTON", ,2000,293696,
"TRANSFER OF ORGANELLE GENES TO THE NUCLEUS","NIGMS","2838513",5R01GM035087-16,5,R01,GM,035087,16,,,"1863306","PALMER, JEFFREY D",Not Applicable,"INDIANA UNIVERSITY BLOOMINGTON", ,1999,285232,
"TRANSFER OF ORGANELLE GENES TO THE NUCLEUS","NIGMS","2608838",5R01GM035087-15,5,R01,GM,035087,15,,,"1863306","PALMER, JEFFREY D",Not Applicable,"INDIANA UNIVERSITY BLOOMINGTON", ,1998,277012,
"TRANSFER OF ORGANELLE GENES TO THE NUCLEUS","NIGMS","2022047",2R01GM035087-14,2,R01,GM,035087,14,,,"1863306","PALMER, JEFFREY D",Not Applicable,"INDIANA UNIVERSITY BLOOMINGTON", ,1997,269031,
"TRANSFER OF ORGANELLE GENES TO THE NUCLEUS","NIGMS","2177728",5R01GM035087-13,5,R01,GM,035087,13,,,"1863306","PALMER, JEFFREY D",Not Applicable,"INDIANA UNIVERSITY BLOOMINGTON", ,1996,279735,
"Horizontal Gene Transfer in Multicellular Eukaryotes","NIGMS","7348367",5R01GM070612-04,5,R01,GM,070612,04,,,"1863306","PALMER, JEFFREY D",Not Applicable,"INDIANA UNIVERSITY BLOOMINGTON", ,2008,390141,
"Horizontal Gene Transfer in Multicellular Eukaryotes","NIGMS","7174292",5R01GM070612-03,5,R01,GM,070612,03,,,"1863306","PALMER, JEFFREY D",Not Applicable,"INDIANA UNIVERSITY BLOOMINGTON", ,2007,390174,
"Horizontal Gene Transfer in Multicellular Eukaryotes","NIGMS","7009271",5R01GM070612-02,5,R01,GM,070612,02,,,"1863306","PALMER, JEFFREY D",Not Applicable,"INDIANA UNIVERSITY BLOOMINGTON", ,2006,390209,
"Horizontal Gene Transfer in Multicellular Eukaryotes","NIGMS","6875514",1R01GM070612-01A1,1,R01,GM,070612,01,A1,,"1863306","PALMER, JEFFREY D",Not Applicable,"INDIANA UNIVERSITY BLOOMINGTON", ,2005,389940,
"Genomic studies of chimeric mitochondria in cybrids from Solanaceae","FIC","8076901",5R03TW008353-03,5,R03,TW,008353,03,,,"1863306","PALMER, JEFFREY D",Not Applicable,"INDIANA UNIVERSITY BLOOMINGTON", ,2011,58628,
"Genomic studies of chimeric mitochondria in cybrids from Solanaceae","FIC","7911843",5R03TW008353-02,5,R03,TW,008353,02,,,"1863306","PALMER, JEFFREY D",Not Applicable,"INDIANA UNIVERSITY BLOOMINGTON", ,2010,53843,
"Genomic studies of chimeric mitochondria in cybrids from Solanaceae","FIC","7694547",1R03TW008353-01,1,R03,TW,008353,01,,,"1863306","PALMER, JEFFREY D",Not Applicable,"INDIANA UNIVERSITY BLOOMINGTON", ,2009,53354,

