----------------------------------------------------------------------------------Search Criteria:  Search in: Projects 		AdminIC: All; Principal Investigator / Project Leader: BECK; JEFFREY; Fiscal Year: 2016; 2015; 2014; 2013; 2012; 2011; 2010; 2009; 2008; 2007; 2006; 2005; 2004; 2003; 2002; 2001; 2000; 1999; 1998; 1997; 1996 ----------------------------------------------------------------------------------Project Title,Administering  IC,Application ID,Project Number,Type,Activity,IC,Serial Number,Support Year,Suffix,Subproject Number ,Contact PI  Person ID,Contact PI / Project Leader,Other PI or Project Leader(s),Organization Name,ARRA Indicator,FY,FY Total Cost ,FY Total Cost  (Sub Projects),
"NOVEL DRUG TARGETS FOR CANDIDA ALBICANS","NIAID","2070811",5U01AI035262-03,5,U01,AI,035262,03,,,"1964484","BECKER, JEFFREY M.",Not Applicable,"UNIVERSITY OF TENNESSEE KNOXVILLE", ,1996,263415,
"Peptide-Cell Interactions in Saccharomyces cerevisiae","NIGMS","8119564",5R01GM022087-34,5,R01,GM,022087,34,,,"1964484","BECKER, JEFFREY M. ","NAIDER, FRED R","UNIVERSITY OF TENNESSEE KNOXVILLE", ,2011,660495,
"Peptide-Cell Interactions in Saccharomyces cerevisiae","NIGMS","8126668",3R01GM022087-33S1,3,R01,GM,022087,33,S1,,"1964484","BECKER, JEFFREY M. ","NAIDER, FRED R","UNIVERSITY OF TENNESSEE KNOXVILLE",YES,2010,284180,
"Peptide-Cell Interactions in Saccharomyces cerevisiae","NIGMS","7903368",5R01GM022087-33,5,R01,GM,022087,33,,,"1964484","BECKER, JEFFREY M. ","NAIDER, FRED R","UNIVERSITY OF TENNESSEE KNOXVILLE", ,2010,667164,
"Peptide-Cell Interactions in Saccharomyces cerevisiae","NIGMS","7658711",5R01GM022087-32,5,R01,GM,022087,32,,,"1964484","BECKER, JEFFREY M. ","NAIDER, FRED R","UNIVERSITY OF TENNESSEE KNOXVILLE", ,2009,654274,
"Peptide-Cell Interactions in Saccharomyces cerevisiae","NIGMS","7465971",2R01GM022087-31A2,2,R01,GM,022087,31,A2,,"1964484","BECKER, JEFFREY M. ","NAIDER, FRED R","UNIVERSITY OF TENNESSEE KNOXVILLE", ,2008,646970,
"Peptide-Cell Interactions in Saccharomyces cerevisiae","NIGMS","7474121",2R56GM022087-31A1,2,R56,GM,022087,31,A1,,"1964484","BECKER, JEFFREY M.",Not Applicable,"UNIVERSITY OF TENNESSEE KNOXVILLE", ,2007,293999,
"Peptide-Cell Interactions in Saccharomyces cerevisiae","NIGMS","7002252",5R01GM022087-30,5,R01,GM,022087,30,,,"1964484","BECKER, JEFFREY M.",Not Applicable,"UNIVERSITY OF TENNESSEE KNOXVILLE", ,2006,290317,
"Peptide-Cell Interactions in Saccharomyces cerevisiae","NIGMS","6838177",5R01GM022087-29,5,R01,GM,022087,29,,,"1964484","BECKER, JEFFREY M.",Not Applicable,"UNIVERSITY OF TENNESSEE KNOXVILLE", ,2005,297303,
"Peptide-Cell Interactions in Saccharomyces cerevisiae","NIGMS","6688341",5R01GM022087-28,5,R01,GM,022087,28,,,"1964484","BECKER, JEFFREY M.",Not Applicable,"UNIVERSITY OF TENNESSEE KNOXVILLE", ,2004,297303,
"Peptide-Cell Interactions in Saccharomyces cerevisiae","NIGMS","6580547",2R01GM022087-27,2,R01,GM,022087,27,,,"1964484","BECKER, JEFFREY M.",Not Applicable,"UNIVERSITY OF TENNESSEE KNOXVILLE", ,2003,297303,
"PEPTIDE/CELL INTERACTIONS IN SACCHAROMYCES CEREVISIAE","NIGMS","6489961",5R01GM022087-26,5,R01,GM,022087,26,,,"1964484","BECKER, JEFFREY M.",Not Applicable,"UNIVERSITY OF TENNESSEE KNOXVILLE", ,2002,263698,
"PEPTIDE/CELL INTERACTIONS IN SACCHAROMYCES CEREVISIAE","NIGMS","6342763",5R01GM022087-25,5,R01,GM,022087,25,,,"1964484","BECKER, JEFFREY M.",Not Applicable,"UNIVERSITY OF TENNESSEE KNOXVILLE", ,2001,256133,
"PEPTIDE/CELL INTERACTIONS IN SACCHAROMYCES CEREVISIAE","NIGMS","6138364",5R01GM022087-24,5,R01,GM,022087,24,,,"1964484","BECKER, JEFFREY M.",Not Applicable,"UNIVERSITY OF TENNESSEE KNOXVILLE", ,2000,248789,
"PEPTIDE/CELL INTERACTIONS IN SACCHAROMYCES CEREVISIAE","NIGMS","2759792",2R01GM022087-23,2,R01,GM,022087,23,,,"1964484","BECKER, JEFFREY M.",Not Applicable,"UNIVERSITY OF TENNESSEE KNOXVILLE", ,1999,241659,
"PEPTIDE-CELL INTERACTIONS IN SACCHAROMYCES CEREVISIAE","NIGMS","2634613",5R01GM022087-22,5,R01,GM,022087,22,,,"1964484","BECKER, JEFFREY M.",Not Applicable,"UNIVERSITY OF TENNESSEE KNOXVILLE", ,1998,243166,
"PEPTIDE-CELL INTERACTIONS IN SACCHAROMYCES CEREVISIAE","NIGMS","2021749",5R01GM022087-21,5,R01,GM,022087,21,,,"1964484","BECKER, JEFFREY M.",Not Applicable,"UNIVERSITY OF TENNESSEE KNOXVILLE", ,1997,234037,
"PEPTIDE-CELL INTERACTIONS IN SACCHAROMYCES CEREVISIAE","NIGMS","2173867",5R01GM022087-20,5,R01,GM,022087,20,,,"1964484","BECKER, JEFFREY M.",Not Applicable,"UNIVERSITY OF TENNESSEE KNOXVILLE", ,1996,225262,
"The quiesome and signalosome of a model GPCR","NIGMS","9039104",5R01GM112496-03,5,R01,GM,112496,03,,,"1964484","BECKER, JEFFREY M.",Not Applicable,"UNIVERSITY OF TENNESSEE KNOXVILLE", ,2016,276260,
"The quiesome and signalosome of a model GPCR","NIGMS","8898156",5R01GM112496-02,5,R01,GM,112496,02,,,"1964484","BECKER, JEFFREY M.",Not Applicable,"UNIVERSITY OF TENNESSEE KNOXVILLE", ,2015,276260,
"The quiesome and signalosome of a model GPCR","NIGMS","8787890",1R01GM112496-01,1,R01,GM,112496,01,,,"1964484","BECKER, JEFFREY M.",Not Applicable,"UNIVERSITY OF TENNESSEE KNOXVILLE", ,2014,276260,
"Depth of Field Imaging for Digital Slide Scanning","NIBIB","6737366",1R43EB003235-01,1,R43,EB,003235,01,,,"7012274","BECKSTEAD, JEFFREY A",Not Applicable,"INTERSCOPE TECHNOLOGIES, INC.", ,2004,118900,

