----------------------------------------------------------------------------------Search Criteria:  Search in: Projects 		AdminIC: All; Principal Investigator / Project Leader: MORGAN; JEFFREY R; Fiscal Year: 2016; 2015; 2014; 2013; 2012; 2011; 2010; 2009; 2008; 2007; 2006; 2005; 2004; 2003; 2002; 2001; 2000; 1999; 1998; 1997; 1996 ----------------------------------------------------------------------------------Project Title,Administering  IC,Application ID,Project Number,Type,Activity,IC,Serial Number,Support Year,Suffix,Subproject Number ,Contact PI  Person ID,Contact PI / Project Leader,Other PI or Project Leader(s),Organization Name,ARRA Indicator,FY,FY Total Cost ,FY Total Cost  (Sub Projects),
"GENETIC MODIFICATION OF EPIDERMAL STEM CELLS OF THE SKIN","NIAMS","2006299",5R29AR042012-04,5,R29,AR,042012,04,,,"1931920","MORGAN, JEFFREY R",Not Applicable,"MASSACHUSETTS GENERAL HOSPITAL", ,1997,95499,
"GENETIC MODIFICATION OF EPIDERMAL STEM CELLS OF THE SKIN","NIAMS","2081204",5R29AR042012-03,5,R29,AR,042012,03,,,"1931920","MORGAN, JEFFREY R",Not Applicable,"MASSACHUSETTS GENERAL HOSPITAL", ,1996,91830,
"MOLECULAR ANALYSIS OF THE T(11--18) MALTOMA BREAKPOINT","NCI","2854080",7K08CA072744-03,7,K08,CA,072744,03,,,"1931920","MORGAN, JEFFREY R",Not Applicable,"DANA-FARBER CANCER INSTITUTE", ,1998,44494,
"MOLECULAR ANALYSIS OF THE T(11--18) MALTOMA BREAKPOINT","NCI","2654244",5K08CA072744-02,5,K08,CA,072744,02,,,"1931920","MORGAN, JEFFREY R",Not Applicable,"BRIGHAM AND WOMEN'S HOSPITAL", ,1998,34489,
"MOLECULAR ANALYSIS OF THE T(11--18) MALTOMA BREAKPOINT","NCI","2010808",1K08CA072744-01,1,K08,CA,072744,01,,,"1931920","MORGAN, JEFFREY R",Not Applicable,"BRIGHAM AND WOMEN'S HOSPITAL", ,1997,81000,
"Directed Self Assembly of Complex Branching Micro-Tissues","NIBIB","7914348",5R01EB008664-02,5,R01,EB,008664,02,,,"1931920","MORGAN, JEFFREY R ","FREUND, LAMBERT ","BROWN UNIVERSITY",YES,2010,336585,
"Directed Self Assembly of Complex Branching Micro-Tissues","NIBIB","7691637",1R01EB008664-01A1,1,R01,EB,008664,01,A1,,"1931920","MORGAN, JEFFREY R ","FREUND, LAMBERT ","BROWN UNIVERSITY",YES,2009,324860,
"MODULATING THE LOCAL IMMUNE MICROENVIRONMENT TO PROLONG ALLOGRAFT SURVIVAL","NICHD","6713565",5P01HD028528-10,5,P01,HD,028528,10,,0004,"1931920","MORGAN, JEFFREY R",Not Applicable,"UNIVERSITY OF UTAH", ,2003,,204124
"CORE--MOLECULAR BIOLOGY AND GENE TRANSFECTION","NICHD","6713569",5P01HD028528-10,5,P01,HD,028528,10,,9002,"1931920","MORGAN, JEFFREY R",Not Applicable,"UNIVERSITY OF UTAH", ,2003,,204124
"MODULATING THE LOCAL IMMUNE MICROENVIRONMENT TO PROLONG ALLOGRAFT SURVIVAL","NICHD","6564700",5P01HD028528-09,5,P01,HD,028528,09,,0004,"1931920","MORGAN, JEFFREY R",Not Applicable,"UNIVERSITY OF UTAH", ,2002,,204124
"CORE--MOLECULAR BIOLOGY AND GENE TRANSFECTION","NICHD","6564705",5P01HD028528-09,5,P01,HD,028528,09,,9002,"1931920","MORGAN, JEFFREY R",Not Applicable,"UNIVERSITY OF UTAH", ,2002,,204124
"MODULATING THE LOCAL IMMUNE MICROENVIRONMENT TO PROLONG ALLOGRAFT SURVIVAL","NICHD","6447070",5P01HD028528-08,5,P01,HD,028528,08,,0004,"1931920","MORGAN, JEFFREY R",Not Applicable,"UNIVERSITY OF UTAH", ,2001,,204124
"CORE--MOLECULAR BIOLOGY AND GENE TRANSFECTION","NICHD","6447075",5P01HD028528-08,5,P01,HD,028528,08,,9002,"1931920","MORGAN, JEFFREY R",Not Applicable,"UNIVERSITY OF UTAH", ,2001,,204124
"MODULATING THE LOCAL IMMUNE MICROENVIRONMENT TO PROLONG ALLOGRAFT SURVIVAL","NICHD","6301970",5P01HD028528-07,5,P01,HD,028528,07,,0004,"1931920","MORGAN, JEFFREY R",Not Applicable,"UNIVERSITY OF UTAH", ,2000,,187990
"CORE--MOLECULAR BIOLOGY AND GENE TRANSFECTION","NICHD","6301975",5P01HD028528-07,5,P01,HD,028528,07,,9002,"1931920","MORGAN, JEFFREY R",Not Applicable,"UNIVERSITY OF UTAH", ,2000,,187990
"MODULATING THE LOCAL IMMUNE MICROENVIRONMENT TO PROLONG ALLOGRAFT SURVIVAL","NICHD","6108604",2P01HD028528-06A1,2,P01,HD,028528,06,A1,0004,"1931920","MORGAN, JEFFREY R",Not Applicable,"UNIVERSITY OF UTAH", ,1999,,187990
"CORE--MOLECULAR BIOLOGY AND GENE TRANSFECTION","NICHD","6108608",2P01HD028528-06A1,2,P01,HD,028528,06,A1,9002,"1931920","MORGAN, JEFFREY R",Not Applicable,"UNIVERSITY OF UTAH", ,1999,,187990
"CORE--MOLECULAR BIOLOGY AND GENE TRANSFECTION","NICHD","6272213",5P01HD028528-05S1,5,P01,HD,028528,05,S1,9002,"1931920","MORGAN, JEFFREY R",Not Applicable,"UNIVERSITY OF UTAH", ,1998,,39471

