----------------------------------------------------------------------------------Search Criteria:  Search in: Projects 		AdminIC: All; Principal Investigator / Project Leader: DUDLEY; JOEL T; Fiscal Year: 2016; 2015; 2014; 2013; 2012; 2011; 2010; 2009; 2008; 2007; 2006; 2005; 2004; 2003; 2002; 2001; 2000; 1999; 1998; 1997; 1996 ----------------------------------------------------------------------------------Project Title,Administering  IC,Application ID,Project Number,Type,Activity,IC,Serial Number,Support Year,Suffix,Subproject Number ,Contact PI  Person ID,Contact PI / Project Leader,Other PI or Project Leader(s),Organization Name,ARRA Indicator,FY,FY Total Cost ,FY Total Cost  (Sub Projects),
"Integrative informatics approach to develop safe glucocorticoid therapies","NIGMS","9223338",3R01GM112945-02S1,3,R01,GM,112945,02,S1,,"3144802","BUDUNOVA, IRINA  ","DUDLEY, JOEL THOMAS","NORTHWESTERN UNIVERSITY AT CHICAGO", ,2016,100000,
"Integrative informatics approach to develop safe glucocorticoid therapies","NIGMS","9127282",5R01GM112945-02,5,R01,GM,112945,02,,,"3144802","BUDUNOVA, IRINA  ","DUDLEY, JOEL THOMAS","NORTHWESTERN UNIVERSITY AT CHICAGO", ,2016,486475,
"Integrative informatics approach to develop safe glucocorticoid therapies","NIGMS","8965299",1R01GM112945-01A1,1,R01,GM,112945,01,A1,,"3144802","BUDUNOVA, IRINA  ","DUDLEY, JOEL THOMAS","NORTHWESTERN UNIVERSITY AT CHICAGO", ,2015,516794,
"Network Based Predictive Drug Discovery for Alzheimer's Disease","NIA","8849718",1R34AG049649-01,1,R34,AG,049649,01,,,"10144647","DUDLEY, JOEL THOMAS ","GANDY, SAMUEL E.","ICAHN SCHOOL OF MEDICINE AT MOUNT SINAI", ,2014,366497,
"Methods for Evolutionary Informed Network Analysis to Discover Disease Variation","NIDDK","9041579",4R01DK098242-04,4,R01,DK,098242,04,,,"10144647","DUDLEY, JOEL THOMAS",Not Applicable,"ICAHN SCHOOL OF MEDICINE AT MOUNT SINAI", ,2016,414562,
"Methods for Evolutionary Informed Network Analysis to Discover Disease Variation","NIDDK","8826738",5R01DK098242-03,5,R01,DK,098242,03,,,"10144647","DUDLEY, JOEL THOMAS",Not Applicable,"ICAHN SCHOOL OF MEDICINE AT MOUNT SINAI", ,2015,414562,
"Methods for Evolutionary Informed Network Analysis to Discover Disease Variation","NIDDK","8627167",5R01DK098242-02,5,R01,DK,098242,02,,,"10144647","DUDLEY, JOEL THOMAS",Not Applicable,"ICAHN SCHOOL OF MEDICINE AT MOUNT SINAI", ,2014,414442,
"Methods for Evolutionary Informed Network Analysis to Discover Disease Variation","NIDDK","8482670",1R01DK098242-01,1,R01,DK,098242,01,,,"10144647","DUDLEY, JOEL THOMAS",Not Applicable,"ICAHN SCHOOL OF MEDICINE AT MOUNT SINAI", ,2013,431460,
"Mount Sinai's Knowledge Management Center for Illuminating the Druggable Genome","NCI","9325632",3U54CA189201-02S1,3,U54,CA,189201,02,S1,,"7869507","MA'AYAN, AVI  ","DUDLEY, JOEL THOMAS","ICAHN SCHOOL OF MEDICINE AT MOUNT SINAI", ,2016,562000,
"Data Organization Core","NCI","8934413",5U54CA189201-02,5,U54,CA,189201,02,,7798,"7869507","MA'AYAN, AVI  ","DUDLEY, JOEL THOMAS","ICAHN SCHOOL OF MEDICINE AT MOUNT SINAI", ,2015,,407203
"User Interface Portal","NCI","8934414",5U54CA189201-02,5,U54,CA,189201,02,,7807,"7869507","MA'AYAN, AVI  ","DUDLEY, JOEL THOMAS","ICAHN SCHOOL OF MEDICINE AT MOUNT SINAI", ,2015,,121681
"Administrative Core","NCI","8934415",5U54CA189201-02,5,U54,CA,189201,02,,7808,"7869507","MA'AYAN, AVI  ","DUDLEY, JOEL THOMAS","ICAHN SCHOOL OF MEDICINE AT MOUNT SINAI", ,2015,,92437
"Mount Sinai's Knowledge Management Center for Illuminating the Druggable Genome","NCI","8898032",5U54CA189201-02,5,U54,CA,189201,02,,,"7869507","MA'AYAN, AVI  ","DUDLEY, JOEL THOMAS","ICAHN SCHOOL OF MEDICINE AT MOUNT SINAI", ,2015,621321,
"Data Organization Core","NCI","8934410",1U54CA189201-01,1,U54,CA,189201,01,,7798,"7869507","MA'AYAN, AVI  ","DUDLEY, JOEL THOMAS","ICAHN SCHOOL OF MEDICINE AT MOUNT SINAI", ,2014,,449160
"User Interface Portal","NCI","8934411",1U54CA189201-01,1,U54,CA,189201,01,,7807,"7869507","MA'AYAN, AVI  ","DUDLEY, JOEL THOMAS","ICAHN SCHOOL OF MEDICINE AT MOUNT SINAI", ,2014,,72103
"Administrative Core","NCI","8934412",1U54CA189201-01,1,U54,CA,189201,01,,7808,"7869507","MA'AYAN, AVI  ","DUDLEY, JOEL THOMAS","ICAHN SCHOOL OF MEDICINE AT MOUNT SINAI", ,2014,,100058
"Mount Sinai's Knowledge Management Center for Illuminating the Druggable Genome","NCI","8785466",1U54CA189201-01,1,U54,CA,189201,01,,,"7869507","MA'AYAN, AVI  ","DUDLEY, JOEL THOMAS","ICAHN SCHOOL OF MEDICINE AT MOUNT SINAI", ,2014,621321,

