----------------------------------------------------------------------------------Search Criteria:  Search in: Projects 		AdminIC: All; Principal Investigator / Project Leader: LIS; JOHN THOMAS; Fiscal Year: 2016; 2015; 2014; 2013; 2012; 2011; 2010; 2009; 2008; 2007; 2006; 2005; 2004; 2003; 2002; 2001; 2000; 1999; 1998; 1997; 1996 ----------------------------------------------------------------------------------Project Title,Administering  IC,Application ID,Project Number,Type,Activity,IC,Serial Number,Support Year,Suffix,Subproject Number ,Contact PI  Person ID,Contact PI / Project Leader,Other PI or Project Leader(s),Organization Name,ARRA Indicator,FY,FY Total Cost ,FY Total Cost  (Sub Projects),
"Predoctoral Training in Cellular and Molecular Biology","NIGMS","6894422",2T32GM007273-31,2,T32,GM,007273,31,,,"1863266","LIS, JOHN THOMAS",Not Applicable,"CORNELL UNIVERSITY ITHACA", ,2005,617052,
"PREDOCTORAL TRAINING IN CELLULAR AND MOLECULAR BIOLOGY","NIGMS","6762413",5T32GM007273-30,5,T32,GM,007273,30,,,"1863266","LIS, JOHN THOMAS",Not Applicable,"CORNELL UNIVERSITY ITHACA", ,2004,485580,
"PREDOCTORAL TRAINING IN CELLULAR AND MOLECULAR BIOLOGY","NIGMS","6603846",5T32GM007273-29,5,T32,GM,007273,29,,,"1863266","LIS, JOHN THOMAS",Not Applicable,"CORNELL UNIVERSITY ITHACA", ,2003,517847,
"PREDOCTORAL TRAINING IN CELLULAR AND MOLECULAR BIOLOGY","NIGMS","6498631",5T32GM007273-28,5,T32,GM,007273,28,,,"1863266","LIS, JOHN THOMAS",Not Applicable,"CORNELL UNIVERSITY ITHACA", ,2002,486536,
"PREDOCTORAL TRAINING IN CELLULAR AND MOLECULAR BIOLOGY","NIGMS","6350946",5T32GM007273-27,5,T32,GM,007273,27,,,"1863266","LIS, JOHN THOMAS",Not Applicable,"CORNELL UNIVERSITY ITHACA", ,2001,454464,
"PREDOCTORAL TRAINING IN CELLULAR AND MOLECULAR BIOLOGY","NIGMS","6011870",2T32GM007273-26,2,T32,GM,007273,26,,,"1863266","LIS, JOHN THOMAS",Not Applicable,"CORNELL UNIVERSITY ITHACA", ,2000,429581,
"PREDOCTORAL TRAINING IN CELLULAR AND MOLECULAR BIOLOGY","NIGMS","2872437",5T32GM007273-25,5,T32,GM,007273,25,,,"1863266","LIS, JOHN THOMAS",Not Applicable,"CORNELL UNIVERSITY ITHACA", ,1999,531052,
"PREDOCTORAL TRAINING IN CELLULAR AND MOLECULAR BIOLOGY","NIGMS","2654721",5T32GM007273-24,5,T32,GM,007273,24,,,"1863266","LIS, JOHN THOMAS",Not Applicable,"CORNELL UNIVERSITY ITHACA", ,1998,470777,
"Coordinate Gene Regulation in Animal Cells","NIGMS","7067944",3R01GM025232-28S1,3,R01,GM,025232,28,S1,,"1863266","LIS, JOHN THOMAS",Not Applicable,"CORNELL UNIVERSITY ITHACA", ,2005,56026,
"Coordinate Gene Regulation in Animal Cells","NIGMS","6929645",2R01GM025232-28,2,R01,GM,025232,28,,,"1863266","LIS, JOHN THOMAS",Not Applicable,"CORNELL UNIVERSITY ITHACA", ,2005,511165,
"COORDINATE GENE REGULATION IN ANIMAL CELLS","NIGMS","6732682",5R37GM025232-27,5,R37,GM,025232,27,,,"1863266","LIS, JOHN THOMAS",Not Applicable,"CORNELL UNIVERSITY ITHACA", ,2004,551330,
"COORDINATE GENE REGULATION IN ANIMAL CELLS","NIGMS","6830673",3R37GM025232-26S1,3,R37,GM,025232,26,S1,,"1863266","LIS, JOHN THOMAS",Not Applicable,"CORNELL UNIVERSITY ITHACA", ,2004,22784,
"COORDINATE GENE REGULATION IN ANIMAL CELLS","NIGMS","6635824",5R37GM025232-26,5,R37,GM,025232,26,,,"1863266","LIS, JOHN THOMAS",Not Applicable,"CORNELL UNIVERSITY ITHACA", ,2003,487415,
"COORDINATE GENE REGULATION IN ANIMAL CELLS","NIGMS","6518963",5R37GM025232-25,5,R37,GM,025232,25,,,"1863266","LIS, JOHN THOMAS",Not Applicable,"CORNELL UNIVERSITY ITHACA", ,2002,475675,
"COORDINATE GENE REGULATION IN ANIMAL CELLS","NIGMS","6385331",5R37GM025232-24,5,R37,GM,025232,24,,,"1863266","LIS, JOHN THOMAS",Not Applicable,"CORNELL UNIVERSITY ITHACA", ,2001,464278,
"COORDINATE GENE REGULATION IN ANIMAL CELLS","NIGMS","2893792",4R37GM025232-23,4,R37,GM,025232,23,,,"1863266","LIS, JOHN THOMAS",Not Applicable,"CORNELL UNIVERSITY ITHACA", ,2000,456210,
"COORDINATE GENE REGULATION IN ANIMAL CELLS","NIGMS","2900513",5R37GM025232-22,5,R37,GM,025232,22,,,"1863266","LIS, JOHN THOMAS",Not Applicable,"CORNELL UNIVERSITY ITHACA", ,1999,434046,
"COORDINATE GENE REGULATION IN ANIMAL CELLS","NIGMS","2684693",5R37GM025232-21,5,R37,GM,025232,21,,,"1863266","LIS, JOHN THOMAS",Not Applicable,"CORNELL UNIVERSITY ITHACA", ,1998,417352,
"COORDINATE GENE REGULATION IN ANIMAL CELLS","NIGMS","2391853",5R37GM025232-20,5,R37,GM,025232,20,,,"1863266","LIS, JOHN THOMAS",Not Applicable,"CORNELL UNIVERSITY ITHACA", ,1997,401298,
"COORDINATE GENE REGULATION IN ANIMAL CELLS","NIGMS","2174403",5R37GM025232-19,5,R37,GM,025232,19,,,"1863266","LIS, JOHN THOMAS",Not Applicable,"CORNELL UNIVERSITY ITHACA", ,1996,361567,
"TRANSCRIPTIONALLY ACTIVE CHROMATIN","NIGMS","2608883",5R01GM040918-09,5,R01,GM,040918,09,,,"1863266","LIS, JOHN THOMAS",Not Applicable,"CORNELL UNIVERSITY ITHACA", ,1998,177877,
"TRANSCRIPTIONALLY ACTIVE CHROMATIN","NIGMS","2022256",5R01GM040918-08,5,R01,GM,040918,08,,,"1863266","LIS, JOHN THOMAS",Not Applicable,"CORNELL UNIVERSITY ITHACA", ,1997,171134,
"TRANSCRIPTIONALLY ACTIVE CHROMATIN","NIGMS","2180618",5R01GM040918-07,5,R01,GM,040918,07,,,"1863266","LIS, JOHN THOMAS",Not Applicable,"CORNELL UNIVERSITY ITHACA", ,1996,164648,
"RNA aptamer probes of transcriptional mechanisms in vivo","NIGMS","6863707",5R01GM060411-06,5,R01,GM,060411,06,,,"1863266","LIS, JOHN THOMAS",Not Applicable,"CORNELL UNIVERSITY ITHACA", ,2005,296605,
"RNA aptamer probes of transcriptional mechanisms in vivo","NIGMS","6776813",2R01GM060411-05,2,R01,GM,060411,05,,,"1863266","LIS, JOHN THOMAS",Not Applicable,"CORNELL UNIVERSITY ITHACA", ,2004,292462,
"RNA APTAMER PROBES OF TRANSCRIPTIONAL MECHANISMS IN VIVO","NIGMS","6627250",5R01GM060411-04,5,R01,GM,060411,04,,,"1863266","LIS, JOHN THOMAS",Not Applicable,"CORNELL UNIVERSITY ITHACA", ,2003,193780,
"RNA APTAMER PROBES OF TRANSCRIPTIONAL MECHANISMS IN VIVO","NIGMS","6490193",5R01GM060411-03,5,R01,GM,060411,03,,,"1863266","LIS, JOHN THOMAS",Not Applicable,"CORNELL UNIVERSITY ITHACA", ,2002,188229,
"RNA APTAMER PROBES OF TRANSCRIPTIONAL MECHANISMS IN VIVO","NIGMS","6343089",5R01GM060411-02,5,R01,GM,060411,02,,,"1863266","LIS, JOHN THOMAS",Not Applicable,"CORNELL UNIVERSITY ITHACA", ,2001,185115,
"RNA APTAMER PROBES OF TRANSCRIPTIONAL MECHANISMS IN VIVO","NIGMS","6032084",1R01GM060411-01,1,R01,GM,060411,01,,,"1863266","LIS, JOHN THOMAS",Not Applicable,"CORNELL UNIVERSITY ITHACA", ,2000,194598,

