----------------------------------------------------------------------------------Search Criteria:  Search in: Projects 		AdminIC: All; Principal Investigator / Project Leader: BOYLE; JON P; Fiscal Year: 2016; 2015; 2014; 2013; 2012; 2011; 2010; 2009; 2008; 2007; 2006; 2005; 2004; 2003; 2002; 2001; 2000; 1999; 1998; 1997; 1996 ----------------------------------------------------------------------------------Project Title,Administering  IC,Application ID,Project Number,Type,Activity,IC,Serial Number,Support Year,Suffix,Subproject Number ,Contact PI  Person ID,Contact PI / Project Leader,Other PI or Project Leader(s),Organization Name,ARRA Indicator,FY,FY Total Cost ,FY Total Cost  (Sub Projects),
"Virulence genes in recombinant strains of Toxoplasma","NIAID","7201644",5F32AI060306-03,5,F32,AI,060306,03,,,"2044271","BOYLE, JON P",Not Applicable,"STANFORD UNIVERSITY", ,2007,52048,
"Virulence genes in recombinant strains of Toxoplasma","NIAID","7062090",5F32AI060306-02,5,F32,AI,060306,02,,,"2044271","BOYLE, JON P",Not Applicable,"STANFORD UNIVERSITY", ,2006,50428,
"Virulence genes in recombinant strains of Toxoplasma","NIAID","6885290",1F32AI060306-01A1,1,F32,AI,060306,01,A1,,"2044271","BOYLE, JON P",Not Applicable,"STANFORD UNIVERSITY", ,2005,48296,
"Molecular mechanisms of pathogenesis in Toxoplasma","NIAID","7871477",5K22AI080977-02,5,K22,AI,080977,02,,,"2044271","BOYLE, JON P",Not Applicable,"UNIVERSITY OF PITTSBURGH AT PITTSBURGH", ,2010,108000,
"Molecular mechanisms of pathogenesis in Toxoplasma","NIAID","7575496",1K22AI080977-01,1,K22,AI,080977,01,,,"2044271","BOYLE, JON P",Not Applicable,"UNIVERSITY OF PITTSBURGH AT PITTSBURGH", ,2009,160480,
"A novel approach to characterize the Toxoplasma gondii secretome in vivo","NIAID","8424237",5R21AI093906-02,5,R21,AI,093906,02,,,"2044271","BOYLE, JON P",Not Applicable,"UNIVERSITY OF PITTSBURGH AT PITTSBURGH", ,2013,183574,
"A novel approach to characterize the Toxoplasma gondii secretome in vivo","NIAID","8243008",1R21AI093906-01A1,1,R21,AI,093906,01,A1,,"2044271","BOYLE, JON P",Not Applicable,"UNIVERSITY OF PITTSBURGH AT PITTSBURGH", ,2012,234492,
"Cyst effector gene families and Toxoplasma pathogenesis","NIAID","8791301",5R21AI110351-02,5,R21,AI,110351,02,,,"2044271","BOYLE, JON P",Not Applicable,"UNIVERSITY OF PITTSBURGH AT PITTSBURGH", ,2015,192500,
"Cyst effector gene families and Toxoplasma pathogenesis","NIAID","8731035",1R21AI110351-01A1,1,R21,AI,110351,01,A1,,"2044271","BOYLE, JON P",Not Applicable,"UNIVERSITY OF PITTSBURGH AT PITTSBURGH", ,2014,229875,
"Effector diversification and Toxoplasma virulence","NIAID","8966636",5R01AI114655-02,5,R01,AI,114655,02,,,"2044271","BOYLE, JON P",Not Applicable,"UNIVERSITY OF PITTSBURGH AT PITTSBURGH", ,2016,353590,
"Effector diversification and Toxoplasma virulence","NIAID","8797733",1R01AI114655-01,1,R01,AI,114655,01,,,"2044271","BOYLE, JON P",Not Applicable,"UNIVERSITY OF PITTSBURGH AT PITTSBURGH", ,2015,367090,
"Comparative and functional genomics of Toxoplasma and Hammondia hammondi","NIAID","9090012",5R01AI116855-02,5,R01,AI,116855,02,,,"2044271","BOYLE, JON P",Not Applicable,"UNIVERSITY OF PITTSBURGH AT PITTSBURGH", ,2016,357348,
"Comparative and functional genomics of Toxoplasma and Hammondia hammondi","NIAID","8861405",1R01AI116855-01,1,R01,AI,116855,01,,,"2044271","BOYLE, JON P",Not Applicable,"UNIVERSITY OF PITTSBURGH AT PITTSBURGH", ,2015,370848,
"CHARACTERIZATION OF AN ANCIENT SEROTONIN TRANSPORTER","NIMH","6530828",5F31MH012992-02,5,F31,MH,012992,02,,,"2044271","BOYLE, JON P",Not Applicable,"UNIVERSITY OF WISCONSIN MADISON", ,2002,29127,
"CHARACTERIZATION OF AN ANCIENT SEROTONIN TRANSPORTER","NIMH","6294919",1F31MH012992-01,1,F31,MH,012992,01,,,"2044271","BOYLE, JON P",Not Applicable,"UNIVERSITY OF WISCONSIN MADISON", ,2001,28464,

