----------------------------------------------------------------------------------Search Criteria:  Search in: Projects 		AdminIC: All; Principal Investigator / Project Leader: GITLIN; JONATHAN D; Fiscal Year: 2016; 2015; 2014; 2013; 2012; 2011; 2010; 2009; 2008; 2007; 2006; 2005; 2004; 2003; 2002; 2001; 2000; 1999; 1998; 1997; 1996 ----------------------------------------------------------------------------------Project Title,Administering  IC,Application ID,Project Number,Type,Activity,IC,Serial Number,Support Year,Suffix,Subproject Number ,Contact PI  Person ID,Contact PI / Project Leader,Other PI or Project Leader(s),Organization Name,ARRA Indicator,FY,FY Total Cost ,FY Total Cost  (Sub Projects),
"Conducting Child Health Care Research in Vulnerable Populations","NICHD","8064765",5T32HD060554-03,5,T32,HD,060554,03,,,"8551030","COOPER, WILLIAM O. ","GITLIN, JONATHAN DAVID","VANDERBILT UNIVERSITY", ,2011,353282,
"Biological Roles of Copper in Human Nutrition","NIDDK","8817276",5R37DK044464-25,5,R37,DK,044464,25,,,"1862931","GITLIN, JONATHAN DAVID",Not Applicable,"MARINE BIOLOGICAL LABORATORY", ,2015,327260,
"Biological Roles of Copper in Human Nutrition","NIDDK","8616051",5R37DK044464-24,5,R37,DK,044464,24,,,"1862931","GITLIN, JONATHAN DAVID",Not Applicable,"MARINE BIOLOGICAL LABORATORY", ,2014,327260,
"Biological Roles of Copper in Human Nutrition","NIDDK","8432481",5R37DK044464-23,5,R37,DK,044464,23,,,"1862931","GITLIN, JONATHAN DAVID",Not Applicable,"MARINE BIOLOGICAL LABORATORY", ,2013,315805,
"Biological Roles of Copper in Human Nutrition","NIDDK","8452870",7R37DK044464-22,7,R37,DK,044464,22,,,"1862931","GITLIN, JONATHAN DAVID",Not Applicable,"MARINE BIOLOGICAL LABORATORY", ,2012,327260,
"Biological Roles of Copper in Human Nutrition","NIDDK","8132629",4R37DK044464-20,4,R37,DK,044464,20,,,"1862931","GITLIN, JONATHAN DAVID",Not Applicable,"VANDERBILT UNIVERSITY", ,2011,319058,
"Biological Roles of Copper in Human Nutrition","NIDDK","7740183",5R37DK044464-19,5,R37,DK,044464,19,,,"1862931","GITLIN, JONATHAN DAVID",Not Applicable,"VANDERBILT UNIVERSITY", ,2010,286322,
"Biological Roles of Copper in Human Nutrition","NIDDK","7533464",5R37DK044464-18,5,R37,DK,044464,18,,,"1862931","GITLIN, JONATHAN DAVID",Not Applicable,"VANDERBILT UNIVERSITY", ,2009,289214,
"Biological Roles of Copper in Human Nutrition","NIDDK","7679185",7R37DK044464-17,7,R37,DK,044464,17,,,"1862931","GITLIN, JONATHAN DAVID",Not Applicable,"VANDERBILT UNIVERSITY", ,2008,145160,
"Biological Roles of Copper in Human Nutrition","NIDDK","7322532",5R37DK044464-16,5,R37,DK,044464,16,,,"1862931","GITLIN, JONATHAN DAVID",Not Applicable,"WASHINGTON UNIVERSITY", ,2008,141228,
"Biological Roles of Copper in Human Nutrition","NIDDK","7273584",5R37DK044464-15,5,R37,DK,044464,15,,,"1862931","GITLIN, JONATHAN DAVID",Not Applicable,"WASHINGTON UNIVERSITY", ,2007,292793,
"Biological Roles of Copper in Human Nutrition","NIDDK","7028734",2R37DK044464-14,2,R37,DK,044464,14,,,"1862931","GITLIN, JONATHAN DAVID",Not Applicable,"WASHINGTON UNIVERSITY", ,2006,336141,
"BIOLOGICAL ROLES OF COPPER IN HUMAN NUTRITION","NIDDK","6797195",5R01DK044464-13,5,R01,DK,044464,13,,,"1862931","GITLIN, JONATHAN DAVID",Not Applicable,"WASHINGTON UNIVERSITY", ,2004,308000,
"BIOLOGICAL ROLES OF COPPER IN HUMAN NUTRITION","NIDDK","6651957",5R01DK044464-12,5,R01,DK,044464,12,,,"1862931","GITLIN, JONATHAN DAVID",Not Applicable,"WASHINGTON UNIVERSITY", ,2003,308000,
"BIOLOGICAL ROLES OF COPPER IN HUMAN NUTRITION","NIDDK","6524128",5R01DK044464-11,5,R01,DK,044464,11,,,"1862931","GITLIN, JONATHAN DAVID",Not Applicable,"WASHINGTON UNIVERSITY", ,2002,308000,
"BIOLOGICAL ROLES OF COPPER IN HUMAN NUTRITION","NIDDK","6380705",5R01DK044464-10,5,R01,DK,044464,10,,,"1862931","GITLIN, JONATHAN DAVID",Not Applicable,"WASHINGTON UNIVERSITY", ,2001,308000,
"BIOLOGICAL ROLES OF COPPER IN HUMAN NUTRITION","NIDDK","6197822",2R01DK044464-09,2,R01,DK,044464,09,,,"1862931","GITLIN, JONATHAN DAVID",Not Applicable,"WASHINGTON UNIVERSITY", ,2000,297944,
"BIOLOGICAL ROLES OF COPPER IN HUMAN NUTRITION","NIDDK","2905465",5R01DK044464-08,5,R01,DK,044464,08,,,"1862931","GITLIN, JONATHAN DAVID",Not Applicable,"WASHINGTON UNIVERSITY", ,1999,193885,
"BIOLOGICAL ROLES OF COPPER IN HUMAN NUTRITION","NIDDK","2796570",5R01DK044464-07,5,R01,DK,044464,07,,,"1862931","GITLIN, JONATHAN DAVID",Not Applicable,"WASHINGTON UNIVERSITY", ,1998,190309,
"BIOLOGICAL ROLES OF COPPER IN HUMAN NUTRITION","NIDDK","2545698",5R01DK044464-06,5,R01,DK,044464,06,,,"1862931","GITLIN, JONATHAN DAVID",Not Applicable,"WASHINGTON UNIVERSITY", ,1997,186869,
"BIOLOGICAL ROLES OF COPPER IN HUMAN NUTRITION","NIDDK","2143810",2R01DK044464-05,2,R01,DK,044464,05,,,"1862931","GITLIN, JONATHAN DAVID",Not Applicable,"WASHINGTON UNIVERSITY", ,1996,183564,
"COPPER IN PEDIATRIC LIVER DISEASES","NIDDK","6495379",5P01DK056783-02,5,P01,DK,056783,02,,0004,"1862931","GITLIN, JONATHAN DAVID",Not Applicable,"WASHINGTON UNIVERSITY", ,2001,,175576
"COPPER IN PEDIATRIC LIVER DISEASES","NIDDK","6331788",1P01DK056783-01,1,P01,DK,056783,01,,0004,"1862931","GITLIN, JONATHAN DAVID",Not Applicable,"WASHINGTON UNIVERSITY", ,2000,,175576
"The Role of Copper in Pediatric Liver Disease","NIDDK","7541461",5R01DK061763-11,5,R01,DK,061763,11,,,"1862931","GITLIN, JONATHAN DAVID",Not Applicable,"VANDERBILT UNIVERSITY", ,2009,275999,
"The Role of Copper in Pediatric Liver Disease","NIDDK","7741190",7R01DK061763-10,7,R01,DK,061763,10,,,"1862931","GITLIN, JONATHAN DAVID",Not Applicable,"VANDERBILT UNIVERSITY", ,2008,126791,
"The Role of Copper in Pediatric Liver Disease","NIDDK","7326856",5R01DK061763-09,5,R01,DK,061763,09,,,"1862931","GITLIN, JONATHAN DAVID",Not Applicable,"WASHINGTON UNIVERSITY", ,2008,149548,
"The Role of Copper in Pediatric Liver Disease","NIDDK","7155557",5R01DK061763-08,5,R01,DK,061763,08,,,"1862931","GITLIN, JONATHAN DAVID",Not Applicable,"WASHINGTON UNIVERSITY", ,2007,280714,
"The Role of Copper in Pediatric Liver Disease","NIDDK","7036717",5R01DK061763-07,5,R01,DK,061763,07,,,"1862931","GITLIN, JONATHAN DAVID",Not Applicable,"WASHINGTON UNIVERSITY", ,2006,289098,
"The Role of Copper in Pediatric Liver Disease","NIDDK","6825887",2R01DK061763-06,2,R01,DK,061763,06,,,"1862931","GITLIN, JONATHAN DAVID",Not Applicable,"WASHINGTON UNIVERSITY", ,2005,317555,
"THE ROLE OF COPPER IN PEDIATRIC LIVER DISEASE","NIDDK","6688347",5R01DK061763-05,5,R01,DK,061763,05,,,"1862931","GITLIN, JONATHAN DAVID",Not Applicable,"WASHINGTON UNIVERSITY", ,2004,272537,
"THE ROLE OF COPPER IN PEDIATRIC LIVER DISEASE","NIDDK","6635412",5R01DK061763-04,5,R01,DK,061763,04,,,"1862931","GITLIN, JONATHAN DAVID",Not Applicable,"WASHINGTON UNIVERSITY", ,2003,263688,
"THE ROLE OF COPPER IN PEDIATRIC LIVER DISEASE","NIDDK","6517999",5R01DK061763-03,5,R01,DK,061763,03,,,"1862931","GITLIN, JONATHAN DAVID",Not Applicable,"WASHINGTON UNIVERSITY", ,2002,267075,
"THE ROLE OF COPPER IN PEDIATRIC LIVER DISEASE","NIDDK","6484059",5R01DK061763-02,5,R01,DK,061763,02,,,"1862931","GITLIN, JONATHAN DAVID",Not Applicable,"WASHINGTON UNIVERSITY", ,2001,133703,
"MECHANISMS OF CHILDHOOD INFECTION AND IMMUNITY","NICHD","6125519",5T32HD007507-03,5,T32,HD,007507,03,,,"1862931","GITLIN, JONATHAN DAVID",Not Applicable,"WASHINGTON UNIVERSITY", ,2000,188455,
"MECHANISMS OF CHILDHOOD INFECTION AND IMMUNITY","NICHD","2838712",5T32HD007507-02,5,T32,HD,007507,02,,,"1862931","GITLIN, JONATHAN DAVID",Not Applicable,"WASHINGTON UNIVERSITY", ,1999,193616,
"MECHANISMS OF CHILDHOOD INFECTION AND IMMUNITY","NICHD","2544786",1T32HD007507-01,1,T32,HD,007507,01,,,"1862931","GITLIN, JONATHAN DAVID",Not Applicable,"WASHINGTON UNIVERSITY", ,1998,76791,
"MECHANISMS OF GROWTH AND THE OVERGROWTH SYNDROMES","NICHD","6895276",5P01HD039952-05,5,P01,HD,039952,05,,,"1862931","GITLIN, JONATHAN DAVID",Not Applicable,"WASHINGTON UNIVERSITY", ,2005,1195356,
"MECHANISMS OF GROWTH AND THE OVERGROWTH SYNDROMES","NICHD","6737561",5P01HD039952-04,5,P01,HD,039952,04,,,"1862931","GITLIN, JONATHAN DAVID",Not Applicable,"WASHINGTON UNIVERSITY", ,2004,1165236,
"MECHANISMS OF GROWTH AND THE OVERGROWTH SYNDROMES","NICHD","6638003",5P01HD039952-03,5,P01,HD,039952,03,,,"1862931","GITLIN, JONATHAN DAVID",Not Applicable,"WASHINGTON UNIVERSITY", ,2003,1135614,
"MECHANISMS OF GROWTH AND THE OVERGROWTH SYNDROMES","NICHD","6536286",5P01HD039952-02,5,P01,HD,039952,02,,,"1862931","GITLIN, JONATHAN DAVID",Not Applicable,"WASHINGTON UNIVERSITY", ,2002,1114476,
"MECHANISMS OF GROWTH AND THE OVERGROWTH SYNDROMES","NICHD","6288561",1P01HD039952-01,1,P01,HD,039952,01,,,"1862931","GITLIN, JONATHAN DAVID",Not Applicable,"WASHINGTON UNIVERSITY", ,2001,1088472,
"Conducting Child Health Care Research in Vulnerable Populations","NICHD","7802203",5T32HD060554-02,5,T32,HD,060554,02,,,"1862931","GITLIN, JONATHAN DAVID ","COOPER, WILLIAM O.","VANDERBILT UNIVERSITY", ,2010,250831,
"Conducting Child Health Care Research in Vulnerable Populations","NICHD","7630875",1T32HD060554-01,1,T32,HD,060554,01,,,"1862931","GITLIN, JONATHAN DAVID ","COOPER, WILLIAM O.","VANDERBILT UNIVERSITY", ,2009,248874,
"DEVELOPMENTAL REGULATION OF FETAL ANTIOXIDANT EXPRESSION","NHLBI","6330035",5R01HL041536-13,5,R01,HL,041536,13,,,"1862931","GITLIN, JONATHAN DAVID",Not Applicable,"WASHINGTON UNIVERSITY", ,2001,259074,
"DEVELOPMENTAL REGULATION OF FETAL ANTIOXIDANT EXPRESSION","NHLBI","6125769",5R01HL041536-12,5,R01,HL,041536,12,,,"1862931","GITLIN, JONATHAN DAVID",Not Applicable,"WASHINGTON UNIVERSITY", ,2000,253491,
"DEVELOPMENTAL REGULATION OF FETAL ANTIOXIDANT EXPRESSION","NHLBI","2838947",5R01HL041536-11,5,R01,HL,041536,11,,,"1862931","GITLIN, JONATHAN DAVID",Not Applicable,"WASHINGTON UNIVERSITY", ,1999,257915,
"DEVELOPMENTAL REGULATION OF FETAL ANTIOXIDANT EXPRESSION","NHLBI","2609267",5R01HL041536-10,5,R01,HL,041536,10,,,"1862931","GITLIN, JONATHAN DAVID",Not Applicable,"WASHINGTON UNIVERSITY", ,1998,252367,
"DEVELOPMENTAL REGULATION OF FETAL ANTIOXIDANT EXPRESSION","NHLBI","2028416",2R01HL041536-09,2,R01,HL,041536,09,,,"1862931","GITLIN, JONATHAN DAVID",Not Applicable,"WASHINGTON UNIVERSITY", ,1997,253284,
"DEVELOPMENTAL REGULATION OF FETAL ANTIOXIDANT EXPRESSION","NHLBI","2220053",5R01HL041536-08,5,R01,HL,041536,08,,,"1862931","GITLIN, JONATHAN DAVID",Not Applicable,"WASHINGTON UNIVERSITY", ,1996,242665,
"BIOLOGICAL AND PHYSIOLOGICAL SCIENCES REVIEW SECTION","CSR","6079441",3U09RG000142-07S3,3,U09,RG,000142,07,S3,,"1862931","GITLIN, JONATHAN DAVID",Not Applicable,"U.S. PHS PUBLIC ADVISORY GROUPS", ,1999,545000,
"BIOLOGICAL AND PHYSIOLOGICAL SCIENCES REVIEW SECTION","CSR","2861673",3U09RG000142-07S2,3,U09,RG,000142,07,S2,,"1862931","GITLIN, JONATHAN DAVID",Not Applicable,"U.S. PHS PUBLIC ADVISORY GROUPS", ,1998,509000,
"BIOLOGICAL AND PHYSIOLOGICAL SCIENCES REVIEW SECTION","CSR","2828097",3U09RG000142-07S1,3,U09,RG,000142,07,S1,,"1862931","GITLIN, JONATHAN DAVID",Not Applicable,"U.S. PHS PUBLIC ADVISORY GROUPS", ,1998,833000,
"BIOLOGICAL AND PHYSIOLOGICAL SCIENCES REVIEW SECTION","CSR","2637025",5U09RG000142-07,5,U09,RG,000142,07,,,"1862931","GITLIN, JONATHAN DAVID",Not Applicable,"U.S. PHS PUBLIC ADVISORY GROUPS", ,1997,1297000,

