----------------------------------------------------------------------------------Search Criteria:  Search in: Projects 		AdminIC: All; Principal Investigator / Project Leader: POBER; JORDAN S; Fiscal Year: 2016; 2015; 2014; 2013; 2012; 2011; 2010; 2009; 2008; 2007; 2006; 2005; 2004; 2003; 2002; 2001; 2000; 1999; 1998; 1997; 1996 ----------------------------------------------------------------------------------Project Title,Administering  IC,Application ID,Project Number,Type,Activity,IC,Serial Number,Support Year,Suffix,Subproject Number ,Contact PI  Person ID,Contact PI / Project Leader,Other PI or Project Leader(s),Organization Name,ARRA Indicator,FY,FY Total Cost ,FY Total Cost  (Sub Projects),
"SCID Mouse: Human Xenograft Core","NIAMS","7608570",5P30AR041942-15,5,P30,AR,041942,15,,9001,"1930382","POBER, JORDAN S",Not Applicable,"YALE UNIVERSITY", ,2008,,112847
"SCID Mouse : Human Xenograft Core","NIAMS","7392297",5P30AR041942-14,5,P30,AR,041942,14,,9001,"1930382","POBER, JORDAN S",Not Applicable,"YALE UNIVERSITY", ,2007,,98430
"Core B - SCID Mouse : Human Xenograft Core (Jordan Pober; MD/PhDP.I.)","NIAMS","7214204",5P30AR041942-13,5,P30,AR,041942,13,,9001,"1930382","POBER, JORDAN S",Not Applicable,"YALE UNIVERSITY", ,2006,,101370
"Core B - SCID Mouse : Human Xenograft Core (Jordan Pober; MD/PhDP.I.)","NIAMS","7063194",5P30AR041942-12,5,P30,AR,041942,12,,9001,"1930382","POBER, JORDAN S",Not Applicable,"YALE UNIVERSITY", ,2005,,101370
"Core B - SCID Mouse : Human Xenograft Core (Jordan Pober; MD/PhDP.I.)","NIAMS","6756347",2P30AR041942-11,2,P30,AR,041942,11,,9001,"1930382","POBER, JORDAN S",Not Applicable,"YALE UNIVERSITY", ,2004,,101370
"Proteins of the Endothelial Cell Surface","NHLBI","8822899",5R01HL036003-30,5,R01,HL,036003,30,,,"1930382","POBER, JORDAN S ","KLUGER, MARTIN S","YALE UNIVERSITY", ,2015,463914,
"Proteins of the Endothelial Cell Surface","NHLBI","8644287",5R01HL036003-29,5,R01,HL,036003,29,,,"1930382","POBER, JORDAN S ","KLUGER, MARTIN S","YALE UNIVERSITY", ,2014,459412,
"Proteins of the Endothelial Cell Surface","NHLBI","8452099",5R01HL036003-28,5,R01,HL,036003,28,,,"1930382","POBER, JORDAN S ","KLUGER, MARTIN S","YALE UNIVERSITY", ,2013,442888,
"Proteins of the Endothelial Cell Surface","NHLBI","8289873",2R01HL036003-27,2,R01,HL,036003,27,,,"1930382","POBER, JORDAN S ","KLUGER, MARTIN S","YALE UNIVERSITY", ,2012,508345,
"Proteins of the Endothelial Cell Surface","NHLBI","8051532",5R01HL036003-26,5,R01,HL,036003,26,,,"1930382","POBER, JORDAN S",Not Applicable,"YALE UNIVERSITY", ,2011,470421,
"Proteins of the Endothelial Cell Surface","NHLBI","7806364",5R01HL036003-25,5,R01,HL,036003,25,,,"1930382","POBER, JORDAN S",Not Applicable,"YALE UNIVERSITY", ,2010,458391,
"Proteins of the Endothelial Cell Surface","NHLBI","7582419",5R01HL036003-24,5,R01,HL,036003,24,,,"1930382","POBER, JORDAN S",Not Applicable,"YALE UNIVERSITY", ,2009,455143,
"Proteins of the Endothelial Cell Surface","NHLBI","7463083",2R01HL036003-23A1,2,R01,HL,036003,23,A1,,"1930382","POBER, JORDAN S",Not Applicable,"YALE UNIVERSITY", ,2008,444016,
"Proteins of the Endothelial Cell Surface","NHLBI","7077690",5R01HL036003-22,5,R01,HL,036003,22,,,"1930382","POBER, JORDAN S",Not Applicable,"YALE UNIVERSITY", ,2006,399144,
"Proteins of the Endothelial Cell Surface","NHLBI","6905683",5R01HL036003-21,5,R01,HL,036003,21,,,"1930382","POBER, JORDAN S",Not Applicable,"YALE UNIVERSITY", ,2005,408750,
"Proteins of the Endothelial Cell Surface","NHLBI","6776360",5R01HL036003-20,5,R01,HL,036003,20,,,"1930382","POBER, JORDAN S",Not Applicable,"YALE UNIVERSITY", ,2004,408750,
"Proteins of the Endothelial Cell Surface","NHLBI","6607277",5R01HL036003-19,5,R01,HL,036003,19,,,"1930382","POBER, JORDAN S",Not Applicable,"YALE UNIVERSITY", ,2003,408750,
"Proteins of the Endothelial Cell Surface","NHLBI","6541560",2R01HL036003-18,2,R01,HL,036003,18,,,"1930382","POBER, JORDAN S",Not Applicable,"YALE UNIVERSITY", ,2002,408750,
"PROTEINS OF THE ENDOTHELIAL CELL SURFACE","NHLBI","6388993",5R37HL036003-17,5,R37,HL,036003,17,,,"1930382","POBER, JORDAN S",Not Applicable,"YALE UNIVERSITY", ,2001,335474,
"PROTEINS OF THE ENDOTHELIAL CELL SURFACE","NHLBI","6183605",5R37HL036003-16,5,R37,HL,036003,16,,,"1930382","POBER, JORDAN S",Not Applicable,"YALE UNIVERSITY", ,2000,328105,
"PROTEINS OF THE ENDOTHELIAL CELL SURFACE","NHLBI","6030541",5R37HL036003-15,5,R37,HL,036003,15,,,"1930382","POBER, JORDAN S",Not Applicable,"YALE UNIVERSITY", ,1999,320951,
"PROTEINS OF THE ENDOTHELIAL CELL SURFACE","NHLBI","2735102",5R37HL036003-14,5,R37,HL,036003,14,,,"1930382","POBER, JORDAN S",Not Applicable,"YALE UNIVERSITY", ,1998,314003,
"PROTEINS OF THE ENDOTHELIAL CELL SURFACE","NHLBI","2028227",4R37HL036003-13,4,R37,HL,036003,13,,,"1930382","POBER, JORDAN S",Not Applicable,"YALE UNIVERSITY", ,1997,307259,
"PROTEINS OF THE ENDOTHELIAL CELL SURFACE","NHLBI","2217986",5R37HL036003-12,5,R37,HL,036003,12,,,"1930382","POBER, JORDAN S",Not Applicable,"YALE UNIVERSITY", ,1996,281629,
"Human Vascular Cell Functions in Acute Allograft Rejection","NHLBI","9029154",2R01HL051014-23,2,R01,HL,051014,23,,,"1930382","POBER, JORDAN S ","MANES, THOMAS DAVID","YALE UNIVERSITY", ,2016,512075,
"Presentation of Alloantigen by Human Vascular Cells","NHLBI","8774246",5R01HL051014-22,5,R01,HL,051014,22,,,"1930382","POBER, JORDAN S",Not Applicable,"YALE UNIVERSITY", ,2015,507862,
"Presentation of Alloantigen by Human Vascular Cells","NHLBI","8588948",5R01HL051014-21,5,R01,HL,051014,21,,,"1930382","POBER, JORDAN S",Not Applicable,"YALE UNIVERSITY", ,2014,505284,
"Presentation of Alloantigen by Human Vascular Cells","NHLBI","8402847",5R01HL051014-20,5,R01,HL,051014,20,,,"1930382","POBER, JORDAN S",Not Applicable,"YALE UNIVERSITY", ,2013,489987,
"Presentation of Alloantigen by Human Vascular Cells","NHLBI","8204870",5R01HL051014-19,5,R01,HL,051014,19,,,"1930382","POBER, JORDAN S",Not Applicable,"YALE UNIVERSITY", ,2012,513144,
"Presentation of Alloantigen by Human Vascular Cells","NHLBI","8037364",2R01HL051014-18,2,R01,HL,051014,18,,,"1930382","POBER, JORDAN S",Not Applicable,"YALE UNIVERSITY", ,2011,512499,
"Alloimmunity to Progenitor Cell-Derived Human Vascular Cells","NHLBI","7742637",5R01HL051014-17,5,R01,HL,051014,17,,,"1930382","POBER, JORDAN S",Not Applicable,"YALE UNIVERSITY", ,2010,599458,
"Alloimmunity to Progenitor Cell-Derived Human Vascular Cells","NHLBI","7535537",5R01HL051014-16,5,R01,HL,051014,16,,,"1930382","POBER, JORDAN S",Not Applicable,"YALE UNIVERSITY", ,2009,596043,
"Alloimmunity to Progenitor Cell-Derived Human Vascular Cells","NHLBI","7328580",5R01HL051014-15,5,R01,HL,051014,15,,,"1930382","POBER, JORDAN S",Not Applicable,"YALE UNIVERSITY", ,2008,569240,
"Alloimmunity to Progenitor Cell-Derived Human Vascular Cells","NHLBI","7166064",5R01HL051014-14,5,R01,HL,051014,14,,,"1930382","POBER, JORDAN S",Not Applicable,"YALE UNIVERSITY", ,2007,566115,
"Alloimmunity to Progenitor Cell-Derived Human Vascular Cells","NHLBI","7048098",2R01HL051014-13,2,R01,HL,051014,13,,,"1930382","POBER, JORDAN S",Not Applicable,"YALE UNIVERSITY", ,2006,568280,
"ENDOTHELIAL MODIFICATIONS THAT REDUCE T CELL ACTIVATION","NHLBI","6848795",5R01HL051014-12,5,R01,HL,051014,12,,,"1930382","POBER, JORDAN S",Not Applicable,"YALE UNIVERSITY", ,2005,516722,
"ENDOTHELIAL MODIFICATIONS THAT REDUCE T CELL ACTIVATION","NHLBI","6695296",5R01HL051014-11,5,R01,HL,051014,11,,,"1930382","POBER, JORDAN S",Not Applicable,"YALE UNIVERSITY", ,2004,502969,
"ENDOTHELIAL MODIFICATIONS THAT REDUCE T CELL ACTIVATION","NHLBI","6627534",5R01HL051014-10,5,R01,HL,051014,10,,,"1930382","POBER, JORDAN S",Not Applicable,"YALE UNIVERSITY", ,2003,489614,
"ENDOTHELIAL MODIFICATIONS THAT REDUCE T CELL ACTIVATION","NHLBI","6490725",5R01HL051014-09,5,R01,HL,051014,09,,,"1930382","POBER, JORDAN S",Not Applicable,"YALE UNIVERSITY", ,2002,476650,
"ENDOTHELIAL MODIFICATIONS THAT REDUCE T CELL ACTIVATION","NHLBI","6260352",2R01HL051014-08,2,R01,HL,051014,08,,,"1930382","POBER, JORDAN S",Not Applicable,"YALE UNIVERSITY", ,2001,464064,
"ENDOTHELIAL MODIFICATIONS THAT REDUCE T CELL ACTIVATION","NHLBI","6139170",5R01HL051014-07,5,R01,HL,051014,07,,,"1930382","POBER, JORDAN S",Not Applicable,"YALE UNIVERSITY", ,2000,425750,
"ENDOTHELIAL MODIFICATIONS THAT REDUCE T CELL ACTIVATION","NHLBI","2857824",5R01HL051014-06,5,R01,HL,051014,06,,,"1930382","POBER, JORDAN S",Not Applicable,"YALE UNIVERSITY", ,1999,414954,
"ENDOTHELIAL MODIFICATIONS THAT REDUCE T CELL ACTIVATION","NHLBI","2638005",5R01HL051014-05,5,R01,HL,051014,05,,,"1930382","POBER, JORDAN S",Not Applicable,"YALE UNIVERSITY", ,1998,408194,
"ENDOTHELIAL MODIFICATIONS THAT REDUCE T CELL ACTIVATION","NHLBI","2028982",2R01HL051014-04,2,R01,HL,051014,04,,,"1930382","POBER, JORDAN S",Not Applicable,"YALE UNIVERSITY", ,1997,396691,
"ENDOTHELIAL MODIFICATIONS THAT REDUCE T-CELL ACTIVATION","NHLBI","2227380",5R01HL051014-03,5,R01,HL,051014,03,,,"1930382","POBER, JORDAN S",Not Applicable,"YALE UNIVERSITY", ,1996,360627,
"Human CTL-Mediated Injury of Graft Endothelial Cells","NHLBI","7642483",5R01HL062188-10,5,R01,HL,062188,10,,,"1930382","POBER, JORDAN S",Not Applicable,"YALE UNIVERSITY", ,2009,433669,
"Human CTL-Mediated Injury of Graft Endothelial Cells","NHLBI","7456517",5R01HL062188-09,5,R01,HL,062188,09,,,"1930382","POBER, JORDAN S",Not Applicable,"YALE UNIVERSITY", ,2008,414710,
"Human CTL-Mediated Injury of Graft Endothelial Cells","NHLBI","7250065",5R01HL062188-08,5,R01,HL,062188,08,,,"1930382","POBER, JORDAN S",Not Applicable,"YALE UNIVERSITY", ,2007,412978,
"Human CTL-Mediated Injury of Graft Endothelial Cells","NHLBI","7116959",5R01HL062188-07,5,R01,HL,062188,07,,,"1930382","POBER, JORDAN S",Not Applicable,"YALE UNIVERSITY", ,2006,415115,
"Human CTL-Mediated Injury of Graft Endothelial Cells","NHLBI","6966127",2R01HL062188-06A1,2,R01,HL,062188,06,A1,,"1930382","POBER, JORDAN S",Not Applicable,"YALE UNIVERSITY", ,2005,413088,
"HUMAN CTL-MEDIATED INJURY OF GRAFT ENDOTHELIAL CELLS","NHLBI","6695295",5R01HL062188-05,5,R01,HL,062188,05,,,"1930382","POBER, JORDAN S",Not Applicable,"YALE UNIVERSITY", ,2004,375535,
"HUMAN CTL-MEDIATED INJURY OF GRAFT ENDOTHELIAL CELLS","NHLBI","6627486",5R01HL062188-04,5,R01,HL,062188,04,,,"1930382","POBER, JORDAN S",Not Applicable,"YALE UNIVERSITY", ,2003,364804,
"HUMAN CTL-MEDIATED INJURY OF GRAFT ENDOTHELIAL CELLS","NHLBI","6490639",5R01HL062188-03,5,R01,HL,062188,03,,,"1930382","POBER, JORDAN S",Not Applicable,"YALE UNIVERSITY", ,2002,354179,
"HUMAN CTL-MEDIATED INJURY OF GRAFT ENDOTHELIAL CELLS","NHLBI","6343649",5R01HL062188-02,5,R01,HL,062188,02,,,"1930382","POBER, JORDAN S",Not Applicable,"YALE UNIVERSITY", ,2001,343865,
"HUMAN CTL-MEDIATED INJURY OF GRAFT ENDOTHELIAL CELLS","NHLBI","6041473",1R01HL062188-01A1,1,R01,HL,062188,01,A1,,"1930382","POBER, JORDAN S",Not Applicable,"YALE UNIVERSITY", ,2000,333849,
"Endothelial control of IFN-gamma and i-NOS in pathogenic T cells","NHLBI","8117191",5P01HL070295-10,5,P01,HL,070295,10,,0004,"1930382","POBER, JORDAN S",Not Applicable,"YALE UNIVERSITY", ,2010,,452504
"Administration","NHLBI","8117197",5P01HL070295-10,5,P01,HL,070295,10,,9006,"1930382","POBER, JORDAN S",Not Applicable,"YALE UNIVERSITY", ,2010,,71590
"Chronic DTH and IFN-gamma in Human Graft Arteriosclerosis","NHLBI","7924687",5P01HL070295-10,5,P01,HL,070295,10,,,"1930382","POBER, JORDAN S",Not Applicable,"YALE UNIVERSITY", ,2010,2360957,
"Endothelial control of IFN-gamma and i-NOS in pathogenic T cells","NHLBI","7924680",5P01HL070295-09,5,P01,HL,070295,09,,0004,"1930382","POBER, JORDAN S",Not Applicable,"YALE UNIVERSITY", ,2009,,442714
"Administration","NHLBI","7924686",5P01HL070295-09,5,P01,HL,070295,09,,9006,"1930382","POBER, JORDAN S",Not Applicable,"YALE UNIVERSITY", ,2009,,70052
"Chronic DTH and IFN-gamma in Human Graft Arteriosclerosis","NHLBI","7675374",5P01HL070295-09,5,P01,HL,070295,09,,,"1930382","POBER, JORDAN S",Not Applicable,"YALE UNIVERSITY", ,2009,2301198,
"Endothelial control of IFN-gamma and i-NOS in pathogenic T cells","NHLBI","7675367",5P01HL070295-08,5,P01,HL,070295,08,,0004,"1930382","POBER, JORDAN S",Not Applicable,"YALE UNIVERSITY", ,2008,,424535
"Administration","NHLBI","7675373",5P01HL070295-08,5,P01,HL,070295,08,,9006,"1930382","POBER, JORDAN S",Not Applicable,"YALE UNIVERSITY", ,2008,,67199
"Chronic DTH and IFN-gamma in Human Graft Arteriosclerosis","NHLBI","7491187",5P01HL070295-08,5,P01,HL,070295,08,,,"1930382","POBER, JORDAN S",Not Applicable,"YALE UNIVERSITY", ,2008,2220189,
"Endothelial control of IFN-gamma and i-NOS in pathogenic T cells","NHLBI","7491181",5P01HL070295-07,5,P01,HL,070295,07,,0004,"1930382","POBER, JORDAN S",Not Applicable,"YALE UNIVERSITY", ,2007,,427793
"Administration","NHLBI","7557042",5P01HL070295-07,5,P01,HL,070295,07,,9006,"1930382","POBER, JORDAN S",Not Applicable,"YALE UNIVERSITY", ,2007,,40576
"Chronic DTH and IFN-gamma in Human Graft Arteriosclerosis","NHLBI","7279112",5P01HL070295-07,5,P01,HL,070295,07,,,"1930382","POBER, JORDAN S",Not Applicable,"YALE UNIVERSITY", ,2007,2201842,
"Endothelial control of IFN-gamma and i-NOS in pathogenic T cells","NHLBI","7297613",2P01HL070295-06,2,P01,HL,070295,06,,0004,"1930382","POBER, JORDAN S",Not Applicable,"YALE UNIVERSITY", ,2006,,423564
"Administration","NHLBI","7297631",2P01HL070295-06,2,P01,HL,070295,06,,9006,"1930382","POBER, JORDAN S",Not Applicable,"YALE UNIVERSITY", ,2006,,67150
"Chronic DTH and IFN-gamma in Human Graft Arteriosclerosis","NHLBI","7128296",2P01HL070295-06,2,P01,HL,070295,06,,,"1930382","POBER, JORDAN S",Not Applicable,"YALE UNIVERSITY", ,2006,2233335,
"Chronic DTH in human GA","NHLBI","7117153",5P01HL070295-05,5,P01,HL,070295,05,,0001,"1930382","POBER, JORDAN S",Not Applicable,"YALE UNIVERSITY", ,2005,,193924
"Chronic DTH and IFN-gamma in Human Graft Arterioscleros*","NHLBI","6947811",5P01HL070295-05,5,P01,HL,070295,05,,,"1930382","POBER, JORDAN S",Not Applicable,"YALE UNIVERSITY", ,2005,1439224,
"Chronic DTH and IFN-gamma in Human Graft Arterioscleros*","NHLBI","6952964",3P01HL070295-04S1,3,P01,HL,070295,04,S1,,"1930382","POBER, JORDAN S",Not Applicable,"YALE UNIVERSITY", ,2004,81750,
"Chronic DTH and IFN-gamma in Human Graft Arterioscleros*","NHLBI","6800074",5P01HL070295-04,5,P01,HL,070295,04,,,"1930382","POBER, JORDAN S",Not Applicable,"YALE UNIVERSITY", ,2004,1317930,
"Chronic DTH in human GA","NHLBI","6839266",5P01HL070295-03,5,P01,HL,070295,03,,0001,"1930382","POBER, JORDAN S",Not Applicable,"YALE UNIVERSITY", ,2003,,182792
"Chronic DTH and IFN-gamma in Human Graft Arterioscleros*","NHLBI","6659063",5P01HL070295-03,5,P01,HL,070295,03,,,"1930382","POBER, JORDAN S",Not Applicable,"YALE UNIVERSITY", ,2003,1279544,
"Chronic DTH in human GA","NHLBI","6659330",5P01HL070295-02,5,P01,HL,070295,02,,0001,"1930382","POBER, JORDAN S",Not Applicable,"YALE UNIVERSITY", ,2002,,177467
"Chronic DTH and IFN-gamma in Human Graft Arterioscleros*","NHLBI","6528337",5P01HL070295-02,5,P01,HL,070295,02,,,"1930382","POBER, JORDAN S",Not Applicable,"YALE UNIVERSITY", ,2002,1242272,
"Chronic DTH and IFN-gamma in Human Graft Arterioscleros*","NHLBI","6369207",1P01HL070295-01,1,P01,HL,070295,01,,,"1930382","POBER, JORDAN S",Not Applicable,"YALE UNIVERSITY", ,2001,1231961,
"Regulating Anti-Endothelial T Cell Responses in Graft Arteriosclerosis","NHLBI","8676560",5R01HL109455-04,5,R01,HL,109455,04,,,"1930382","POBER, JORDAN S ","BOTHWELL, ALFRED LM","YALE UNIVERSITY", ,2014,610733,
"Regulating Anti-Endothelial T Cell Responses in Graft Arteriosclerosis","NHLBI","8496111",5R01HL109455-03,5,R01,HL,109455,03,,,"1930382","POBER, JORDAN S ","BOTHWELL, ALFRED LM","YALE UNIVERSITY", ,2013,595628,
"Regulating Anti-Endothelial T Cell Responses in Graft Arteriosclerosis","NHLBI","8320141",5R01HL109455-02,5,R01,HL,109455,02,,,"1930382","POBER, JORDAN S ","BOTHWELL, ALFRED LM","YALE UNIVERSITY", ,2012,626288,
"Regulating Anti-Endothelial T Cell Responses in Graft Arteriosclerosis","NHLBI","8160638",1R01HL109455-01,1,R01,HL,109455,01,,,"1930382","POBER, JORDAN S ","BOTHWELL, ALFRED LM","YALE UNIVERSITY", ,2011,626947,
"Bioengineered siRNA/Nanoparticles to Prevent Human Transplant Rejection","NIAID","8693080",1R56AI106922-01,1,R56,AI,106922,01,,,"6214835","SALTZMAN, W. MARK ","POBER, JORDAN S;TELLIDES, GEORGE ","YALE UNIVERSITY", ,2013,291000,
"Targeting Nanoparticles for Drug Delivery to Renal Graft Endothelium during Ex Vivo Normothermic Perfusion","NIAID","9164300",1R21AI126166-01,1,R21,AI,126166,01,,,"6214835","SALTZMAN, W. MARK ","POBER, JORDAN S","YALE UNIVERSITY", ,2016,251250,
"Optimizing Therapeutic Revascularization by Endothelial Cell Transplantation","NHLBI","9102509",2R01HL085416-11,2,R01,HL,085416,11,,,"6214835","SALTZMAN, W. MARK ","POBER, JORDAN S","YALE UNIVERSITY", ,2016,401802,
"Optimizing Therapeutic Revascularization by Endothelial Cell Transplantation","NHLBI","8841401",5R01HL085416-10,5,R01,HL,085416,10,,,"6214835","SALTZMAN, W. MARK ","POBER, JORDAN S","YALE UNIVERSITY", ,2015,399840,
"Optimizing Therapeutic Revascularization by Endothelial Cell Transplantation","NHLBI","8657086",5R01HL085416-09,5,R01,HL,085416,09,,,"6214835","SALTZMAN, W. MARK ","POBER, JORDAN S","YALE UNIVERSITY", ,2014,397811,
"Optimizing Therapeutic Revascularization by Endothelial Cell Transplantation","NHLBI","8529594",5R01HL085416-08,5,R01,HL,085416,08,,,"6214835","SALTZMAN, W. MARK ","POBER, JORDAN S","YALE UNIVERSITY", ,2013,386443,
"Optimizing Therapeutic Revascularization by Endothelial Cell Transplantation","NHLBI","8296172",5R01HL085416-07,5,R01,HL,085416,07,,,"6214835","SALTZMAN, W. MARK ","POBER, JORDAN S","YALE UNIVERSITY", ,2012,404758,
"Optimizing Therapeutic Revascularization by Endothelial Cell Transplantation","NHLBI","8187570",2R01HL085416-06,2,R01,HL,085416,06,,,"6214835","SALTZMAN, W. MARK ","POBER, JORDAN S","YALE UNIVERSITY", ,2011,403586,
"Spatiotemporal Delivery of miRNA Anatgomir for Promoting Vascular Self-Assembly","NHLBI","8322816",5R21HL108684-02,5,R21,HL,108684,02,,,"6214835","SALTZMAN, W. MARK ","POBER, JORDAN S","YALE UNIVERSITY", ,2012,249063,
"Controlled Spatiotemporal Delivery of miRNA Anatgomir for Promoting Vascular Self","NHLBI","8138278",1R21HL108684-01,1,R21,HL,108684,01,,,"6214835","SALTZMAN, W. MARK ","POBER, JORDAN S","YALE UNIVERSITY", ,2011,206927,

