----------------------------------------------------------------------------------Search Criteria:  Search in: Projects 		AdminIC: All; Principal Investigator / Project Leader: FELSENSTEIN; JOSEPH; Fiscal Year: 2016; 2015; 2014; 2013; 2012; 2011; 2010; 2009; 2008; 2007; 2006; 2005; 2004; 2003; 2002; 2001; 2000; 1999; 1998; 1997; 1996 ----------------------------------------------------------------------------------Project Title,Administering  IC,Application ID,Project Number,Type,Activity,IC,Serial Number,Support Year,Suffix,Subproject Number ,Contact PI  Person ID,Contact PI / Project Leader,Other PI or Project Leader(s),Organization Name,ARRA Indicator,FY,FY Total Cost ,FY Total Cost  (Sub Projects),
"LIKELIHOOD OF SEQUENCES WITH RECOMBINATION AND SELECTION","NIGMS","6490081",5R01GM051929-08,5,R01,GM,051929,08,,,"1964533","FELSENSTEIN, JOSEPH ",Not Applicable,"UNIVERSITY OF WASHINGTON", ,2002,192274,
"LIKELIHOOD OF SEQUENCES WITH RECOMBINATION AND SELECTION","NIGMS","6342901",5R01GM051929-07,5,R01,GM,051929,07,,,"1964533","FELSENSTEIN, JOSEPH ",Not Applicable,"UNIVERSITY OF WASHINGTON", ,2001,275907,
"LIKELIHOOD OF SEQUENCES WITH RECOMBINATION AND SELECTION","NIGMS","6138497",5R01GM051929-06,5,R01,GM,051929,06,,,"1964533","FELSENSTEIN, JOSEPH ",Not Applicable,"UNIVERSITY OF WASHINGTON", ,2000,262690,
"LIKELIHOOD OF SEQUENCES WITH RECOMBINATION AND SELECTION","NIGMS","2761810",2R01GM051929-05,2,R01,GM,051929,05,,,"1964533","FELSENSTEIN, JOSEPH ",Not Applicable,"UNIVERSITY OF WASHINGTON", ,1999,261996,
"LIKELIHOOD OF SEQUENCES WITH RECOMBINATION AND SELECTION","NIGMS","2634760",5R01GM051929-04,5,R01,GM,051929,04,,,"1964533","FELSENSTEIN, JOSEPH ",Not Applicable,"UNIVERSITY OF WASHINGTON", ,1998,163905,
"LIKELIHOOD OF SEQUENCES WITH RECOMBINATION AND SELECTION","NIGMS","2022946",5R01GM051929-03,5,R01,GM,051929,03,,,"1964533","FELSENSTEIN, JOSEPH ",Not Applicable,"UNIVERSITY OF WASHINGTON", ,1997,165868,
"LIKELIHOOD OF SEQUENCES WITH RECOMBINATION AND SELECTION","NIGMS","2190724",5R01GM051929-02,5,R01,GM,051929,02,,,"1964533","FELSENSTEIN, JOSEPH ",Not Applicable,"UNIVERSITY OF WASHINGTON", ,1996,152438,
"Phylogeny and Genomic Inference for Quantitative Traits","NIGMS","7385885",5R01GM071639-04,5,R01,GM,071639,04,,,"1964533","FELSENSTEIN, JOSEPH ",Not Applicable,"UNIVERSITY OF WASHINGTON", ,2008,222015,
"Phylogeny and Genomic Inference for Quantitative Traits","NIGMS","7198115",5R01GM071639-03,5,R01,GM,071639,03,,,"1964533","FELSENSTEIN, JOSEPH ",Not Applicable,"UNIVERSITY OF WASHINGTON", ,2007,222339,
"Phylogeny and Genomic Inference for Quantitative Traits","NIGMS","7030292",5R01GM071639-02,5,R01,GM,071639,02,,,"1964533","FELSENSTEIN, JOSEPH ",Not Applicable,"UNIVERSITY OF WASHINGTON", ,2006,229297,
"Phylogeny and Genomic Inference for Quantitative Traits","NIGMS","6925632",1R01GM071639-01A1,1,R01,GM,071639,01,A1,,"1964533","FELSENSTEIN, JOSEPH ",Not Applicable,"UNIVERSITY OF WASHINGTON", ,2005,235125,
"LINKAGE DISEQUILIBRIUM MAPPING USING THE COALESCENT","NHGRI","6343268",5R01HG001989-03,5,R01,HG,001989,03,,,"1964533","FELSENSTEIN, JOSEPH ",Not Applicable,"UNIVERSITY OF WASHINGTON", ,2001,176773,
"LINKAGE DISEQUILIBRIUM MAPPING USING THE COALESCENT","NHGRI","6138900",5R01HG001989-02,5,R01,HG,001989,02,,,"1964533","FELSENSTEIN, JOSEPH ",Not Applicable,"UNIVERSITY OF WASHINGTON", ,2000,171625,
"LINKAGE DISEQUILIBRIUM MAPPING USING THE COALESCENT","NHGRI","2864904",1R01HG001989-01,1,R01,HG,001989,01,,,"1964533","FELSENSTEIN, JOSEPH ",Not Applicable,"UNIVERSITY OF WASHINGTON", ,1999,166079,

