----------------------------------------------------------------------------------Search Criteria:  Search in: Projects 		AdminIC: All; Principal Investigator / Project Leader: GOGOS; JOSEPH A; Fiscal Year: 2016; 2015; 2014; 2013; 2012; 2011; 2010; 2009; 2008; 2007; 2006; 2005; 2004; 2003; 2002; 2001; 2000; 1999; 1998; 1997; 1996 ----------------------------------------------------------------------------------Project Title,Administering  IC,Application ID,Project Number,Type,Activity,IC,Serial Number,Support Year,Suffix,Subproject Number ,Contact PI  Person ID,Contact PI / Project Leader,Other PI or Project Leader(s),Organization Name,ARRA Indicator,FY,FY Total Cost ,FY Total Cost  (Sub Projects),
"Assembly and Maintenance of the Olfactory Sensory Maps","NIDCD","7232377",5R01DC006292-05,5,R01,DC,006292,05,,,"7373175","GOGOS, JOSEPH A",Not Applicable,"COLUMBIA UNIVERSITY HEALTH SCIENCES", ,2007,382473,
"Assembly and Maintenance of the Olfactory Sensory Maps","NIDCD","7067625",5R01DC006292-04,5,R01,DC,006292,04,,,"7373175","GOGOS, JOSEPH A",Not Applicable,"COLUMBIA UNIVERSITY HEALTH SCIENCES", ,2006,392853,
"Assembly and Maintenance of the Olfactory Sensory Maps","NIDCD","6922859",5R01DC006292-03,5,R01,DC,006292,03,,,"7373175","GOGOS, JOSEPH A",Not Applicable,"COLUMBIA UNIVERSITY HEALTH SCIENCES", ,2005,401276,
"Assembly and Maintenance of the Olfactory Sensory Maps","NIDCD","6795495",5R01DC006292-02,5,R01,DC,006292,02,,,"7373175","GOGOS, JOSEPH A",Not Applicable,"COLUMBIA UNIVERSITY HEALTH SCIENCES", ,2004,400280,
"Assembly and Maintenance of the Olfactory Sensory Maps","NIDCD","6677732",1R01DC006292-01,1,R01,DC,006292,01,,,"7373175","GOGOS, JOSEPH A",Not Applicable,"COLUMBIA UNIVERSITY HEALTH SCIENCES", ,2003,399319,
"Elucidation of gene networks underlying susceptibility to schizophrenia","NIMH","7574499",5R01MH077235-03,5,R01,MH,077235,03,,,"7373175","GOGOS, JOSEPH A",Not Applicable,"COLUMBIA UNIVERSITY HEALTH SCIENCES", ,2009,544075,
"Elucidation of gene networks underlying susceptibility to schizophrenia","NIMH","7344829",5R01MH077235-02,5,R01,MH,077235,02,,,"7373175","GOGOS, JOSEPH A",Not Applicable,"COLUMBIA UNIVERSITY HEALTH SCIENCES", ,2008,427191,
"Elucidation of gene networks underlying susceptibility to schizophrenia","NIMH","7209495",1R01MH077235-01A1,1,R01,MH,077235,01,A1,,"7373175","GOGOS, JOSEPH A",Not Applicable,"COLUMBIA UNIVERSITY HEALTH SCIENCES", ,2007,358728,
"Elucidating the Effect of Disc 1 on Neurodevelopment and Synaptic Transmission","NIMH","9033152",4R01MH080234-09,4,R01,MH,080234,09,,,"7373175","GOGOS, JOSEPH A",Not Applicable,"COLUMBIA UNIVERSITY HEALTH SCIENCES", ,2016,399429,
"Elucidating the Effect of Disc 1 on Neurodevelopment and Synaptic Transmission","NIMH","8821662",5R01MH080234-08,5,R01,MH,080234,08,,,"7373175","GOGOS, JOSEPH A",Not Applicable,"COLUMBIA UNIVERSITY HEALTH SCIENCES", ,2015,399030,
"Elucidating the Effect of Disc 1 on Neurodevelopment and Synaptic Transmission","NIMH","8644894",5R01MH080234-07,5,R01,MH,080234,07,,,"7373175","GOGOS, JOSEPH A",Not Applicable,"COLUMBIA UNIVERSITY HEALTH SCIENCES", ,2014,398650,
"Elucidating the Effect of Disc 1 on Neurodevelopment and Synaptic Transmission","NIMH","8449589",5R01MH080234-06,5,R01,MH,080234,06,,,"7373175","GOGOS, JOSEPH A",Not Applicable,"COLUMBIA UNIVERSITY HEALTH SCIENCES", ,2013,382357,
"Elucidating the Effect of Disc 1 on Neurodevelopment and Synaptic Transmission","NIMH","8289152",2R01MH080234-05,2,R01,MH,080234,05,,,"7373175","GOGOS, JOSEPH A",Not Applicable,"COLUMBIA UNIVERSITY HEALTH SCIENCES", ,2012,397943,
"Elucidating the effect of Disc1 on neurodevelopment and synaptic transmission","NIMH","7881628",5R01MH080234-04,5,R01,MH,080234,04,,,"7373175","GOGOS, JOSEPH A",Not Applicable,"COLUMBIA UNIVERSITY HEALTH SCIENCES", ,2010,336742,
"Elucidating the effect of Disc1 on neurodevelopment and synaptic transmission","NIMH","7653865",5R01MH080234-03,5,R01,MH,080234,03,,,"7373175","GOGOS, JOSEPH A",Not Applicable,"COLUMBIA UNIVERSITY HEALTH SCIENCES", ,2009,336742,
"Elucidating the effect of Disc1 on neurodevelopment and synaptic transmission","NIMH","7468340",5R01MH080234-02,5,R01,MH,080234,02,,,"7373175","GOGOS, JOSEPH A",Not Applicable,"COLUMBIA UNIVERSITY HEALTH SCIENCES", ,2008,336742,
"Elucidating the effect of Disc1 on neurodevelopment and synaptic transmission","NIMH","7320508",1R01MH080234-01A1,1,R01,MH,080234,01,A1,,"7373175","GOGOS, JOSEPH A",Not Applicable,"COLUMBIA UNIVERSITY HEALTH SCIENCES", ,2007,336742,
"Understanding the genomic risk architecture of schizophrenia using gene expressio","NIMH","7940987",5RC1MH088263-02,5,RC1,MH,088263,02,,,"7373175","GOGOS, JOSEPH A",Not Applicable,"COLUMBIA UNIVERSITY HEALTH SCIENCES",YES,2010,500000,
"Understanding the genomic risk architecture of schizophrenia using gene expressio","NIMH","7814263",1RC1MH088263-01,1,RC1,MH,088263,01,,,"7373175","GOGOS, JOSEPH A",Not Applicable,"COLUMBIA UNIVERSITY HEALTH SCIENCES",YES,2009,496371,
"microRNA dysregulation in psychiatric disorders and cognitive dysfunction","NIMH","9054925",4R01MH097879-05,4,R01,MH,097879,05,,,"7373175","GOGOS, JOSEPH A",Not Applicable,"COLUMBIA UNIVERSITY HEALTH SCIENCES", ,2016,399315,
"microRNA dysregulation in psychiatric disorders and cognitive dysfunction","NIMH","8839299",5R01MH097879-04,5,R01,MH,097879,04,,,"7373175","GOGOS, JOSEPH A",Not Applicable,"COLUMBIA UNIVERSITY HEALTH SCIENCES", ,2015,398654,
"microRNA dysregulation in psychiatric disorders and cognitive dysfunction","NIMH","8658851",5R01MH097879-03,5,R01,MH,097879,03,,,"7373175","GOGOS, JOSEPH A",Not Applicable,"COLUMBIA UNIVERSITY HEALTH SCIENCES", ,2014,398013,
"microRNA dysregulation in psychiatric disorders and cognitive dysfunction","NIMH","8490448",5R01MH097879-02,5,R01,MH,097879,02,,,"7373175","GOGOS, JOSEPH A",Not Applicable,"COLUMBIA UNIVERSITY HEALTH SCIENCES", ,2013,381494,
"microRNA dysregulation in psychiatric disorders and cognitive dysfunction","NIMH","8342625",1R01MH097879-01,1,R01,MH,097879,01,,,"7373175","GOGOS, JOSEPH A",Not Applicable,"COLUMBIA UNIVERSITY HEALTH SCIENCES", ,2012,396635,
"The role of GABA-mimetic metabolites in neurodevelopmental and neuropsychiatric d","NIMH","8675291",5R21MH100691-02,5,R21,MH,100691,02,,,"7373175","GOGOS, JOSEPH A",Not Applicable,"COLUMBIA UNIVERSITY HEALTH SCIENCES", ,2014,240000,
"The role of GABA-mimetic metabolites in neurodevelopmental and neuropsychiatric d","NIMH","8492293",1R21MH100691-01,1,R21,MH,100691,01,,,"7373175","GOGOS, JOSEPH A",Not Applicable,"COLUMBIA UNIVERSITY HEALTH SCIENCES", ,2013,200000,
"Mechanisms underlying the functional connectivity deficit in the 22q11 microdelet","NIMH","8881316",5R01MH096274-04,5,R01,MH,096274,04,,,"1925589","GORDON, JOSHUA A ","GOGOS, JOSEPH A","COLUMBIA UNIVERSITY HEALTH SCIENCES", ,2015,398654,
"Mechanisms underlying the functional connectivity deficit in the 22q11 microdelet","NIMH","8683238",5R01MH096274-03,5,R01,MH,096274,03,,,"1925589","GORDON, JOSHUA A ","GOGOS, JOSEPH A","COLUMBIA UNIVERSITY HEALTH SCIENCES", ,2014,398013,
"Mechanisms underlying the functional connectivity deficit in the 22q11 microdelet","NIMH","8502761",5R01MH096274-02,5,R01,MH,096274,02,,,"1925589","GORDON, JOSHUA A ","GOGOS, JOSEPH A","COLUMBIA UNIVERSITY HEALTH SCIENCES", ,2013,381494,
"Mechanisms underlying the functional connectivity deficit in the 22q11 microdelet","NIMH","8372757",1R01MH096274-01A1,1,R01,MH,096274,01,A1,,"1925589","GORDON, JOSHUA A ","GOGOS, JOSEPH A","COLUMBIA UNIVERSITY HEALTH SCIENCES", ,2012,396635,
"iPS Cell-Derived Neurons Carrying an allelic series of CNTNAP2 structural mutatio","NIMH","7939795",5RC1MH088702-02,5,RC1,MH,088702,02,,,"2205287","KARAYIORGOU, MARIA  ","GOGOS, JOSEPH A","COLUMBIA UNIVERSITY HEALTH SCIENCES",YES,2010,499998,
"iPS Cell-Derived Neurons Carrying an allelic series of CNTNAP2 structural mutatio","NIMH","7824631",1RC1MH088702-01,1,RC1,MH,088702,01,,,"2205287","KARAYIORGOU, MARIA  ","GOGOS, JOSEPH A","COLUMBIA UNIVERSITY HEALTH SCIENCES",YES,2009,499826,

