----------------------------------------------------------------------------------Search Criteria:  Search in: Projects 		AdminIC: All; Principal Investigator / Project Leader: MUSIER-FORSYTH; KARIN M; Fiscal Year: 2016; 2015; 2014; 2013; 2012; 2011; 2010; 2009; 2008; 2007; 2006; 2005; 2004; 2003; 2002; 2001; 2000; 1999; 1998; 1997; 1996 ----------------------------------------------------------------------------------Project Title,Administering  IC,Application ID,Project Number,Type,Activity,IC,Serial Number,Support Year,Suffix,Subproject Number ,Contact PI  Person ID,Contact PI / Project Leader,Other PI or Project Leader(s),Organization Name,ARRA Indicator,FY,FY Total Cost ,FY Total Cost  (Sub Projects),
"MOLECULAR RECOGNITION OF HIV1 PRIMER TRNA LYS","NIAID","2802792",1R01AI043231-01A2,1,R01,AI,043231,01,A2,,"1883156","MUSIER-FORSYTH, KARIN M",Not Applicable,"UNIVERSITY OF MINNESOTA TWIN CITIES", ,1999,193816,
"9th International Retroviral Nucleocapsid Protein and Assembly Symposium","NIAID","8542099",1R13AI106500-01,1,R13,AI,106500,01,,,"1883156","MUSIER-FORSYTH, KARIN M",Not Applicable,"OHIO STATE UNIVERSITY", ,2013,4455,
"AMINOACYL TRNA SYNTHETASE SUBTRATE RECOGNITION","NIGMS","6018249",5K04GM000655-05,5,K04,GM,000655,05,,,"1883156","MUSIER-FORSYTH, KARIN M",Not Applicable,"UNIVERSITY OF MINNESOTA TWIN CITIES", ,1999,67732,
"AMINOACYL TRNA SYNTHETASE SUBTRATE RECOGNITION","NIGMS","2734310",5K04GM000655-04,5,K04,GM,000655,04,,,"1883156","MUSIER-FORSYTH, KARIN M",Not Applicable,"UNIVERSITY OF MINNESOTA TWIN CITIES", ,1998,67623,
"AMINOACYL TRNA SYNTHETASE SUBTRATE RECOGNITION","NIGMS","2444412",5K04GM000655-03,5,K04,GM,000655,03,,,"1883156","MUSIER-FORSYTH, KARIN M",Not Applicable,"UNIVERSITY OF MINNESOTA TWIN CITIES", ,1997,68398,
"AMINOACYL TRNA SYNTHETASE SUBTRATE RECOGNITION","NIGMS","2166024",5K04GM000655-02,5,K04,GM,000655,02,,,"1883156","MUSIER-FORSYTH, KARIN M",Not Applicable,"UNIVERSITY OF MINNESOTA TWIN CITIES", ,1996,68634,
"Chemistry-Biology Interface Predoctoral Training Grant","NIGMS","6909112",5T32GM008700-07,5,T32,GM,008700,07,,,"1883156","MUSIER-FORSYTH, KARIN M",Not Applicable,"UNIVERSITY OF MINNESOTA TWIN CITIES", ,2005,200843,
"Chemistry-Biology Interface Predoctoral Training Grant","NIGMS","6748894",2T32GM008700-06,2,T32,GM,008700,06,,,"1883156","MUSIER-FORSYTH, KARIN M",Not Applicable,"UNIVERSITY OF MINNESOTA TWIN CITIES", ,2004,200843,
"Class II Aminoacyl-tRNA Synthetase Substrate Recognition","NIGMS","8325071",5R01GM049928-20,5,R01,GM,049928,20,,,"1883156","MUSIER-FORSYTH, KARIN M",Not Applicable,"OHIO STATE UNIVERSITY", ,2012,333585,
"Class II Aminoacyl-tRNA Synthetase Substrate Recognition","NIGMS","8146017",5R01GM049928-19,5,R01,GM,049928,19,,,"1883156","MUSIER-FORSYTH, KARIN M",Not Applicable,"OHIO STATE UNIVERSITY", ,2011,333844,
"Class II Aminoacyl-tRNA Synthetase Substrate Recognition","NIGMS","7918994",7R01GM049928-18,7,R01,GM,049928,18,,,"1883156","MUSIER-FORSYTH, KARIN M",Not Applicable,"OHIO STATE UNIVERSITY", ,2010,337382,
"Class II Aminoacyl-tRNA Synthetase Substrate Recognition","NIGMS","7752453",2R01GM049928-17,2,R01,GM,049928,17,,,"1883156","MUSIER-FORSYTH, KARIN M",Not Applicable,"OHIO STATE UNIVERSITY", ,2009,314088,
"Class II Aminoacyl-tRNA Synthetase Substrate Recognition","NIGMS","7490487",5R01GM049928-16,5,R01,GM,049928,16,,,"1883156","MUSIER-FORSYTH, KARIN M",Not Applicable,"OHIO STATE UNIVERSITY", ,2008,305262,
"Class II Aminoacyl-tRNA Synthetase Substrate Recognition","NIGMS","7032002",2R01GM049928-12A2,2,R01,GM,049928,12,A2,,"1883156","MUSIER-FORSYTH, KARIN M",Not Applicable,"UNIVERSITY OF MINNESOTA TWIN CITIES", ,2005,307626,
"CLASS II AMINOACYL-TRNA SYNTHETASE SUBSTRATE RECOGNITION","NIGMS","6919323",3R01GM049928-11S1,3,R01,GM,049928,11,S1,,"1883156","MUSIER-FORSYTH, KARIN M",Not Applicable,"UNIVERSITY OF MINNESOTA TWIN CITIES", ,2004,113355,
"CLASS II AMINOACYL-TRNA SYNTHETASE SUBSTRATE RECOGNITION","NIGMS","6612636",5R01GM049928-11,5,R01,GM,049928,11,,,"1883156","MUSIER-FORSYTH, KARIN M",Not Applicable,"UNIVERSITY OF MINNESOTA TWIN CITIES", ,2003,336487,
"CLASS II AMINOACYL-TRNA SYNTHETASE SUBSTRATE RECOGNITION","NIGMS","6525707",5R01GM049928-10,5,R01,GM,049928,10,,,"1883156","MUSIER-FORSYTH, KARIN M",Not Applicable,"UNIVERSITY OF MINNESOTA TWIN CITIES", ,2002,336217,
"CLASS II AMINOACYL-TRNA SYNTHETASE SUBSTRATE RECOGNITION","NIGMS","6385839",5R01GM049928-09,5,R01,GM,049928,09,,,"1883156","MUSIER-FORSYTH, KARIN M",Not Applicable,"UNIVERSITY OF MINNESOTA TWIN CITIES", ,2001,335364,
"CLASS II AMINOACYL-TRNA SYNTHETASE SUBSTRATE RECOGNITION","NIGMS","6402381",3R01GM049928-08S1,3,R01,GM,049928,08,S1,,"1883156","MUSIER-FORSYTH, KARIN M",Not Applicable,"UNIVERSITY OF MINNESOTA TWIN CITIES", ,2001,27390,
"CLASS II AMINOACYL-TRNA SYNTHETASE SUBSTRATE RECOGNITION","NIGMS","6194698",2R01GM049928-08,2,R01,GM,049928,08,,,"1883156","MUSIER-FORSYTH, KARIN M",Not Applicable,"UNIVERSITY OF MINNESOTA TWIN CITIES", ,2000,297000,
"CLASS II AMINOACYL-TRNA SYNTHETASE SUBSTRATE RECOGNITION","NIGMS","6018968",5R01GM049928-07,5,R01,GM,049928,07,,,"1883156","MUSIER-FORSYTH, KARIN M",Not Applicable,"UNIVERSITY OF MINNESOTA TWIN CITIES", ,1999,168500,
"CLASS II AMINOACYL-TRNA SYNTHETASE SUBSTRATE RECOGNITION","NIGMS","2749948",5R01GM049928-06,5,R01,GM,049928,06,,,"1883156","MUSIER-FORSYTH, KARIN M",Not Applicable,"UNIVERSITY OF MINNESOTA TWIN CITIES", ,1998,162126,
"CLASS II AMINOACYL-TRNA SYNTHETASE SUBSTRATE RECOGNITION","NIGMS","2459503",5R01GM049928-05,5,R01,GM,049928,05,,,"1883156","MUSIER-FORSYTH, KARIN M",Not Applicable,"UNIVERSITY OF MINNESOTA TWIN CITIES", ,1997,229091,
"CLASS II AMINOACYL-TRNA SYNTHETASE SUBSTRATE RECOGNITION","NIGMS","2187495",2R01GM049928-04,2,R01,GM,049928,04,,,"1883156","MUSIER-FORSYTH, KARIN M",Not Applicable,"UNIVERSITY OF MINNESOTA TWIN CITIES", ,1996,136681,
"CLASS II AMINOACYL-TRNA SYNTHETASE SUBSTRATE RECOGNITION","NIGMS","2187494",5R29GM049928-03,5,R29,GM,049928,03,,,"1883156","MUSIER-FORSYTH, KARIN M",Not Applicable,"UNIVERSITY OF MINNESOTA TWIN CITIES", ,1996,45990,
"RNA Binding and Packaging By Retroviral Gag Proteins","NIGMS","9134827",5R01GM065056-15,5,R01,GM,065056,15,,,"1883156","MUSIER-FORSYTH, KARIN M",Not Applicable,"OHIO STATE UNIVERSITY", ,2016,334754,
"RNA Binding and Packaging By Retroviral Gag Proteins","NIGMS","9011268",2R01GM065056-14,2,R01,GM,065056,14,,,"1883156","MUSIER-FORSYTH, KARIN M",Not Applicable,"OHIO STATE UNIVERSITY", ,2015,375780,
"HIV nucleocapsid protein nucleic acid chaperone activity","NIGMS","8914794",3R01GM065056-13S1,3,R01,GM,065056,13,S1,,"1883156","MUSIER-FORSYTH, KARIN M",Not Applicable,"OHIO STATE UNIVERSITY", ,2014,50000,
"HIV nucleocapsid protein nucleic acid chaperone activity","NIGMS","8737275",5R01GM065056-13,5,R01,GM,065056,13,,,"1883156","MUSIER-FORSYTH, KARIN M",Not Applicable,"OHIO STATE UNIVERSITY", ,2014,298423,
"HIV nucleocapsid protein nucleic acid chaperone activity","NIGMS","8538411",5R01GM065056-12,5,R01,GM,065056,12,,,"1883156","MUSIER-FORSYTH, KARIN M",Not Applicable,"OHIO STATE UNIVERSITY", ,2013,287736,
"HIV nucleocapsid protein nucleic acid chaperone activity","NIGMS","8327740",5R01GM065056-11,5,R01,GM,065056,11,,,"1883156","MUSIER-FORSYTH, KARIN M",Not Applicable,"OHIO STATE UNIVERSITY", ,2012,297935,
"HIV nucleocapsid protein nucleic acid chaperone activity","NIGMS","8091780",2R01GM065056-10A1,2,R01,GM,065056,10,A1,,"1883156","MUSIER-FORSYTH, KARIN M",Not Applicable,"OHIO STATE UNIVERSITY", ,2011,310831,
"HIV Nucleocapsid Protein Nucleic Acid Chaperone Activity","NIGMS","7629720",5R01GM065056-09,5,R01,GM,065056,09,,,"1883156","MUSIER-FORSYTH, KARIN M",Not Applicable,"OHIO STATE UNIVERSITY", ,2009,244630,
"HIV Nucleocapsid Protein Nucleic Acid Chaperone Activity","NIGMS","7459592",5R01GM065056-08,5,R01,GM,065056,08,,,"1883156","MUSIER-FORSYTH, KARIN M",Not Applicable,"OHIO STATE UNIVERSITY", ,2008,245073,
"HIV Nucleocapsid Protein Nucleic Acid Chaperone Activity","NIGMS","6848701",5R01GM065056-04,5,R01,GM,065056,04,,,"1883156","MUSIER-FORSYTH, KARIN M",Not Applicable,"UNIVERSITY OF MINNESOTA TWIN CITIES", ,2005,245796,
"HIV Nucleocapsid Protein Nucleic Acid Chaperone Activity","NIGMS","6710638",5R01GM065056-03,5,R01,GM,065056,03,,,"1883156","MUSIER-FORSYTH, KARIN M",Not Applicable,"UNIVERSITY OF MINNESOTA TWIN CITIES", ,2004,245865,
"HIV Nucleocapsid Protein Nucleic Acid Chaperone Activity","NIGMS","6799914",3R01GM065056-02S1,3,R01,GM,065056,02,S1,,"1883156","MUSIER-FORSYTH, KARIN M",Not Applicable,"UNIVERSITY OF MINNESOTA TWIN CITIES", ,2003,50000,
"HIV Nucleocapsid Protein Nucleic Acid Chaperone Activity","NIGMS","6622577",5R01GM065056-02,5,R01,GM,065056,02,,,"1883156","MUSIER-FORSYTH, KARIN M",Not Applicable,"UNIVERSITY OF MINNESOTA TWIN CITIES", ,2003,236761,
"HIV Nucleocapsid Protein Nucleic Acid Chaperone Activity","NIGMS","6450530",1R01GM065056-01,1,R01,GM,065056,01,,,"1883156","MUSIER-FORSYTH, KARIN M",Not Applicable,"UNIVERSITY OF MINNESOTA TWIN CITIES", ,2002,237881,
"Nucleic Acids Gordon Research Conferences","NIGMS","6673642",1R13GM068750-01,1,R13,GM,068750,01,,,"1883156","MUSIER-FORSYTH, KARIN M",Not Applicable,"GORDON RESEARCH CONFERENCES", ,2003,5000,
"Cellular; molecular; and biochemical sciences training grant","NIGMS","9074247",2T32GM086252-06,2,T32,GM,086252,06,,,"1883156","MUSIER-FORSYTH, KARIN M ","IBBA, MICHAEL ","OHIO STATE UNIVERSITY", ,2016,237534,
"Cellular; molecular; and biochemical sciences training grant","NIGMS","8895979",5T32GM086252-05,5,T32,GM,086252,05,,,"1883156","MUSIER-FORSYTH, KARIN M ","IBBA, MICHAEL ","OHIO STATE UNIVERSITY", ,2015,109016,
"Cellular; molecular; and biochemical sciences training grant","NIGMS","8691889",5T32GM086252-04,5,T32,GM,086252,04,,,"1883156","MUSIER-FORSYTH, KARIN M ","IBBA, MICHAEL ","OHIO STATE UNIVERSITY", ,2014,153432,
"Cellular; molecular; and biochemical sciences training grant","NIGMS","8496823",5T32GM086252-03,5,T32,GM,086252,03,,,"1883156","MUSIER-FORSYTH, KARIN M ","IBBA, MICHAEL ","OHIO STATE UNIVERSITY", ,2013,151514,
"Cellular; molecular; and biochemical sciences training grant","NIGMS","8280339",5T32GM086252-02,5,T32,GM,086252,02,,,"1883156","MUSIER-FORSYTH, KARIN M ","IBBA, MICHAEL ","OHIO STATE UNIVERSITY", ,2012,151514,
"Cellular; molecular; and biochemical sciences training grant","NIGMS","8077553",1T32GM086252-01A1,1,T32,GM,086252,01,A1,,"1883156","MUSIER-FORSYTH, KARIN M ","IBBA, MICHAEL ","OHIO STATE UNIVERSITY", ,2011,74825,
"Translational quality control by trans-editing domains","NIGMS","9146391",5R01GM113656-02,5,R01,GM,113656,02,,,"1883156","MUSIER-FORSYTH, KARIN M",Not Applicable,"OHIO STATE UNIVERSITY", ,2016,284018,
"Translational quality control by trans-editing domains","NIGMS","9056163",1R01GM113656-01A1,1,R01,GM,113656,01,A1,,"1883156","MUSIER-FORSYTH, KARIN M",Not Applicable,"OHIO STATE UNIVERSITY", ,2015,284186,
"Cellular Factors Critical for Initiation of HIV-1 Reverse Transcription","NIGMS","9037681",5R01GM113887-03,5,R01,GM,113887,03,,,"1883156","MUSIER-FORSYTH, KARIN M",Not Applicable,"OHIO STATE UNIVERSITY", ,2016,288183,
"Cellular Factors Critical for Initiation of HIV-1 Reverse Transcription","NIGMS","9026082",3R01GM113887-02S1,3,R01,GM,113887,02,S1,,"1883156","MUSIER-FORSYTH, KARIN M",Not Applicable,"OHIO STATE UNIVERSITY", ,2015,115984,
"Cellular Factors Critical for Initiation of HIV-1 Reverse Transcription","NIGMS","8914019",5R01GM113887-02,5,R01,GM,113887,02,,,"1883156","MUSIER-FORSYTH, KARIN M",Not Applicable,"OHIO STATE UNIVERSITY", ,2015,288580,
"Cellular Factors Critical for Initiation of HIV-1 Reverse Transcription","NIGMS","8803615",1R01GM113887-01,1,R01,GM,113887,01,,,"1883156","MUSIER-FORSYTH, KARIN M",Not Applicable,"OHIO STATE UNIVERSITY", ,2014,292071,
"Analytical Ultracentrifuge Shared Instrumentation","NCRR","8052178",1S10RR026520-01A1,1,S10,RR,026520,01,A1,,"1883156","MUSIER-FORSYTH, KARIN M",Not Applicable,"OHIO STATE UNIVERSITY", ,2011,292490,
"MOLECULAR RECOGNITION OF HIV1 PRIMER TRNA LYS","NIAID","6341711",5R01AI043231-03,5,R01,AI,043231,03,,,"1883156","MUSIER-FORSYTH, KARIN M.",Not Applicable,"UNIVERSITY OF MINNESOTA", ,2001,206814,
"MOLECULAR RECOGNITION OF HIV1 PRIMER TRNA LYS","NIAID","6137264",5R01AI043231-02,5,R01,AI,043231,02,,,"1883156","MUSIER-FORSYTH, KARIN M.",Not Applicable,"UNIVERSITY OF MINNESOTA", ,2000,200873,
"Class II Aminoacyl-tRNA Synthetase Substrate Recognition","NIGMS","7271850",5R01GM049928-15,5,R01,GM,049928,15,,,"1883156","MUSIER-FORSYTH, KARIN M.",Not Applicable,"OHIO STATE UNIVERSITY", ,2007,306096,
"Class II Aminoacyl-tRNA Synthetase Substrate Recognition","NIGMS","7391872",7R01GM049928-14,7,R01,GM,049928,14,,,"1883156","MUSIER-FORSYTH, KARIN M.",Not Applicable,"OHIO STATE UNIVERSITY", ,2006,204576,
"Class II Aminoacyl-tRNA Synthetase Substrate Recognition","NIGMS","7122076",5R01GM049928-13,5,R01,GM,049928,13,,,"1883156","MUSIER-FORSYTH, KARIN M.",Not Applicable,"UNIVERSITY OF MINNESOTA TWIN CITIES", ,2006,99539,
"HIV Nucleocapsid Protein Nucleic Acid Chaperone Activity","NIGMS","7245071",5R01GM065056-07,5,R01,GM,065056,07,,,"1883156","MUSIER-FORSYTH, KARIN M.",Not Applicable,"OHIO STATE UNIVERSITY", ,2007,245490,
"HIV Nucleocapsid Protein Nucleic Acid Chaperone Activity","NIGMS","7410328",7R01GM065056-06,7,R01,GM,065056,06,,,"1883156","MUSIER-FORSYTH, KARIN M.",Not Applicable,"OHIO STATE UNIVERSITY", ,2006,52634,
"HIV Nucleocapsid Protein Nucleic Acid Chaperone Activity","NIGMS","7167835",2R01GM065056-05A2,2,R01,GM,065056,05,A2,,"1883156","MUSIER-FORSYTH, KARIN M.",Not Applicable,"UNIVERSITY OF MINNESOTA TWIN CITIES", ,2006,206745,

