----------------------------------------------------------------------------------Search Criteria:  Search in: Projects 		AdminIC: All; Principal Investigator / Project Leader: CLAY; KEITH; Fiscal Year: 2016; 2015; 2014; 2013; 2012; 2011; 2010; 2009; 2008; 2007; 2006; 2005; 2004; 2003; 2002; 2001; 2000; 1999; 1998; 1997; 1996 ----------------------------------------------------------------------------------Project Title,Administering  IC,Application ID,Project Number,Type,Activity,IC,Serial Number,Support Year,Suffix,Subproject Number ,Contact PI  Person ID,Contact PI / Project Leader,Other PI or Project Leader(s),Organization Name,ARRA Indicator,FY,FY Total Cost ,FY Total Cost  (Sub Projects),
"Biochemistry Core","NHLBI","6785569",5P01HL034303-19,5,P01,HL,034303,19,,9005,"2066293","CLAY, KEITH L",Not Applicable,"NATIONAL JEWISH HEALTH", ,2003,,220514
"Biochemistry Core","NHLBI","6611195",5P01HL034303-18,5,P01,HL,034303,18,,9005,"2066293","CLAY, KEITH L",Not Applicable,"NATIONAL JEWISH HEALTH", ,2002,,220514
"Biochemistry Core","NHLBI","6496043",5P01HL034303-17,5,P01,HL,034303,17,,9005,"2066293","CLAY, KEITH L",Not Applicable,"NATIONAL JEWISH HEALTH", ,2001,,220514
"Biochemistry Core","NHLBI","6214089",2P01HL034303-16,2,P01,HL,034303,16,,9005,"2066293","CLAY, KEITH L",Not Applicable,"NATIONAL JEWISH HEALTH", ,2000,,220514
"CORE--BIOCHEMISTRY FACILITY","NHLBI","6202250",5P01HL034303-15,5,P01,HL,034303,15,,9005,"2066293","CLAY, KEITH L",Not Applicable,"NATIONAL JEWISH HEALTH", ,1999,,242293
"CORE--BIOCHEMISTRY FACILITY","NHLBI","6109771",5P01HL034303-14,5,P01,HL,034303,14,,9005,"2066293","CLAY, KEITH L",Not Applicable,"NATIONAL JEWISH HEALTH", ,1998,,242293
"CORE--BIOCHEMISTRY FACILITY","NHLBI","6241871",5P01HL034303-13,5,P01,HL,034303,13,,9005,"2066293","CLAY, KEITH L",Not Applicable,"NATIONAL JEWISH HEALTH", ,1997,,233231
"CORE--BIOCHEMISTRY FACILITY","NHLBI","5213542",5P01HL034303-12,5,P01,HL,034303,12,,9005,"2066293","CLAY, KEITH L",Not Applicable,"", ,1996,,,,,

