----------------------------------------------------------------------------------Search Criteria:  Search in: Projects 		AdminIC: All; Principal Investigator / Project Leader: NEALSON; KENNETH H; Fiscal Year: 2016; 2015; 2014; 2013; 2012; 2011; 2010; 2009; 2008; 2007; 2006; 2005; 2004; 2003; 2002; 2001; 2000; 1999; 1998; 1997; 1996 ----------------------------------------------------------------------------------Project Title,Administering  IC,Application ID,Project Number,Type,Activity,IC,Serial Number,Support Year,Suffix,Subproject Number ,Contact PI  Person ID,Contact PI / Project Leader,Other PI or Project Leader(s),Organization Name,ARRA Indicator,FY,FY Total Cost ,FY Total Cost  (Sub Projects),
"ENHANCED ELECTORHEOLOGICAL FLUIDS USING HYERPTHERMOPHILIC BIOTECHNOLOGY","NCRR","6307856",5P41RR001008-25,5,P41,RR,001008,25,,0034,"6242496","NEALSON, KENNETH H",Not Applicable,"MEDICAL COLLEGE OF WISCONSIN", ,2000,,11274
"ENHANCED ELECTORHEOLOGICAL FLUIDS USING HYERPTHERMOPHILIC BIOTECHNOLOGY","NCRR","6279866",5P41RR001008-23,5,P41,RR,001008,23,,0034,"6242496","NEALSON, KENNETH H",Not Applicable,"MEDICAL COLLEGE OF WISCONSIN", ,1998,,2102
"ENHANCED ELECTRORHEOLOGICAL FLUIDS USING HYPERTHERMOPHILIC BIOTECHNOLOGY","NCRR","6250029",2P41RR001008-22,2,P41,RR,001008,22,,0030,"6242496","NEALSON, KENNETH H",Not Applicable,"MEDICAL COLLEGE OF WISCONSIN", ,1997,,14500
"ENHANCED ELECTRORHEOLOGICAL FLUIDS USING HYPERTHERMOPHILIC BIOTECHNOLOGY","NCRR","5222128",5P41RR001008-21,5,P41,RR,001008,21,,0047,"6242496","NEALSON, KENNETH H",Not Applicable,"", ,1996,,,,,

