----------------------------------------------------------------------------------Search Criteria:  Search in: Projects 		AdminIC: All; Principal Investigator / Project Leader: CHASIN; LAWRENCE A; Fiscal Year: 2016; 2015; 2014; 2013; 2012; 2011; 2010; 2009; 2008; 2007; 2006; 2005; 2004; 2003; 2002; 2001; 2000; 1999; 1998; 1997; 1996 ----------------------------------------------------------------------------------Project Title,Administering  IC,Application ID,Project Number,Type,Activity,IC,Serial Number,Support Year,Suffix,Subproject Number ,Contact PI  Person ID,Contact PI / Project Leader,Other PI or Project Leader(s),Organization Name,ARRA Indicator,FY,FY Total Cost ,FY Total Cost  (Sub Projects),
"MAMMALIAN CELL GENETIC STUDIES OF PREMRNA SPLICING","NIGMS","2518888",5R01GM022629-23,5,R01,GM,022629,23,,,"8019209","CHASIN, LAWRENCE A",Not Applicable,"COLUMBIA UNIV NEW YORK MORNINGSIDE", ,1997,414388,
"MAMMALIAN CELL GENETIC STUDIES OF PREMRNA SPLICING","NIGMS","2173958",5R01GM022629-22,5,R01,GM,022629,22,,,"8019209","CHASIN, LAWRENCE A",Not Applicable,"COLUMBIA UNIV NEW YORK MORNINGSIDE", ,1996,398484,
"Exon recognition during constitutive pre-mRNA splicing","NIGMS","7261326",5R01GM072740-03,5,R01,GM,072740,03,,,"8019209","CHASIN, LAWRENCE A",Not Applicable,"COLUMBIA UNIV NEW YORK MORNINGSIDE", ,2007,290853,
"Exon recognition during constitutive pre-mRNA splicing","NIGMS","7105514",5R01GM072740-02,5,R01,GM,072740,02,,,"8019209","CHASIN, LAWRENCE A",Not Applicable,"COLUMBIA UNIV NEW YORK MORNINGSIDE", ,2006,298611,
"Exon recognition during constitutive pre-mRNA splicing","NIGMS","6966860",1R01GM072740-01A1,1,R01,GM,072740,01,A1,,"8019209","CHASIN, LAWRENCE A",Not Applicable,"COLUMBIA UNIV NEW YORK MORNINGSIDE", ,2005,304845,
"Exon recognition during constitutive pre-mRNA splicing","NIGMS","8535161",5R01GM072740-08,5,R01,GM,072740,08,,,"8019209","CHASIN, LAWRENCE ALLEN",Not Applicable,"COLUMBIA UNIV NEW YORK MORNINGSIDE", ,2013,553640,
"Exon recognition during constitutive pre-mRNA splicing","NIGMS","8573046",3R01GM072740-07S1,3,R01,GM,072740,07,S1,,"8019209","CHASIN, LAWRENCE ALLEN",Not Applicable,"COLUMBIA UNIV NEW YORK MORNINGSIDE", ,2013,10000,
"Exon recognition during constitutive pre-mRNA splicing","NIGMS","8323463",5R01GM072740-07,5,R01,GM,072740,07,,,"8019209","CHASIN, LAWRENCE ALLEN",Not Applicable,"COLUMBIA UNIV NEW YORK MORNINGSIDE", ,2012,453721,
"Exon recognition during constitutive pre-mRNA splicing","NIGMS","8145635",5R01GM072740-06,5,R01,GM,072740,06,,,"8019209","CHASIN, LAWRENCE ALLEN",Not Applicable,"COLUMBIA UNIV NEW YORK MORNINGSIDE", ,2011,453721,
"Exon recognition during constitutive pre-mRNA splicing","NIGMS","8141913",3R01GM072740-05A1S1,3,R01,GM,072740,05,A1S1,,"8019209","CHASIN, LAWRENCE ALLEN",Not Applicable,"COLUMBIA UNIV NEW YORK MORNINGSIDE", ,2010,142338,
"Exon recognition during constitutive pre-mRNA splicing","NIGMS","7987291",2R01GM072740-05A1,2,R01,GM,072740,05,A1,,"8019209","CHASIN, LAWRENCE ALLEN",Not Applicable,"COLUMBIA UNIV NEW YORK MORNINGSIDE", ,2010,318325,
"Exon recognition during constitutive pre-mRNA splicing","NIGMS","7922969",2R56GM072740-05,2,R56,GM,072740,05,,,"8019209","CHASIN, LAWRENCE ALLEN",Not Applicable,"COLUMBIA UNIV NEW YORK MORNINGSIDE", ,2009,291756,
"Exon recognition during constitutive pre-mRNA splicing","NIGMS","7469442",5R01GM072740-04,5,R01,GM,072740,04,,,"8019209","CHASIN, LAWRENCE ALLEN",Not Applicable,"COLUMBIA UNIV NEW YORK MORNINGSIDE", ,2008,291756,

