----------------------------------------------------------------------------------Search Criteria:  Search in: Projects 		AdminIC: All; Principal Investigator / Project Leader: WU; LI; Org(Contains):MEDICAL COLLEGE OF WISCONSIN; Fiscal Year: 2016; 2015; 2014; 2013; 2012; 2011; 2010; 2009; 2008; 2007; 2006; 2005; 2004; 2003; 2002; 2001; 2000; 1999; 1998; 1997; 1996 ----------------------------------------------------------------------------------Project Title,Administering  IC,Application ID,Project Number,Type,Activity,IC,Serial Number,Support Year,Suffix,Subproject Number ,Contact PI  Person ID,Contact PI / Project Leader,Other PI or Project Leader(s),Organization Name,ARRA Indicator,FY,FY Total Cost ,FY Total Cost  (Sub Projects),
"Mechanisms Underlying Dendritic Cell-mediated HIV Transmission","NIAID","7559538",5R01AI068493-04,5,R01,AI,068493,04,,,"8310808","WU, LI ",Not Applicable,"MEDICAL COLLEGE OF WISCONSIN", ,2009,56200,
"Mechanisms Underlying Dendritic Cell-mediated HIV Transmission","NIAID","7345378",5R01AI068493-03,5,R01,AI,068493,03,,,"8310808","WU, LI ",Not Applicable,"MEDICAL COLLEGE OF WISCONSIN", ,2008,288623,
"Mechanisms Underlying Dendritic Cell-mediated HIV Transmission","NIAID","7184296",5R01AI068493-02,5,R01,AI,068493,02,,,"8310808","WU, LI ",Not Applicable,"MEDICAL COLLEGE OF WISCONSIN", ,2007,294213,
"Mechanisms Underlying Dendritic Cell-mediated HIV Transmission","NIAID","7064081",1R01AI068493-01,1,R01,AI,068493,01,,,"8310808","WU, LI ",Not Applicable,"MEDICAL COLLEGE OF WISCONSIN", ,2006,303000,
"Exploring Postentry Restriction of HIV Infection in Human Monocytes","NIAID","7493169",1R21AI078762-01,1,R21,AI,078762,01,,,"8310808","WU, LI ",Not Applicable,"MEDICAL COLLEGE OF WISCONSIN",YES,2009,57058,

