----------------------------------------------------------------------------------Search Criteria:  Search in: Projects 		AdminIC: All; Principal Investigator / Project Leader: HINCK; LINDSAY E; Fiscal Year: 2016; 2015; 2014; 2013; 2012; 2011; 2010; 2009; 2008; 2007; 2006; 2005; 2004; 2003; 2002; 2001; 2000; 1999; 1998; 1997; 1996 ----------------------------------------------------------------------------------Project Title,Administering  IC,Application ID,Project Number,Type,Activity,IC,Serial Number,Support Year,Suffix,Subproject Number ,Contact PI  Person ID,Contact PI / Project Leader,Other PI or Project Leader(s),Organization Name,ARRA Indicator,FY,FY Total Cost ,FY Total Cost  (Sub Projects),
"The 2016 Santa Cruz Developmental Biology Meeting","NICHD","9193174",1R13HD089638-01,1,R13,HD,089638,01,,,"2107056","GIBSON, MATTHEW C ","CIRUNA, BRIAN ;HINCK, LINDSAY E","STOWERS INSTITUTE FOR MEDICAL RESEARCH", ,2016,6000,
"Molecular Basis of Slits as Tumor Suppressors Controlling CXCR4/SDF1 in Breast","NCI","8247857",5R01CA128902-05,5,R01,CA,128902,05,,,"2090039","HINCK, LINDSAY E",Not Applicable,"UNIVERSITY OF CALIFORNIA SANTA CRUZ", ,2012,298441,
"Molecular Basis of Slits as Tumor Suppressors Controlling CXCR4/SDF1 in Breast","NCI","8053340",5R01CA128902-04,5,R01,CA,128902,04,,,"2090039","HINCK, LINDSAY E",Not Applicable,"UNIVERSITY OF CALIFORNIA SANTA CRUZ", ,2011,299031,
"Molecular Basis of Slits as Tumor Suppressors Controlling CXCR4/SDF1 in Breast","NCI","8063686",3R01CA128902-03S1,3,R01,CA,128902,03,S1,,"2090039","HINCK, LINDSAY E",Not Applicable,"UNIVERSITY OF CALIFORNIA SANTA CRUZ", ,2010,33328,
"Molecular Basis of Slits as Tumor Suppressors Controlling CXCR4/SDF1 in Breast","NCI","7802884",5R01CA128902-03,5,R01,CA,128902,03,,,"2090039","HINCK, LINDSAY E",Not Applicable,"UNIVERSITY OF CALIFORNIA SANTA CRUZ", ,2010,308832,
"Molecular Basis of Slits as Tumor Suppressors Controlling CXCR4/SDF1 in Breast","NCI","7914909",3R01CA128902-02S1,3,R01,CA,128902,02,S1,,"2090039","HINCK, LINDSAY E",Not Applicable,"UNIVERSITY OF CALIFORNIA SANTA CRUZ", ,2009,71614,
"Molecular Basis of Slits as Tumor Suppressors Controlling CXCR4/SDF1 in Breast","NCI","7624200",5R01CA128902-02,5,R01,CA,128902,02,,,"2090039","HINCK, LINDSAY E",Not Applicable,"UNIVERSITY OF CALIFORNIA SANTA CRUZ", ,2009,309335,
"Molecular Basis of Slits as Tumor Suppressors Controlling CXCR4/SDF1 in Breast","NCI","7523685",1R01CA128902-01A1,1,R01,CA,128902,01,A1,,"2090039","HINCK, LINDSAY E",Not Applicable,"UNIVERSITY OF CALIFORNIA SANTA CRUZ", ,2008,309792,
"Regulation of mammary branching morphogenesis by Slit/Robo1 signaling","NIGMS","8707486",5R01GM098897-04,5,R01,GM,098897,04,,,"2090039","HINCK, LINDSAY E",Not Applicable,"UNIVERSITY OF CALIFORNIA SANTA CRUZ", ,2014,427079,
"Regulation of mammary branching morphogenesis by Slit/Robo1 signaling","NIGMS","8513371",5R01GM098897-03,5,R01,GM,098897,03,,,"2090039","HINCK, LINDSAY E",Not Applicable,"UNIVERSITY OF CALIFORNIA SANTA CRUZ", ,2013,415676,
"RE: Regulation of mammary branching morphogenesis by Slit/Robo 1 signaling","NIGMS","8623914",3R01GM098897-02S1,3,R01,GM,098897,02,S1,,"2090039","HINCK, LINDSAY E",Not Applicable,"UNIVERSITY OF CALIFORNIA SANTA CRUZ", ,2013,5371,
"Regulation of mammary branching morphogenesis by Slit/Robo1 signaling","NIGMS","8325062",5R01GM098897-02,5,R01,GM,098897,02,,,"2090039","HINCK, LINDSAY E",Not Applicable,"UNIVERSITY OF CALIFORNIA SANTA CRUZ", ,2012,373220,
"Regulation of mammary branching morphogenesis by Slit/Robo1 signaling","NIGMS","8155265",1R01GM098897-01,1,R01,GM,098897,01,,,"2090039","HINCK, LINDSAY E",Not Applicable,"UNIVERSITY OF CALIFORNIA SANTA CRUZ", ,2011,370908,
"MOLECULAR BASIS OF AXONAL CHEMOTROPISM","NICHD","2421469",1F32HD008348-01,1,F32,HD,008348,01,,,"2090039","HINCK, LINDSAY E",Not Applicable,"UNIVERSITY OF CALIFORNIA SAN FRANCISCO", ,1997,26416,
"CHEMOREPULSION MEDIATED NETRIN RECEPTORS UNC5H AND DCC","NINDS","6637692",5R01NS039572-04,5,R01,NS,039572,04,,,"2090039","HINCK, LINDSAY E",Not Applicable,"UNIVERSITY OF CALIFORNIA SANTA CRUZ", ,2003,255237,
"CHEMOREPULSION MEDIATED NETRIN RECEPTORS UNC5H AND DCC","NINDS","6531110",5R01NS039572-03,5,R01,NS,039572,03,,,"2090039","HINCK, LINDSAY E",Not Applicable,"UNIVERSITY OF CALIFORNIA SANTA CRUZ", ,2002,249634,
"CHEMOREPULSION MEDIATED NETRIN RECEPTORS UNC5H AND DCC","NINDS","6363955",5R01NS039572-02,5,R01,NS,039572,02,,,"2090039","HINCK, LINDSAY E",Not Applicable,"UNIVERSITY OF CALIFORNIA SANTA CRUZ", ,2001,210900,
"CHEMOREPULSION MEDIATED NETRIN RECEPTORS UNC5H AND DCC","NINDS","6041595",1R01NS039572-01,1,R01,NS,039572,01,,,"2090039","HINCK, LINDSAY E",Not Applicable,"UNIVERSITY OF CALIFORNIA SANTA CRUZ", ,2000,224862,

