----------------------------------------------------------------------------------Search Criteria:  Search in: Projects 		AdminIC: All; Principal Investigator / Project Leader: IRUELA-ARISPE; LUISA; Fiscal Year: 2016; 2015; 2014; 2013; 2012; 2011; 2010; 2009; 2008; 2007; 2006; 2005; 2004; 2003; 2002; 2001; 2000; 1999; 1998; 1997; 1996 ----------------------------------------------------------------------------------Project Title,Administering  IC,Application ID,Project Number,Type,Activity,IC,Serial Number,Support Year,Suffix,Subproject Number ,Contact PI  Person ID,Contact PI / Project Leader,Other PI or Project Leader(s),Organization Name,ARRA Indicator,FY,FY Total Cost ,FY Total Cost  (Sub Projects),
"Inhibition of the Angiogenic Response","NCI","7076882",5R01CA065624-10,5,R01,CA,065624,10,,,"6168294","IRUELA-ARISPE, LUISA ",Not Applicable,"UNIVERSITY OF CALIFORNIA LOS ANGELES", ,2006,312804,
"Inhibition of the Angiogenic Response","NCI","7122600",3R01CA065624-09S1,3,R01,CA,065624,09,S1,,"6168294","IRUELA-ARISPE, LUISA ",Not Applicable,"UNIVERSITY OF CALIFORNIA LOS ANGELES", ,2005,67430,
"Inhibition of the Angiogenic Response","NCI","6917047",5R01CA065624-09,5,R01,CA,065624,09,,,"6168294","IRUELA-ARISPE, LUISA ",Not Applicable,"UNIVERSITY OF CALIFORNIA LOS ANGELES", ,2005,320397,
"Inhibition of the Angiogenic Response","NCI","6771095",5R01CA065624-08,5,R01,CA,065624,08,,,"6168294","IRUELA-ARISPE, LUISA ",Not Applicable,"UNIVERSITY OF CALIFORNIA LOS ANGELES", ,2004,320459,
"Inhibition of the Angiogenic Response","NCI","6615648",5R01CA065624-07,5,R01,CA,065624,07,,,"6168294","IRUELA-ARISPE, LUISA ",Not Applicable,"UNIVERSITY OF CALIFORNIA LOS ANGELES", ,2003,320519,
"Inhibition of the Angiogenic Response","NCI","6544147",2R01CA065624-06A1,2,R01,CA,065624,06,A1,,"6168294","IRUELA-ARISPE, LUISA ",Not Applicable,"UNIVERSITY OF CALIFORNIA LOS ANGELES", ,2002,320578,
"INHIBITION OF THE ANGIOGENIC RESPONSE","NCI","2683581",7R29CA065624-05,7,R29,CA,065624,05,,,"6168294","IRUELA-ARISPE, LUISA ",Not Applicable,"UNIVERSITY OF CALIFORNIA LOS ANGELES", ,1998,134527,
"INHIBITION OF THE ANGIOGENIC RESPONSE","NCI","2390854",5R29CA065624-04,5,R29,CA,065624,04,,,"6168294","IRUELA-ARISPE, LUISA ",Not Applicable,"BETH ISRAEL DEACONESS MEDICAL CENTER", ,1997,143238,
"INHIBITION OF THE ANGIOGENIC RESPONSE","NCI","2108679",5R29CA065624-03,5,R29,CA,065624,03,,,"6168294","IRUELA-ARISPE, LUISA ",Not Applicable,"BETH ISRAEL DEACONESS MEDICAL CENTER", ,1996,133346,
"VASCULAR TARGETING IN BREAST CANCER","NCI","2390927",5R03CA070559-02,5,R03,CA,070559,02,,,"6168294","IRUELA-ARISPE, LUISA ",Not Applicable,"BETH ISRAEL DEACONESS MEDICAL CENTER", ,1997,83500,
"VASCULAR TARGETING IN BREAST CANCER","NCI","2114425",1R03CA070559-01,1,R03,CA,070559,01,,,"6168294","IRUELA-ARISPE, LUISA ",Not Applicable,"BETH ISRAEL DEACONESS MEDICAL CENTER", ,1996,83500,
"Suppression of Vascular Growth","NCI","7183456",5R01CA077420-09,5,R01,CA,077420,09,,,"6168294","IRUELA-ARISPE, LUISA ",Not Applicable,"UNIVERSITY OF CALIFORNIA LOS ANGELES", ,2007,261027,
"Suppression of Vascular Growth","NCI","7066552",5R01CA077420-08,5,R01,CA,077420,08,,,"6168294","IRUELA-ARISPE, LUISA ",Not Applicable,"UNIVERSITY OF CALIFORNIA LOS ANGELES", ,2006,268822,
"Suppression of Vascular Growth","NCI","6849778",5R01CA077420-07,5,R01,CA,077420,07,,,"6168294","IRUELA-ARISPE, LUISA ",Not Applicable,"UNIVERSITY OF CALIFORNIA LOS ANGELES", ,2005,274708,
"Suppression of Vascular Growth","NCI","6733469",2R01CA077420-06,2,R01,CA,077420,06,,,"6168294","IRUELA-ARISPE, LUISA ",Not Applicable,"UNIVERSITY OF CALIFORNIA LOS ANGELES", ,2004,272960,
"SUPPRESSION OF VASCULAR GROWTH","NCI","6628143",5R01CA077420-05,5,R01,CA,077420,05,,,"6168294","IRUELA-ARISPE, LUISA ",Not Applicable,"UNIVERSITY OF CALIFORNIA LOS ANGELES", ,2003,270865,
"SUPPRESSION OF VASCULAR GROWTH","NCI","6497470",5R01CA077420-04,5,R01,CA,077420,04,,,"6168294","IRUELA-ARISPE, LUISA ",Not Applicable,"UNIVERSITY OF CALIFORNIA LOS ANGELES", ,2002,383918,
"SUPPRESSION OF VASCULAR GROWTH","NCI","6448140",3R01CA077420-03S1,3,R01,CA,077420,03,S1,,"6168294","IRUELA-ARISPE, LUISA ",Not Applicable,"UNIVERSITY OF CALIFORNIA LOS ANGELES", ,2001,120943,
"SUPPRESSION OF VASCULAR GROWTH","NCI","6350280",5R01CA077420-03,5,R01,CA,077420,03,,,"6168294","IRUELA-ARISPE, LUISA ",Not Applicable,"UNIVERSITY OF CALIFORNIA LOS ANGELES", ,2001,255316,
"SUPPRESSION OF VASCULAR GROWTH","NCI","6173303",5R01CA077420-02,5,R01,CA,077420,02,,,"6168294","IRUELA-ARISPE, LUISA ",Not Applicable,"UNIVERSITY OF CALIFORNIA LOS ANGELES", ,2000,247880,
"SUPPRESSION OF VASCULAR GROWTH","NCI","2849539",1R01CA077420-01A1,1,R01,CA,077420,01,A1,,"6168294","IRUELA-ARISPE, LUISA ",Not Applicable,"UNIVERSITY OF CALIFORNIA LOS ANGELES", ,1999,219513,
"THERAPEUTIC ANTIANGIOGENESIS","NCI","6514530",5R01CA086256-03,5,R01,CA,086256,03,,,"6168294","IRUELA-ARISPE, LUISA ",Not Applicable,"UNIVERSITY OF CALIFORNIA LOS ANGELES", ,2002,244711,
"THERAPEUTIC ANTIANGIOGENESIS","NCI","6377883",5R01CA086256-02,5,R01,CA,086256,02,,,"6168294","IRUELA-ARISPE, LUISA ",Not Applicable,"UNIVERSITY OF CALIFORNIA LOS ANGELES", ,2001,238296,
"THERAPEUTIC ANTIANGIOGENESIS","NCI","6131655",1R01CA086256-01,1,R01,CA,086256,01,,,"6168294","IRUELA-ARISPE, LUISA ",Not Applicable,"UNIVERSITY OF CALIFORNIA LOS ANGELES", ,2000,234421,
"Angiogenesis and Microcirculation Gordon Conference","NCI","6752737",5R13CA103880-02,5,R13,CA,103880,02,,,"6168294","IRUELA-ARISPE, LUISA ",Not Applicable,"GORDON RESEARCH CONFERENCES", ,2005,13000,
"Angiogenesis and Microcirculation Gordon Conference","NCI","6704334",1R13CA103880-01,1,R13,CA,103880,01,,,"6168294","IRUELA-ARISPE, LUISA ",Not Applicable,"GORDON RESEARCH CONFERENCES", ,2003,23000,
"VEGF Signaling and Tumor Microenvironment","NCI","7243693",1R01CA126935-01,1,R01,CA,126935,01,,,"6168294","IRUELA-ARISPE, LUISA ",Not Applicable,"UNIVERSITY OF CALIFORNIA LOS ANGELES", ,2007,290308,
"Vascular Biology Training Grant","NHLBI","7168973",2T32HL069766-06,2,T32,HL,069766,06,,,"6168294","IRUELA-ARISPE, LUISA ",Not Applicable,"UNIVERSITY OF CALIFORNIA LOS ANGELES", ,2007,296967,
"Vascular Biology Training Grant","NHLBI","7017024",5T32HL069766-05,5,T32,HL,069766,05,,,"6168294","IRUELA-ARISPE, LUISA ",Not Applicable,"UNIVERSITY OF CALIFORNIA LOS ANGELES", ,2006,197510,
"Vascular Biology Training Grant","NHLBI","6871274",5T32HL069766-04,5,T32,HL,069766,04,,,"6168294","IRUELA-ARISPE, LUISA ",Not Applicable,"UNIVERSITY OF CALIFORNIA LOS ANGELES", ,2005,197510,
"Vascular Biology Training Grant","NHLBI","6727583",5T32HL069766-03,5,T32,HL,069766,03,,,"6168294","IRUELA-ARISPE, LUISA ",Not Applicable,"UNIVERSITY OF CALIFORNIA LOS ANGELES", ,2004,197510,
"Vascular Biology Training Grant","NHLBI","6622759",5T32HL069766-02,5,T32,HL,069766,02,,,"6168294","IRUELA-ARISPE, LUISA ",Not Applicable,"UNIVERSITY OF CALIFORNIA LOS ANGELES", ,2003,164040,
"Vascular Biology Training Grant","NHLBI","6454426",1T32HL069766-01,1,T32,HL,069766,01,,,"6168294","IRUELA-ARISPE, LUISA ",Not Applicable,"UNIVERSITY OF CALIFORNIA LOS ANGELES", ,2002,76745,
"Regulation of Vascular Function by Progesterone Receptor","NHLBI","7243405",5R01HL074455-05,5,R01,HL,074455,05,,,"6168294","IRUELA-ARISPE, LUISA ",Not Applicable,"UNIVERSITY OF CALIFORNIA LOS ANGELES", ,2007,358870,
"Regulation of Vascular Function by Progesterone Receptor","NHLBI","7078606",5R01HL074455-04,5,R01,HL,074455,04,,,"6168294","IRUELA-ARISPE, LUISA ",Not Applicable,"UNIVERSITY OF CALIFORNIA LOS ANGELES", ,2006,369667,
"Regulation of Vascular Function by Progesterone Receptor","NHLBI","6897975",5R01HL074455-03,5,R01,HL,074455,03,,,"6168294","IRUELA-ARISPE, LUISA ",Not Applicable,"UNIVERSITY OF CALIFORNIA LOS ANGELES", ,2005,378641,
"Regulation of Vascular Function by Progesterone Receptor","NHLBI","6757927",5R01HL074455-02,5,R01,HL,074455,02,,,"6168294","IRUELA-ARISPE, LUISA ",Not Applicable,"UNIVERSITY OF CALIFORNIA LOS ANGELES", ,2004,378716,
"Regulation of Vascular Function by Progesterone Receptor","NHLBI","6679824",1R01HL074455-01,1,R01,HL,074455,01,,,"6168294","IRUELA-ARISPE, LUISA ",Not Applicable,"UNIVERSITY OF CALIFORNIA LOS ANGELES", ,2003,378790,
"Notch Signaling in Vascular Development and Homeostasis","NHLBI","7257474",1R01HL085618-01A1,1,R01,HL,085618,01,A1,,"6168294","IRUELA-ARISPE, LUISA ",Not Applicable,"UNIVERSITY OF CALIFORNIA LOS ANGELES", ,2007,381984,

