----------------------------------------------------------------------------------Search Criteria:  Search in: Projects 		AdminIC: All; Principal Investigator / Project Leader: DIUK-WASSER; MARIA A; Fiscal Year: 2016; 2015; 2014; 2013; 2012; 2011; 2010; 2009; 2008; 2007; 2006; 2005; 2004; 2003; 2002; 2001; 2000; 1999; 1998; 1997; 1996 ----------------------------------------------------------------------------------Project Title,Administering  IC,Application ID,Project Number,Type,Activity,IC,Serial Number,Support Year,Suffix,Subproject Number ,Contact PI  Person ID,Contact PI / Project Leader,Other PI or Project Leader(s),Organization Name,ARRA Indicator,FY,FY Total Cost ,FY Total Cost  (Sub Projects),
"Probing the natural genomic diversity of Babesia microti","NIAID","9064063",5R21AI112938-02,5,R21,AI,112938,02,,,"6625773","CACCONE, ADALGISA  ","BEN MAMOUN, CHOUKRI ;DIUK-WASSER, MARIA ANA","YALE UNIVERSITY", ,2016,249750,
"Probing the natural genomic diversity of Babesia microti","NIAID","8824374",1R21AI112938-01A1,1,R21,AI,112938,01,A1,,"6625773","CACCONE, ADALGISA  ","BEN MAMOUN, CHOUKRI ;DIUK-WASSER, MARIA ANA","YALE UNIVERSITY", ,2015,208125,
"Determining the reservoir hosts for host-targeted control measures to prevent Lym","NIAID","7876872",5R03AI076856-02,5,R03,AI,076856,02,,,"8880585","DIUK-WASSER, MARIA ANA",Not Applicable,"YALE UNIVERSITY",YES,2010,82750,
"Determining the reservoir hosts for host-targeted control measures to prevent Lym","NIAID","7361845",1R03AI076856-01,1,R03,AI,076856,01,,,"8880585","DIUK-WASSER, MARIA ANA",Not Applicable,"YALE UNIVERSITY",YES,2009,82750,
"Babesiosis Emergence in the United States","NIGMS","9143150",5R01GM105246-05,5,R01,GM,105246,05,,,"8880585","DIUK-WASSER, MARIA ANA",Not Applicable,"COLUMBIA UNIV NEW YORK MORNINGSIDE", ,2016,398744,
"Babesiosis Emergence in the United States","NIGMS","8926454",5R01GM105246-04,5,R01,GM,105246,04,,,"8880585","DIUK-WASSER, MARIA ANA",Not Applicable,"COLUMBIA UNIV NEW YORK MORNINGSIDE", ,2015,398744,
"Babesiosis Emergence in the United States","NIGMS","8731255",7R01GM105246-03,7,R01,GM,105246,03,,,"8880585","DIUK-WASSER, MARIA ANA",Not Applicable,"COLUMBIA UNIV NEW YORK MORNINGSIDE", ,2014,405160,
"Babesiosis Emergence in the United States","NIGMS","8542878",5R01GM105246-02,5,R01,GM,105246,02,,,"8880585","DIUK-WASSER, MARIA ANA",Not Applicable,"YALE UNIVERSITY", ,2013,429549,
"Babesiosis Emergence in the United States","NIGMS","8452353",1R01GM105246-01,1,R01,GM,105246,01,,,"8880585","DIUK-WASSER, MARIA ANA",Not Applicable,"YALE UNIVERSITY", ,2012,411247,

