----------------------------------------------------------------------------------Search Criteria:  Search in: Projects 		AdminIC: All; Principal Investigator / Project Leader: KAY; MARK A; Fiscal Year: 2016; 2015; 2014; 2013; 2012; 2011; 2010; 2009; 2008; 2007; 2006; 2005; 2004; 2003; 2002; 2001; 2000; 1999; 1998; 1997; 1996 ----------------------------------------------------------------------------------Project Title,Administering  IC,Application ID,Project Number,Type,Activity,IC,Serial Number,Support Year,Suffix,Subproject Number ,Contact PI  Person ID,Contact PI / Project Leader,Other PI or Project Leader(s),Organization Name,ARRA Indicator,FY,FY Total Cost ,FY Total Cost  (Sub Projects),
"Novel Sources of Transplantable Beta-cell Replacements","NIDDK","8908448",3U01DK089569-05S1,3,U01,DK,089569,05,S1,,"1863620","GROMPE, MARKUS  ","KAESTNER, KLAUS H.;KAY, MARK A;STREETER, PHILIP R","OREGON HEALTH & SCIENCE UNIVERSITY", ,2014,287435,
"Novel Sources of Transplantable Beta-cell Replacements","NIDDK","8717652",5U01DK089569-05,5,U01,DK,089569,05,,,"1863620","GROMPE, MARKUS  ","KAESTNER, KLAUS H.;KAY, MARK A;STREETER, PHILIP R","OREGON HEALTH & SCIENCE UNIVERSITY", ,2014,99998,
"Novel Sources of Transplantable Beta-cell Replacements","NIDDK","8522279",5U01DK089569-04,5,U01,DK,089569,04,,,"1863620","GROMPE, MARKUS  ","KAESTNER, KLAUS H.;KAY, MARK A;STREETER, PHILIP R","OREGON HEALTH & SCIENCE UNIVERSITY", ,2013,1326946,
"Novel Sources of Transplantable Beta-cell Replacements","NIDDK","8316306",5U01DK089569-03,5,U01,DK,089569,03,,,"1863620","GROMPE, MARKUS  ","KAESTNER, KLAUS H.;KAY, MARK A;STREETER, PHILIP R","OREGON HEALTH & SCIENCE UNIVERSITY", ,2012,1375235,
"Novel Sources of Transplantable Beta-cell Replacements","NIDDK","8143487",5U01DK089569-02,5,U01,DK,089569,02,,,"1863620","GROMPE, MARKUS  ","KAESTNER, KLAUS H.;KAY, MARK A;STREETER, PHILIP R","OREGON HEALTH & SCIENCE UNIVERSITY", ,2011,1085949,
"Novel Sources of Transplantable Beta-cell Replacements","NIDDK","7994973",1U01DK089569-01,1,U01,DK,089569,01,,,"1863620","GROMPE, MARKUS  ","KAESTNER, KLAUS H.;KAY, MARK A;STREETER, PHILIP R","OREGON HEALTH & SCIENCE UNIVERSITY", ,2010,1085951,
"In vivo targeting of diabetes-relevant human cell types with rAAV vectors","NIDDK","8812513",1UC4DK104143-01,1,UC4,DK,104143,01,,,"1863620","GROMPE, MARKUS  ","KAY, MARK A;NAKAI, HIROYUKI ","OREGON HEALTH & SCIENCE UNIVERSITY", ,2014,3604708,
"RNAi - based Therapies for HCV Infection","NIAID","7014338",2U19AI040034-11,2,U19,AI,040034,11,,0009,"1876509","KAY, MARK A",Not Applicable,"ROCKEFELLER UNIVERSITY", ,2005,,80804
"ANIMAL MODELS","NIAID","6201362",5U19AI041320-04,5,U19,AI,041320,04,,0003,"1876509","KAY, MARK A",Not Applicable,"UNIVERSITY OF WASHINGTON", ,1999,,143423
"GENE THERAPY","NIAID","6201363",5U19AI041320-04,5,U19,AI,041320,04,,0004,"1876509","KAY, MARK A",Not Applicable,"UNIVERSITY OF WASHINGTON", ,1999,,143423
"ANIMAL MODELS","NIAID","6100151",5U19AI041320-03,5,U19,AI,041320,03,,0003,"1876509","KAY, MARK A",Not Applicable,"UNIVERSITY OF WASHINGTON", ,1998,,143423
"GENE THERAPY","NIAID","6100152",5U19AI041320-03,5,U19,AI,041320,03,,0004,"1876509","KAY, MARK A",Not Applicable,"UNIVERSITY OF WASHINGTON", ,1998,,143423
"ANIMAL MODELS","NIAID","6235570",5U19AI041320-02,5,U19,AI,041320,02,,0003,"1876509","KAY, MARK A",Not Applicable,"UNIVERSITY OF WASHINGTON", ,1997,,139377
"GENE THERAPY","NIAID","6235571",5U19AI041320-02,5,U19,AI,041320,02,,0004,"1876509","KAY, MARK A",Not Applicable,"UNIVERSITY OF WASHINGTON", ,1997,,139377
"ANIMAL MODELS","NIAID","5206059",1U19AI041320-01,1,U19,AI,041320,01,,0003,"1876509","KAY, MARK A",Not Applicable,"", ,1996,,,,,
"GENE THERAPY","NIAID","5206060",1U19AI041320-01,1,U19,AI,041320,01,,0004,"1876509","KAY, MARK A",Not Applicable,"", ,1996,,,,,
"Acute/chronic limitations to transcriptional RNAi therapies for infectious and other liver diseases","NIAID","9105280",2R01AI071068-11,2,R01,AI,071068,11,,,"1876509","KAY, MARK A",Not Applicable,"STANFORD UNIVERSITY", ,2016,481343,
"RNAi for the Treatment of Viral Hepatitis","NIAID","8887283",5R01AI071068-10,5,R01,AI,071068,10,,,"1876509","KAY, MARK A",Not Applicable,"STANFORD UNIVERSITY", ,2015,453663,
"RNAi for the Treatment of Viral Hepatitis","NIAID","8699664",5R01AI071068-09,5,R01,AI,071068,09,,,"1876509","KAY, MARK A",Not Applicable,"STANFORD UNIVERSITY", ,2014,453663,
"RNAi for the Treatment of Viral Hepatitis","NIAID","8508167",5R01AI071068-08,5,R01,AI,071068,08,,,"1876509","KAY, MARK A",Not Applicable,"STANFORD UNIVERSITY", ,2013,426443,
"RNAi for the Treatment of Viral Hepatitis","NIAID","8287523",5R01AI071068-07,5,R01,AI,071068,07,,,"1876509","KAY, MARK A",Not Applicable,"STANFORD UNIVERSITY", ,2012,453663,
"RNAi for the Treatment of Viral Hepatitis","NIAID","8109162",2R01AI071068-06,2,R01,AI,071068,06,,,"1876509","KAY, MARK A",Not Applicable,"STANFORD UNIVERSITY", ,2011,453945,
"RNAi for the Treatment of Viral Hepatitis","NIAID","7904219",5R01AI071068-05,5,R01,AI,071068,05,,,"1876509","KAY, MARK A",Not Applicable,"STANFORD UNIVERSITY", ,2010,374072,
"RNAi for the Treatment of Viral Hepatitis","NIAID","8045679",3R01AI071068-04S1,3,R01,AI,071068,04,S1,,"1876509","KAY, MARK A",Not Applicable,"STANFORD UNIVERSITY",YES,2010,183150,
"RNAi for the Treatment of Viral Hepatitis","NIAID","7673711",5R01AI071068-04,5,R01,AI,071068,04,,,"1876509","KAY, MARK A",Not Applicable,"STANFORD UNIVERSITY", ,2009,377602,
"RNAi for the Treatment of Viral Hepatitis","NIAID","7456497",5R01AI071068-03,5,R01,AI,071068,03,,,"1876509","KAY, MARK A",Not Applicable,"STANFORD UNIVERSITY", ,2008,377376,
"RNAi for the Treatment of Viral Hepatitis","NIAID","7266879",5R01AI071068-02,5,R01,AI,071068,02,,,"1876509","KAY, MARK A",Not Applicable,"STANFORD UNIVERSITY", ,2007,384442,
"RNAi for the Treatment of Viral Hepatitis","NIAID","7134352",1R01AI071068-01,1,R01,AI,071068,01,,,"1876509","KAY, MARK A",Not Applicable,"STANFORD UNIVERSITY", ,2006,395707,
"Selection of New rAAV Vectors Using Replicating Viral Capsids Libraries","NIAID","9022412",5R01AI116698-02,5,R01,AI,116698,02,,,"1876509","KAY, MARK A",Not Applicable,"STANFORD UNIVERSITY", ,2016,593119,
"Selection of New rAAV Vectors Using Replicating Viral Capsids Libraries","NIAID","8861132",1R01AI116698-01,1,R01,AI,116698,01,,,"1876509","KAY, MARK A",Not Applicable,"STANFORD UNIVERSITY", ,2015,593119,
"PILOT STUDY--HEPATIC GENE THERAPY FOR HEMOPHILIA A","NIDDK","6105599",3P30DK047754-05S2,3,P30,DK,047754,05,S2,0008,"1876509","KAY, MARK A",Not Applicable,"UNIVERSITY OF WASHINGTON", ,1999,,28717
"CORE--VECTOR FACILITY","NIDDK","6105600",3P30DK047754-05S2,3,P30,DK,047754,05,S2,9001,"1876509","KAY, MARK A",Not Applicable,"UNIVERSITY OF WASHINGTON", ,1999,,28717
"PILOT STUDY--HEPATIC GENE THERAPY FOR HEMOPHILIA A","NIDDK","6296479",3P30DK047754-05S1,3,P30,DK,047754,05,S1,0008,"1876509","KAY, MARK A",Not Applicable,"UNIVERSITY OF WASHINGTON", ,1998,,28717
"CORE--VECTOR FACILITY","NIDDK","6296480",3P30DK047754-05S1,3,P30,DK,047754,05,S1,9001,"1876509","KAY, MARK A",Not Applicable,"UNIVERSITY OF WASHINGTON", ,1998,,28717
"PILOT STUDY--HEPATIC GENE THERAPY FOR HEMOPHILIA A","NIDDK","6270763",5P30DK047754-05,5,P30,DK,047754,05,,0008,"1876509","KAY, MARK A",Not Applicable,"UNIVERSITY OF WASHINGTON", ,1998,,85358
"CORE--VECTOR FACILITY","NIDDK","6270764",5P30DK047754-05,5,P30,DK,047754,05,,9001,"1876509","KAY, MARK A",Not Applicable,"UNIVERSITY OF WASHINGTON", ,1998,,85358
"PILOT STUDY--HEPATIC GENE THERAPY FOR HEMOPHILIA A","NIDDK","6239141",5P30DK047754-04,5,P30,DK,047754,04,,0008,"1876509","KAY, MARK A",Not Applicable,"UNIVERSITY OF WASHINGTON", ,1997,,76050
"CORE--VECTOR FACILITY","NIDDK","6239142",5P30DK047754-04,5,P30,DK,047754,04,,9001,"1876509","KAY, MARK A",Not Applicable,"UNIVERSITY OF WASHINGTON", ,1997,,76050
"PILOT STUDY--HEPATIC GENE THERAPY FOR HEMOPHILIA A","NIDDK","5210829",5P30DK047754-03,5,P30,DK,047754,03,,0008,"1876509","KAY, MARK A",Not Applicable,"", ,1996,,,,,
"CORE--VECTOR FACILITY","NIDDK","5210830",5P30DK047754-03,5,P30,DK,047754,03,,9001,"1876509","KAY, MARK A",Not Applicable,"", ,1996,,,,,
"Improved Adenoviral Vectors for Hepatic Gene Therapy","NIDDK","7028393",5R01DK049022-12,5,R01,DK,049022,12,,,"1876509","KAY, MARK A",Not Applicable,"STANFORD UNIVERSITY", ,2006,314291,
"Improved Adenoviral Vectors for Hepatic Gene Therapy","NIDDK","6873620",5R01DK049022-11,5,R01,DK,049022,11,,,"1876509","KAY, MARK A",Not Applicable,"STANFORD UNIVERSITY", ,2005,321783,
"Improved Adenoviral Vectors for Hepatic Gene Therapy","NIDDK","6726931",5R01DK049022-10,5,R01,DK,049022,10,,,"1876509","KAY, MARK A",Not Applicable,"STANFORD UNIVERSITY", ,2004,321715,
"Improved Adenoviral Vectors for Hepatic Gene Therapy","NIDDK","6619070",2R01DK049022-09A1,2,R01,DK,049022,09,A1,,"1876509","KAY, MARK A",Not Applicable,"STANFORD UNIVERSITY", ,2003,320040,
"IMPROVED ADENOVIRAL VECTORS FOR HEPATIC GENE THERAPY","NIDDK","6619168",3R01DK049022-08S1,3,R01,DK,049022,08,S1,,"1876509","KAY, MARK A",Not Applicable,"STANFORD UNIVERSITY", ,2002,47100,
"IMPROVED ADENOVIRAL VECTORS FOR HEPATIC GENE THERAPY","NIDDK","6380941",5R01DK049022-08,5,R01,DK,049022,08,,,"1876509","KAY, MARK A",Not Applicable,"STANFORD UNIVERSITY", ,2001,283887,
"IMPROVED ADENOVIRAL VECTORS FOR HEPATIC GENE THERAPY","NIDDK","6177164",5R01DK049022-07,5,R01,DK,049022,07,,,"1876509","KAY, MARK A",Not Applicable,"STANFORD UNIVERSITY", ,2000,275618,
"IMPROVED ADENOVIRAL VECTORS FOR HEPATIC GENE THERAPY","NIDDK","2905697",5R01DK049022-06,5,R01,DK,049022,06,,,"1876509","KAY, MARK A",Not Applicable,"STANFORD UNIVERSITY", ,1999,267591,
"IMPROVED ADENOVIRAL VECTORS FOR HEPATIC GENE THERAPY","NIDDK","2770478",7R01DK049022-05,7,R01,DK,049022,05,,,"1876509","KAY, MARK A",Not Applicable,"STANFORD UNIVERSITY", ,1998,259798,
"IMPROVED ADENOVIRAL VECTORS FOR HEPATIC GENE THERAPY","NIDDK","2016886",2R01DK049022-04,2,R01,DK,049022,04,,,"1876509","KAY, MARK A",Not Applicable,"UNIVERSITY OF WASHINGTON", ,1997,239828,
"IMPROVED ADENOVIRAL VECTORS FOR HEPATIC GENE THERAPY","NIDDK","2149578",5R01DK049022-03,5,R01,DK,049022,03,,,"1876509","KAY, MARK A",Not Applicable,"UNIVERSITY OF WASHINGTON", ,1996,218779,
"ADJUNCT IMMUNOTHERAPY FOR ADENOVIRAL GENE THERAPY","NIDDK","2905928",5R01DK051807-04,5,R01,DK,051807,04,,,"1876509","KAY, MARK A",Not Applicable,"STANFORD UNIVERSITY", ,1999,247712,
"ADJUNCT IMMUNOTHERAPY FOR ADENOVIRAL GENE THERAPY","NIDDK","2770603",7R01DK051807-03,7,R01,DK,051807,03,,,"1876509","KAY, MARK A",Not Applicable,"STANFORD UNIVERSITY", ,1998,254634,
"ADJUNCT IMMUNOTHERAPY FOR ADENOVIRAL GENE THERAPY","NIDDK","2518568",5R01DK051807-02,5,R01,DK,051807,02,,,"1876509","KAY, MARK A",Not Applicable,"UNIVERSITY OF WASHINGTON", ,1997,245931,
"ADJUNCT IMMUNOTHERAPY FOR ADENOVIRAL GENE THERAPY","NIDDK","2017437",1R01DK051807-01,1,R01,DK,051807,01,,,"1876509","KAY, MARK A",Not Applicable,"UNIVERSITY OF WASHINGTON", ,1996,237560,
"CONFERENCE ON GENE THERAPY 2001:  A GENE ODYSSEY","NIDDK","6223589",1R13DK058526-01,1,R13,DK,058526,01,,,"1876509","KAY, MARK A",Not Applicable,"KEYSTONE SYMPOSIA", ,2001,16000,
"Studies on RNAi Based Delivery in Vivo","NIDDK","8667424",5R01DK078424-09,5,R01,DK,078424,09,,,"1876509","KAY, MARK A",Not Applicable,"STANFORD UNIVERSITY", ,2014,515649,
"Studies on RNAi Based Delivery in Vivo","NIDDK","8477180",5R01DK078424-08,5,R01,DK,078424,08,,,"1876509","KAY, MARK A",Not Applicable,"STANFORD UNIVERSITY", ,2013,506503,
"Studies on RNAi Based Delivery in Vivo","NIDDK","8281682",5R01DK078424-07,5,R01,DK,078424,07,,,"1876509","KAY, MARK A",Not Applicable,"STANFORD UNIVERSITY", ,2012,533921,
"Studies on RNAi Based Delivery in Vivo","NIDDK","8050114",5R01DK078424-06,5,R01,DK,078424,06,,,"1876509","KAY, MARK A",Not Applicable,"STANFORD UNIVERSITY", ,2011,542790,
"Studies on RNAi Based Delivery in Vivo","NIDDK","7899549",2R01DK078424-05,2,R01,DK,078424,05,,,"1876509","KAY, MARK A",Not Applicable,"STANFORD UNIVERSITY", ,2010,654135,
"Studies on RNAi Based Delivery in Vivo","NIDDK","7681127",5R01DK078424-04,5,R01,DK,078424,04,,,"1876509","KAY, MARK A",Not Applicable,"STANFORD UNIVERSITY", ,2009,319222,
"Studies on RNAi Based Delivery in Vivo","NIDDK","7484972",5R01DK078424-03,5,R01,DK,078424,03,,,"1876509","KAY, MARK A",Not Applicable,"STANFORD UNIVERSITY", ,2008,318992,
"Studies on RNAi Based Delivery in Vivo","NIDDK","7290342",5R01DK078424-02,5,R01,DK,078424,02,,,"1876509","KAY, MARK A",Not Applicable,"STANFORD UNIVERSITY", ,2007,325280,
"Studies on RNAi Based Delivery in Vivo","NIDDK","7172056",1R01DK078424-01,1,R01,DK,078424,01,,,"1876509","KAY, MARK A",Not Applicable,"STANFORD UNIVERSITY", ,2006,346766,
"HEPATIC GENE TRANSFER FOR THE TREATMENT OF HEMOPHILIA B","NHLBI","6056285",5R01HL053682-05,5,R01,HL,053682,05,,,"1876509","KAY, MARK A",Not Applicable,"STANFORD UNIVERSITY", ,1999,328608,
"HEPATIC GENE TRANSFER FOR THE TREATMENT OF HEMOPHILIA B","NHLBI","2771396",7R01HL053682-04,7,R01,HL,053682,04,,,"1876509","KAY, MARK A",Not Applicable,"STANFORD UNIVERSITY", ,1998,315969,
"HEPATIC GENE TRANSFER FOR THE TREATMENT OF HEMOPHILIA B","NHLBI","2519461",5R01HL053682-03,5,R01,HL,053682,03,,,"1876509","KAY, MARK A",Not Applicable,"UNIVERSITY OF WASHINGTON", ,1997,281462,
"HEPATIC GENE TRANSFER FOR THE TREATMENT OF HEMOPHILIA B","NHLBI","2231738",5R01HL053682-02,5,R01,HL,053682,02,,,"1876509","KAY, MARK A",Not Applicable,"UNIVERSITY OF WASHINGTON", ,1996,270638,
"Hepatic Gene Transfer for Treatment of Hemophilias A & B","NHLBI","9114644",5R01HL064274-15,5,R01,HL,064274,15,,,"1876509","KAY, MARK A",Not Applicable,"STANFORD UNIVERSITY", ,2016,551004,
"Hepatic Gene Transfer for Treatment of Hemophilias A & B","NHLBI","8963497",2R01HL064274-14A1,2,R01,HL,064274,14,A1,,"1876509","KAY, MARK A",Not Applicable,"STANFORD UNIVERSITY", ,2015,549017,
"Hepatic Gene Transfer for Treatment of Hemophilias A & B","NHLBI","8590213",5R01HL064274-13,5,R01,HL,064274,13,,,"1876509","KAY, MARK A",Not Applicable,"STANFORD UNIVERSITY", ,2014,536089,
"Hepatic Gene Transfer for Treatment of Hemophilias A & B","NHLBI","8389600",5R01HL064274-12,5,R01,HL,064274,12,,,"1876509","KAY, MARK A",Not Applicable,"STANFORD UNIVERSITY", ,2013,520771,
"Hepatic Gene Transfer for Treatment of Hemophilias A & B","NHLBI","8197377",5R01HL064274-11,5,R01,HL,064274,11,,,"1876509","KAY, MARK A",Not Applicable,"STANFORD UNIVERSITY", ,2012,547029,
"Hepatic Gene Transfer for Treatment of Hemophilias A & B","NHLBI","8008787",5R01HL064274-10,5,R01,HL,064274,10,,,"1876509","KAY, MARK A",Not Applicable,"STANFORD UNIVERSITY", ,2011,579815,
"Hepatic Gene Transfer for Treatment of Hemophilias A & B","NHLBI","7786299",2R01HL064274-09A2,2,R01,HL,064274,09,A2,,"1876509","KAY, MARK A",Not Applicable,"STANFORD UNIVERSITY", ,2010,587482,
"Hepatic Gene Transfer for Treatment of Hemophilias A&B","NHLBI","7383054",5R01HL064274-08,5,R01,HL,064274,08,,,"1876509","KAY, MARK A",Not Applicable,"STANFORD UNIVERSITY", ,2008,513056,
"Hepatic Gene Transfer for Treatment of Hemophilias A&B","NHLBI","7208004",5R01HL064274-07,5,R01,HL,064274,07,,,"1876509","KAY, MARK A",Not Applicable,"STANFORD UNIVERSITY", ,2007,508011,
"Hepatic Gene Transfer for Treatment of Hemophilias A&B","NHLBI","7034609",5R01HL064274-06,5,R01,HL,064274,06,,,"1876509","KAY, MARK A",Not Applicable,"STANFORD UNIVERSITY", ,2006,507684,
"Hepatic Gene Transfer for Treatment of Hemophilias A&B","NHLBI","6925843",2R01HL064274-05A1,2,R01,HL,064274,05,A1,,"1876509","KAY, MARK A",Not Applicable,"STANFORD UNIVERSITY", ,2005,504498,
"HEPATIC GENE TRANSFER FOR TREATMENT OF HEMOPHILIAS A & B","NHLBI","6653195",5R01HL064274-04,5,R01,HL,064274,04,,,"1876509","KAY, MARK A",Not Applicable,"STANFORD UNIVERSITY", ,2003,451567,
"HEPATIC GENE TRANSFER FOR TREATMENT OF HEMOPHILIAS A & B","NHLBI","6527311",5R01HL064274-03,5,R01,HL,064274,03,,,"1876509","KAY, MARK A",Not Applicable,"STANFORD UNIVERSITY", ,2002,439648,
"HEPATIC GENE TRANSFER FOR TREATMENT OF HEMOPHILIAS A & B","NHLBI","6390616",5R01HL064274-02,5,R01,HL,064274,02,,,"1876509","KAY, MARK A",Not Applicable,"STANFORD UNIVERSITY", ,2001,426844,
"HEPATIC GENE TRANSFER FOR TREATMENT OF HEMOPHILIAS A & B","NHLBI","6045637",1R01HL064274-01,1,R01,HL,064274,01,,,"1876509","KAY, MARK A",Not Applicable,"STANFORD UNIVERSITY", ,2000,414411,
"Novel AAVs for Gene Therapy","NHLBI","7154979",2U01HL066948-06,2,U01,HL,066948,06,,0003,"1876509","KAY, MARK A",Not Applicable,"STANFORD UNIVERSITY", ,2005,,414710
"Gene Therapy for Hemophilia","NHLBI","6964456",2U01HL066948-06,2,U01,HL,066948,06,,,"1876509","KAY, MARK A",Not Applicable,"STANFORD UNIVERSITY", ,2005,2146255,
"GENE THERAPY FOR HEMOPHILIA AND CORONARY ARTERY DISEASE","NHLBI","6802378",5U01HL066948-05,5,U01,HL,066948,05,,,"1876509","KAY, MARK A",Not Applicable,"STANFORD UNIVERSITY", ,2004,2687829,
"Isolated liver perfusion rAAV & nonviral vector delivery","NHLBI","6802369",5U01HL066948-04,5,U01,HL,066948,04,,0003,"1876509","KAY, MARK A",Not Applicable,"STANFORD UNIVERSITY", ,2003,,248650
"GENE THERAPY FOR HEMOPHILIA AND CORONARY ARTERY DISEASE","NHLBI","6663785",5U01HL066948-04,5,U01,HL,066948,04,,,"1876509","KAY, MARK A",Not Applicable,"STANFORD UNIVERSITY", ,2003,2702124,
"Isolated liver perfusion rAAV & nonviral vector delivery","NHLBI","6664068",5U01HL066948-03,5,U01,HL,066948,03,,0003,"1876509","KAY, MARK A",Not Applicable,"STANFORD UNIVERSITY", ,2002,,248650
"GENE THERAPY FOR HEMOPHILIA AND CORONARY ARTERY DISEASE","NHLBI","6527952",5U01HL066948-03,5,U01,HL,066948,03,,,"1876509","KAY, MARK A",Not Applicable,"STANFORD UNIVERSITY", ,2002,2672209,
"Isolated liver perfusion rAAV & nonviral vector delivery","NHLBI","6501563",5U01HL066948-02,5,U01,HL,066948,02,,0003,"1876509","KAY, MARK A",Not Applicable,"STANFORD UNIVERSITY", ,2001,,248650
"GENE THERAPY FOR HEMOPHILIA AND CORONARY ARTERY DISEASE","NHLBI","6390983",5U01HL066948-02,5,U01,HL,066948,02,,,"1876509","KAY, MARK A",Not Applicable,"STANFORD UNIVERSITY", ,2001,2644211,
"Isolated liver perfusion rAAV & nonviral vector delivery","NHLBI","6365586",1U01HL066948-01,1,U01,HL,066948,01,,0003,"1876509","KAY, MARK A",Not Applicable,"STANFORD UNIVERSITY", ,2000,,248650
"GENE THERAPY FOR HEMOPHILIA AND CORONARY ARTERY DISEASE","NHLBI","6311937",1U01HL066948-01,1,U01,HL,066948,01,,,"1876509","KAY, MARK A",Not Applicable,"STANFORD UNIVERSITY", ,2000,2649651,
"Molecular Evolution Strategies to Derive New Recombinant AAV Vectors","NHLBI","8230691",5R01HL092096-04,5,R01,HL,092096,04,,,"1876509","KAY, MARK A",Not Applicable,"STANFORD UNIVERSITY", ,2012,553305,
"Molecular Evolution Strategies to Derive New Recombinant AAV Vectors","NHLBI","8044028",5R01HL092096-03,5,R01,HL,092096,03,,,"1876509","KAY, MARK A",Not Applicable,"STANFORD UNIVERSITY", ,2011,555213,
"Molecular Evolution Strategies to Derive New Recombinant AAV Vectors","NHLBI","7792257",5R01HL092096-02,5,R01,HL,092096,02,,,"1876509","KAY, MARK A",Not Applicable,"STANFORD UNIVERSITY", ,2010,557152,
"Molecular Evolution Strategies to Derive New Recombinant AAV Vectors","NHLBI","7654164",1R01HL092096-01A2,1,R01,HL,092096,01,A2,,"1876509","KAY, MARK A",Not Applicable,"STANFORD UNIVERSITY", ,2009,553871,
"PRECLINICAL HEPATIC GENE THERAPY","NCRR","6116377",5P51RR000166-38,5,P51,RR,000166,38,,0088,"1876509","KAY, MARK A",Not Applicable,"UNIVERSITY OF WASHINGTON", ,1999,,86716
"PRECLINICAL HEPATIC GENE THERAPY","NCRR","6277611",5P51RR000166-37,5,P51,RR,000166,37,,0088,"1876509","KAY, MARK A",Not Applicable,"UNIVERSITY OF WASHINGTON", ,1998,,72299
"PRECLINICAL HEPATIC GENE THERAPY","NCRR","6247435",2P51RR000166-36,2,P51,RR,000166,36,,0041,"1876509","KAY, MARK A",Not Applicable,"UNIVERSITY OF WASHINGTON", ,1997,,43530

