----------------------------------------------------------------------------------Search Criteria:  Search in: Projects 		AdminIC: All; Principal Investigator / Project Leader: DAVIS; MARK M; Fiscal Year: 2016; 2015; 2014; 2013; 2012; 2011; 2010; 2009; 2008; 2007; 2006; 2005; 2004; 2003; 2002; 2001; 2000; 1999; 1998; 1997; 1996 ----------------------------------------------------------------------------------Project Title,Administering  IC,Application ID,Project Number,Type,Activity,IC,Serial Number,Support Year,Suffix,Subproject Number ,Contact PI  Person ID,Contact PI / Project Leader,Other PI or Project Leader(s),Organization Name,ARRA Indicator,FY,FY Total Cost ,FY Total Cost  (Sub Projects),
"Modeling the Molecular Determinants of Induced Anti-Tumor Immune Responses in Mantle Cell Lymphoma","NCI","9070633",5U01CA194389-02,5,U01,CA,194389,02,,,"9743829","ALIZADEH, ARASH ASH ","DAVIS, MARK MORRIS;ELIAS, JOSHUA E;LEVY, RONALD ","STANFORD UNIVERSITY", ,2016,638806,
"Modeling the Molecular Determinants of Induced Anti-Tumor Immune Responses in Mantle Cell Lymphoma","NCI","8875266",1U01CA194389-01,1,U01,CA,194389,01,,,"9743829","ALIZADEH, ARASH ASH ","DAVIS, MARK MORRIS;ELIAS, JOSHUA E;LEVY, RONALD ","STANFORD UNIVERSITY", ,2015,626964,
"EXPRESSION OF BLIMP-1 GENE","NIAID","6099163",5P01AI019512-16,5,P01,AI,019512,16,,0015,"1884203","DAVIS, MARK M",Not Applicable,"STANFORD UNIVERSITY", ,1998,,134473
"EXPRESSION OF BLIMP-1 GENE","NIAID","6234678",2P01AI019512-15,2,P01,AI,019512,15,,0015,"1884203","DAVIS, MARK M",Not Applicable,"STANFORD UNIVERSITY", ,1997,,136889
"EXPRESSION OF BLIMP-1 GENE","NIAID","5205085",5P01AI019512-14,5,P01,AI,019512,14,,0015,"1884203","DAVIS, MARK M",Not Applicable,"", ,1996,,,,,
"TCR REPERTOIRE IN ISLET SPECIFIC T CELLS OF NOD MICE","NIDDK","6239043",5P01DK044837-05S1,5,P01,DK,044837,05,S1,0002,"1884203","DAVIS, MARK M",Not Applicable,"STANFORD UNIVERSITY", ,1997,,19587
"TCR REPERTOIRE IN ISLET SPECIFIC T CELLS OF NOD MICE","NIDDK","5210720",5P01DK044837-05,5,P01,DK,044837,05,,0002,"1884203","DAVIS, MARK M",Not Applicable,"", ,1996,,,,,
"PATHOGENESIS AND PREVENTION OF TYPE I DIABETES IN THE NOD MOUSE AND MAN","NIDDK","6320840",5P01DK053005-03,5,P01,DK,053005,03,,0003,"1884203","DAVIS, MARK M",Not Applicable,"STANFORD UNIVERSITY", ,2000,,139403
"PATHOGENESIS AND PREVENTION OF TYPE I DIABETES IN THE NOD MOUSE AND MAN","NIDDK","6105793",5P01DK053005-02,5,P01,DK,053005,02,,0003,"1884203","DAVIS, MARK M",Not Applicable,"STANFORD UNIVERSITY", ,1999,,139403
"PATHOGENESIS AND PREVENTION OF TYPE I DIABETES IN THE NOD MOUSE AND MAN","NIDDK","6270853",1P01DK053005-01,1,P01,DK,053005,01,,0003,"1884203","DAVIS, MARK M",Not Applicable,"STANFORD UNIVERSITY", ,1998,,131389
"Murine T Cell Receptor Structure and Recognition","NIAID","8616328",5R01AI022511-30,5,R01,AI,022511,30,,,"1884203","DAVIS, MARK MORRIS",Not Applicable,"STANFORD UNIVERSITY", ,2014,398119,
"Murine T Cell Receptor Structure and Recognition","NIAID","8434194",5R01AI022511-29,5,R01,AI,022511,29,,,"1884203","DAVIS, MARK MORRIS",Not Applicable,"STANFORD UNIVERSITY", ,2013,373541,
"Murine T Cell Receptor Structure and Recognition","NIAID","8217090",5R01AI022511-28,5,R01,AI,022511,28,,,"1884203","DAVIS, MARK MORRIS",Not Applicable,"STANFORD UNIVERSITY", ,2012,396676,
"Murine T Cell Receptor Structure and Recognition","NIAID","8024503",5R01AI022511-27,5,R01,AI,022511,27,,,"1884203","DAVIS, MARK MORRIS",Not Applicable,"STANFORD UNIVERSITY", ,2011,381140,
"Murine T Cell Receptor Structure and Recognition","NIAID","7889911",2R01AI022511-26,2,R01,AI,022511,26,,,"1884203","DAVIS, MARK MORRIS",Not Applicable,"STANFORD UNIVERSITY", ,2010,397605,
"Murine T-cell Receptor Structure and Recognition","NIAID","7570014",5R01AI022511-25,5,R01,AI,022511,25,,,"1884203","DAVIS, MARK MORRIS",Not Applicable,"STANFORD UNIVERSITY", ,2009,272239,
"Murine T-cell Receptor Structure and Recognition","NIAID","7379932",5R01AI022511-24,5,R01,AI,022511,24,,,"1884203","DAVIS, MARK MORRIS",Not Applicable,"STANFORD UNIVERSITY", ,2008,271786,
"Murine T-cell Receptor Structure and Recognition","NIAID","7176182",5R01AI022511-23,5,R01,AI,022511,23,,,"1884203","DAVIS, MARK MORRIS",Not Applicable,"STANFORD UNIVERSITY", ,2007,276623,
"Murine T-cell Receptor Structure and Recognition","NIAID","7066022",5R01AI022511-22,5,R01,AI,022511,22,,,"1884203","DAVIS, MARK MORRIS",Not Applicable,"STANFORD UNIVERSITY", ,2006,284444,
"Murine T-cell Receptor Structure and Recognition","NIAID","6987248",2R01AI022511-21,2,R01,AI,022511,21,,,"1884203","DAVIS, MARK MORRIS",Not Applicable,"STANFORD UNIVERSITY", ,2005,247935,
"MURINE T-CELL RECEPTOR STRUCTURE AND RECOGNITION","NIAID","6743149",5R37AI022511-20,5,R37,AI,022511,20,,,"1884203","DAVIS, MARK MORRIS",Not Applicable,"STANFORD UNIVERSITY", ,2004,284201,
"MURINE T-CELL RECEPTOR STRUCTURE AND RECOGNITION","NIAID","6615538",5R37AI022511-19,5,R37,AI,022511,19,,,"1884203","DAVIS, MARK MORRIS",Not Applicable,"STANFORD UNIVERSITY", ,2003,277681,
"MURINE T-CELL RECEPTOR STRUCTURE AND RECOGNITION","NIAID","6532670",5R37AI022511-18,5,R37,AI,022511,18,,,"1884203","DAVIS, MARK MORRIS",Not Applicable,"STANFORD UNIVERSITY", ,2002,251265,
"MURINE T-CELL RECEPTOR STRUCTURE AND RECOGNITION","NIAID","6373071",5R37AI022511-17,5,R37,AI,022511,17,,,"1884203","DAVIS, MARK MORRIS",Not Applicable,"STANFORD UNIVERSITY", ,2001,264948,
"MURINE T-CELL RECEPTOR STRUCTURE AND RECOGNITION","NIAID","6072515",4R37AI022511-16,4,R37,AI,022511,16,,,"1884203","DAVIS, MARK MORRIS",Not Applicable,"STANFORD UNIVERSITY", ,2000,258129,
"MURINE T CELL RECEPTOR STRUCTURE AND RECOGNITION","NIAID","2886485",5R37AI022511-15,5,R37,AI,022511,15,,,"1884203","DAVIS, MARK MORRIS",Not Applicable,"STANFORD UNIVERSITY", ,1999,234673,
"MURINE T CELL RECEPTOR STRUCTURE AND RECOGNITION","NIAID","2671829",5R37AI022511-14,5,R37,AI,022511,14,,,"1884203","DAVIS, MARK MORRIS",Not Applicable,"STANFORD UNIVERSITY", ,1998,225650,
"MURINE T CELL RECEPTOR STRUCTURE AND RECOGNITION","NIAID","2457712",5R37AI022511-13,5,R37,AI,022511,13,,,"1884203","DAVIS, MARK MORRIS",Not Applicable,"STANFORD UNIVERSITY", ,1997,216969,
"MURINE T CELL RECEPTOR STRUCTURE AND RECOGNITION","NIAID","2061853",5R37AI022511-12,5,R37,AI,022511,12,,,"1884203","DAVIS, MARK MORRIS",Not Applicable,"STANFORD UNIVERSITY", ,1996,186877,
"The Role of CD4+ Memory Phenotype; Memory; and Effector T Cells in Vaccination","NIAID","9041495",5U19AI057229-13,5,U19,AI,057229,13,,7617,"1884203","DAVIS, MARK MORRIS",Not Applicable,"STANFORD UNIVERSITY", ,2016,,286356
"Administrative Core","NIAID","9041499",5U19AI057229-13,5,U19,AI,057229,13,,7621,"1884203","DAVIS, MARK MORRIS",Not Applicable,"STANFORD UNIVERSITY", ,2016,,62838
"Pilot Projects Core","NIAID","9041500",5U19AI057229-13,5,U19,AI,057229,13,,7622,"1884203","DAVIS, MARK MORRIS",Not Applicable,"STANFORD UNIVERSITY", ,2016,,104502
"Opportunity Fund Management Core","NIAID","9041505",5U19AI057229-13,5,U19,AI,057229,13,,7627,"1884203","DAVIS, MARK MORRIS",Not Applicable,"STANFORD UNIVERSITY", ,2016,,1922104
"Adaptive and Innate Immunity; Memory and Repertoire in Vaccination and Infection","NIAID","9041493",5U19AI057229-13,5,U19,AI,057229,13,,,"1884203","DAVIS, MARK MORRIS",Not Applicable,"STANFORD UNIVERSITY", ,2016,4833207,
"The Role of CD4+ Memory Phenotype; Memory; and Effector T Cells in Vaccination","NIAID","8833759",5U19AI057229-12,5,U19,AI,057229,12,,7617,"1884203","DAVIS, MARK MORRIS",Not Applicable,"STANFORD UNIVERSITY", ,2015,,292855
"Administrative Core","NIAID","8833764",5U19AI057229-12,5,U19,AI,057229,12,,7621,"1884203","DAVIS, MARK MORRIS",Not Applicable,"STANFORD UNIVERSITY", ,2015,,471303
"Pilot Projects Core","NIAID","8833765",5U19AI057229-12,5,U19,AI,057229,12,,7622,"1884203","DAVIS, MARK MORRIS",Not Applicable,"STANFORD UNIVERSITY", ,2015,,149970
"Opportunity Fund Management Core","NIAID","8833770",5U19AI057229-12,5,U19,AI,057229,12,,7627,"1884203","DAVIS, MARK MORRIS",Not Applicable,"STANFORD UNIVERSITY", ,2015,,1348101
"Adaptive and Innate Immunity; Memory and Repertoire in Vaccination and Infection","NIAID","8829131",5U19AI057229-12,5,U19,AI,057229,12,,,"1884203","DAVIS, MARK MORRIS",Not Applicable,"STANFORD UNIVERSITY", ,2015,4299740,
"The Role of CD4+ Memory Phenotype; Memory; and Effector T Cells in Vaccination","NIAID","8726094",2U19AI057229-11,2,U19,AI,057229,11,,7617,"1884203","DAVIS, MARK MORRIS",Not Applicable,"STANFORD UNIVERSITY", ,2014,,268514
"Administrative Core","NIAID","8726098",2U19AI057229-11,2,U19,AI,057229,11,,7621,"1884203","DAVIS, MARK MORRIS",Not Applicable,"STANFORD UNIVERSITY", ,2014,,44759
"Pilot Projects Core","NIAID","8726099",2U19AI057229-11,2,U19,AI,057229,11,,7622,"1884203","DAVIS, MARK MORRIS",Not Applicable,"STANFORD UNIVERSITY", ,2014,,96720
"Opportunity Fund Management Core","NIAID","8726104",2U19AI057229-11,2,U19,AI,057229,11,,7627,"1884203","DAVIS, MARK MORRIS",Not Applicable,"STANFORD UNIVERSITY", ,2014,,1391618
"Adaptive and Innate Immunity; Memory and Repertoire in Vaccination and Infection","NIAID","8708279",2U19AI057229-11,2,U19,AI,057229,11,,,"1884203","DAVIS, MARK MORRIS",Not Applicable,"STANFORD UNIVERSITY", ,2014,3883567,
"T Cell and General Immune Responses to Influenza","NIAID","8508796",5U19AI057229-10,5,U19,AI,057229,10,,8701,"1884203","DAVIS, MARK MORRIS",Not Applicable,"STANFORD UNIVERSITY", ,2013,,240483
"Administrative Core","NIAID","8508800",5U19AI057229-10,5,U19,AI,057229,10,,8705,"1884203","DAVIS, MARK MORRIS",Not Applicable,"STANFORD UNIVERSITY", ,2013,,131875
"Pilot Projects Core","NIAID","8508802",5U19AI057229-10,5,U19,AI,057229,10,,8706,"1884203","DAVIS, MARK MORRIS",Not Applicable,"STANFORD UNIVERSITY", ,2013,,159840
"Influenza Immunity:  Protective Mechanisms Against Pandemic Respiratory Virus","NIAID","8508794",5U19AI057229-10,5,U19,AI,057229,10,,,"1884203","DAVIS, MARK MORRIS",Not Applicable,"STANFORD UNIVERSITY", ,2013,2606671,
"T Cell and General Immune Responses to Influenza","NIAID","8375626",5U19AI057229-09,5,U19,AI,057229,09,,8701,"1884203","DAVIS, MARK MORRIS",Not Applicable,"STANFORD UNIVERSITY", ,2012,,241594
"Administrative Core","NIAID","8375633",5U19AI057229-09,5,U19,AI,057229,09,,8705,"1884203","DAVIS, MARK MORRIS",Not Applicable,"STANFORD UNIVERSITY", ,2012,,114583
"Pilot Projects Core","NIAID","8375634",5U19AI057229-09,5,U19,AI,057229,09,,8706,"1884203","DAVIS, MARK MORRIS",Not Applicable,"STANFORD UNIVERSITY", ,2012,,356830
"Influenza Immunity:  Protective Mechanisms Against Pandemic Respiratory Virus","NIAID","8249159",5U19AI057229-09,5,U19,AI,057229,09,,,"1884203","DAVIS, MARK MORRIS",Not Applicable,"STANFORD UNIVERSITY", ,2012,2815441,
"T Cell and General Immune Responses to Influenza","NIAID","8249149",5U19AI057229-08,5,U19,AI,057229,08,,8701,"1884203","DAVIS, MARK MORRIS",Not Applicable,"STANFORD UNIVERSITY", ,2011,,278951
"Administrative Core","NIAID","8249153",5U19AI057229-08,5,U19,AI,057229,08,,8705,"1884203","DAVIS, MARK MORRIS",Not Applicable,"STANFORD UNIVERSITY", ,2011,,181546
"Pilot Projects Core","NIAID","8249154",5U19AI057229-08,5,U19,AI,057229,08,,8706,"1884203","DAVIS, MARK MORRIS",Not Applicable,"STANFORD UNIVERSITY", ,2011,,186417
"Influenza Immunity:  Protective Mechanisms Against Pandemic Respiratory Virus","NIAID","8060528",5U19AI057229-08,5,U19,AI,057229,08,,,"1884203","DAVIS, MARK MORRIS",Not Applicable,"STANFORD UNIVERSITY", ,2011,2879059,
"Influenza Immunity:  Protective Mechanisms Against Pandemic Respiratory Virus","NIAID","8115710",3U19AI057229-07S1,3,U19,AI,057229,07,S1,,"1884203","DAVIS, MARK MORRIS",Not Applicable,"STANFORD UNIVERSITY",YES,2010,1012718,
"T Cell and General Immune Responses to Influenza","NIAID","8060519",5U19AI057229-07,5,U19,AI,057229,07,,8701,"1884203","DAVIS, MARK MORRIS",Not Applicable,"STANFORD UNIVERSITY", ,2010,,283719
"Administrative Core","NIAID","8060523",5U19AI057229-07,5,U19,AI,057229,07,,8705,"1884203","DAVIS, MARK MORRIS",Not Applicable,"STANFORD UNIVERSITY", ,2010,,184720
"Pilot Projects Core","NIAID","8060524",5U19AI057229-07,5,U19,AI,057229,07,,8706,"1884203","DAVIS, MARK MORRIS",Not Applicable,"STANFORD UNIVERSITY", ,2010,,204522
"Influenza Immunity:  Protective Mechanisms Against Pandemic Respiratory Virus","NIAID","7787002",5U19AI057229-07,5,U19,AI,057229,07,,,"1884203","DAVIS, MARK MORRIS",Not Applicable,"STANFORD UNIVERSITY", ,2010,2928907,
"Influenza Immunity:  Protective Mechanisms Against Pandemic Respiratory Virus","NIAID","7935776",3U19AI057229-06S3,3,U19,AI,057229,06,S3,,"1884203","DAVIS, MARK MORRIS",Not Applicable,"STANFORD UNIVERSITY",YES,2009,1529800,
"Influenza Immunity:  Protective Mechanisms Against Pandemic Respiratory Virus","NIAID","7918570",3U19AI057229-06S2,3,U19,AI,057229,06,S2,,"1884203","DAVIS, MARK MORRIS",Not Applicable,"STANFORD UNIVERSITY",YES,2009,1600000,
"Influenza Immunity:  Protective Mechanisms Against Pandemic Respiratory Virus","NIAID","7846526",3U19AI057229-06S1,3,U19,AI,057229,06,S1,,"1884203","DAVIS, MARK MORRIS",Not Applicable,"STANFORD UNIVERSITY",YES,2009,79610,
"T Cell and General Immune Responses to Influenza","NIAID","7701553",2U19AI057229-06,2,U19,AI,057229,06,,8701,"1884203","DAVIS, MARK MORRIS",Not Applicable,"STANFORD UNIVERSITY", ,2009,,286076
"Administrative Core","NIAID","7701557",2U19AI057229-06,2,U19,AI,057229,06,,8705,"1884203","DAVIS, MARK MORRIS",Not Applicable,"STANFORD UNIVERSITY", ,2009,,186076
"Pilot Projects Core","NIAID","7701558",2U19AI057229-06,2,U19,AI,057229,06,,8706,"1884203","DAVIS, MARK MORRIS",Not Applicable,"STANFORD UNIVERSITY", ,2009,,191076
"Influenza Immunity:  Protective Mechanisms Against Pandemic Respiratory Virus","NIAID","7664020",2U19AI057229-06,2,U19,AI,057229,06,,,"1884203","DAVIS, MARK MORRIS",Not Applicable,"STANFORD UNIVERSITY", ,2009,3040455,
"Protective Mechanisms Against Pandemic Respiratory Virus","NIAID","7657156",3U19AI057229-05S1,3,U19,AI,057229,05,S1,0008,"1884203","DAVIS, MARK MORRIS",Not Applicable,"STANFORD UNIVERSITY", ,2008,,725892
"Protective Mechanisms Against Pandemic Respiratory Virus (Resource B)","NIAID","7657182",3U19AI057229-05S1,3,U19,AI,057229,05,S1,0017,"1884203","DAVIS, MARK MORRIS",Not Applicable,"STANFORD UNIVERSITY", ,2008,,177098
"Listeria Epitopes TCR Transgenics Antigen Sensitivity and Early Signaling","NIAID","8098135",5P01AI071195-05,5,P01,AI,071195,05,,0001,"1884203","DAVIS, MARK MORRIS",Not Applicable,"MASSACHUSETTS INSTITUTE OF TECHNOLOGY", ,2010,,358839
"Listeria Epitopes TCR Transgenics Antigen Sensitivity and Early Signaling","NIAID","7894718",5P01AI071195-04,5,P01,AI,071195,04,,0001,"1884203","DAVIS, MARK MORRIS",Not Applicable,"MASSACHUSETTS INSTITUTE OF TECHNOLOGY", ,2009,,352852
"Listeria Epitopes TCR Transgenics Antigen Sensitivity and Early Signaling","NIAID","7679656",5P01AI071195-03,5,P01,AI,071195,03,,0001,"1884203","DAVIS, MARK MORRIS",Not Applicable,"MASSACHUSETTS INSTITUTE OF TECHNOLOGY", ,2008,,334957
"Listeria Epitopes TCR Transgenics Antigen Sensitivity and Early Signaling","NIAID","7467909",5P01AI071195-02,5,P01,AI,071195,02,,0001,"1884203","DAVIS, MARK MORRIS",Not Applicable,"MASSACHUSETTS INSTITUTE OF TECHNOLOGY", ,2007,,367629
"Listeria Epitopes TCR Transgenics Antigen Sensitivity and Early Signaling","NIAID","7164000",1P01AI071195-01,1,P01,AI,071195,01,,0001,"1884203","DAVIS, MARK MORRIS",Not Applicable,"MASSACHUSETTS INSTITUTE OF TECHNOLOGY", ,2006,,373880
"Vaccination and infection: indicators of immunological health and responsiveness","NIAID","9108028",3U19AI090019-05S1,3,U19,AI,090019,05,S1,,"1884203","DAVIS, MARK MORRIS",Not Applicable,"STANFORD UNIVERSITY", ,2015,482999,
"T cell responses to H1N1v and a longitudinal study of seasonal flu vaccination","NIAID","8705363",5U19AI090019-05,5,U19,AI,090019,05,,7078,"1884203","DAVIS, MARK MORRIS",Not Applicable,"STANFORD UNIVERSITY", ,2014,,277508
"Administrative and Clinical Core","NIAID","8705368",5U19AI090019-05,5,U19,AI,090019,05,,7083,"1884203","DAVIS, MARK MORRIS",Not Applicable,"STANFORD UNIVERSITY", ,2014,,634425
"Pilot Projects Core","NIAID","8705369",5U19AI090019-05,5,U19,AI,090019,05,,7084,"1884203","DAVIS, MARK MORRIS",Not Applicable,"STANFORD UNIVERSITY", ,2014,,5082
"Vaccination and infection: indicators of immunological health and responsiveness","NIAID","8705360",5U19AI090019-05,5,U19,AI,090019,05,,,"1884203","DAVIS, MARK MORRIS",Not Applicable,"STANFORD UNIVERSITY", ,2014,3006319,
"T cell responses to H1N1 and a longitudinal study of seasonal flu vaccination","NIAID","8509589",5U19AI090019-04,5,U19,AI,090019,04,,7078,"1884203","DAVIS, MARK MORRIS",Not Applicable,"STANFORD UNIVERSITY", ,2013,,250112
"Administrative and Clinical Core","NIAID","8509594",5U19AI090019-04,5,U19,AI,090019,04,,7083,"1884203","DAVIS, MARK MORRIS",Not Applicable,"STANFORD UNIVERSITY", ,2013,,487541
"Pilot Projects Core","NIAID","8509595",5U19AI090019-04,5,U19,AI,090019,04,,7084,"1884203","DAVIS, MARK MORRIS",Not Applicable,"STANFORD UNIVERSITY", ,2013,,4676
"Vaccination and infection: indicators of immunological health and responsiveness","NIAID","8509587",5U19AI090019-04,5,U19,AI,090019,04,,,"1884203","DAVIS, MARK MORRIS",Not Applicable,"STANFORD UNIVERSITY", ,2013,2908842,
"T cell responses to H1N1 and a longitudinal study of seasonal flu vaccination","NIAID","8377319",5U19AI090019-03,5,U19,AI,090019,03,,7078,"1884203","DAVIS, MARK MORRIS",Not Applicable,"STANFORD UNIVERSITY", ,2012,,230155
"Administrative and Clinical Core","NIAID","8377331",5U19AI090019-03,5,U19,AI,090019,03,,7083,"1884203","DAVIS, MARK MORRIS",Not Applicable,"STANFORD UNIVERSITY", ,2012,,506405
"Pilot Projects Core","NIAID","8377333",5U19AI090019-03,5,U19,AI,090019,03,,7084,"1884203","DAVIS, MARK MORRIS",Not Applicable,"STANFORD UNIVERSITY", ,2012,,4527
"Vaccination and infection: indicators of immunological health and responsiveness","NIAID","8303264",5U19AI090019-03,5,U19,AI,090019,03,,,"1884203","DAVIS, MARK MORRIS",Not Applicable,"STANFORD UNIVERSITY", ,2012,3087546,
"T cell responses to H1N1 and a longitudinal study of seasonal flu vaccination","NIAID","8306394",4U19AI090019-02,4,U19,AI,090019,02,,7078,"1884203","DAVIS, MARK MORRIS",Not Applicable,"STANFORD UNIVERSITY", ,2011,,226190
"Administrative and Clinical Core","NIAID","8306399",4U19AI090019-02,4,U19,AI,090019,02,,7083,"1884203","DAVIS, MARK MORRIS",Not Applicable,"STANFORD UNIVERSITY", ,2011,,327961
"Pilot Projects Core","NIAID","8306400",4U19AI090019-02,4,U19,AI,090019,02,,7084,"1884203","DAVIS, MARK MORRIS",Not Applicable,"STANFORD UNIVERSITY", ,2011,,97175
"Vaccination and infection: indicators of immunological health and responsiveness","NIAID","8119166",4U19AI090019-02,4,U19,AI,090019,02,,,"1884203","DAVIS, MARK MORRIS",Not Applicable,"STANFORD UNIVERSITY", ,2011,3271801,
"Vaccination and infection: indicators of immunological health and responsiveness","NIAID","7978139",1U19AI090019-01,1,U19,AI,090019,01,,,"1884203","DAVIS, MARK MORRIS",Not Applicable,"STANFORD UNIVERSITY",YES,2010,4579758,

