----------------------------------------------------------------------------------Search Criteria:  Search in: Projects 		AdminIC: All; Principal Investigator / Project Leader: CYERT; MARTHA S; Fiscal Year: 2016; 2015; 2014; 2013; 2012; 2011; 2010; 2009; 2008; 2007; 2006; 2005; 2004; 2003; 2002; 2001; 2000; 1999; 1998; 1997; 1996 ----------------------------------------------------------------------------------Project Title,Administering  IC,Application ID,Project Number,Type,Activity,IC,Serial Number,Support Year,Suffix,Subproject Number ,Contact PI  Person ID,Contact PI / Project Leader,Other PI or Project Leader(s),Organization Name,ARRA Indicator,FY,FY Total Cost ,FY Total Cost  (Sub Projects),
"Role of Ca2+/Calcineurin Signaling in S. cerevisiae","NIGMS","6757966",5R01GM048729-12,5,R01,GM,048729,12,,,"1881190","CYERT, MARTHA S",Not Applicable,"STANFORD UNIVERSITY", ,2004,345400,
"Role of Ca2+/Calcineurin Signaling in S. cerevisiae","NIGMS","6640309",5R01GM048729-11,5,R01,GM,048729,11,,,"1881190","CYERT, MARTHA S",Not Applicable,"STANFORD UNIVERSITY", ,2003,341499,
"Role of Ca2+/Calcineurin Signaling in S. cerevisiae","NIGMS","6544821",2R01GM048729-10,2,R01,GM,048729,10,,,"1881190","CYERT, MARTHA S",Not Applicable,"STANFORD UNIVERSITY", ,2002,341499,
"YEAST PP2B PHOSPHATASES--ROLE IN PHEROMONE ADAPTATION","NIGMS","6385790",5R01GM048729-09,5,R01,GM,048729,09,,,"1881190","CYERT, MARTHA S",Not Applicable,"STANFORD UNIVERSITY", ,2001,291721,
"YEAST PP2B PHOSPHATASES--ROLE IN PHEROMONE ADAPTATION","NIGMS","6180120",5R01GM048729-08,5,R01,GM,048729,08,,,"1881190","CYERT, MARTHA S",Not Applicable,"STANFORD UNIVERSITY", ,2000,285218,
"YEAST PP2B PHOSPHATASES--ROLE IN PHEROMONE ADAPTATION","NIGMS","6018940",5R01GM048729-07,5,R01,GM,048729,07,,,"1881190","CYERT, MARTHA S",Not Applicable,"STANFORD UNIVERSITY", ,1999,278906,
"YEAST PP2B PHOSPHATASES--ROLE IN PHEROMONE ADAPTATION","NIGMS","2695955",2R01GM048729-06A1,2,R01,GM,048729,06,A1,,"1881190","CYERT, MARTHA S",Not Applicable,"STANFORD UNIVERSITY", ,1998,278077,
"YEAST PP2B PHOSPHATASES--ROLE IN PHEROMONE ADAPTATION","NIGMS","2022681",5R01GM048729-05,5,R01,GM,048729,05,,,"1881190","CYERT, MARTHA S",Not Applicable,"STANFORD UNIVERSITY", ,1997,250591,
"YEAST PP2B PHOSPHATASES--ROLE IN PHEROMONE ADAPTATION","NIGMS","2186260",5R01GM048729-04,5,R01,GM,048729,04,,,"1881190","CYERT, MARTHA S",Not Applicable,"STANFORD UNIVERSITY", ,1996,241039,
"DEPHOSPHORYLATION OF CRZ1 BY CALCINEURIN","NCRR","6979543",5P41RR011823-09,5,P41,RR,011823,09,,0097,"1881190","CYERT, MARTHA S",Not Applicable,"UNIVERSITY OF WASHINGTON", ,2004,,4132
"ROLE OF PKC1","NCRR","6979547",5P41RR011823-09,5,P41,RR,011823,09,,0101,"1881190","CYERT, MARTHA S",Not Applicable,"UNIVERSITY OF WASHINGTON", ,2004,,3443
"CA2+ AND CALICNEURIN DEPENDENT TWO-HYBRID INTERACTIONS","NCRR","6979679",5P41RR011823-09,5,P41,RR,011823,09,,0233,"1881190","CYERT, MARTHA S",Not Applicable,"UNIVERSITY OF WASHINGTON", ,2004,,3443
"PROTEIN COMPLEXES CONTAINING CALCINEURIN AND CRZ1P","NCRR","6979690",5P41RR011823-09,5,P41,RR,011823,09,,0244,"1881190","CYERT, MARTHA S",Not Applicable,"UNIVERSITY OF WASHINGTON", ,2004,,3615
"Cellular and Molecular Biology Training Program","NIGMS","9243785",3T32GM007276-41S1,3,T32,GM,007276,41,S1,,"1881190","CYERT, MARTHA S.",Not Applicable,"STANFORD UNIVERSITY", ,2016,84612,
"Cellular and Molecular Biology Training Program","NIGMS","9068208",5T32GM007276-41,5,T32,GM,007276,41,,,"1881190","CYERT, MARTHA S.",Not Applicable,"STANFORD UNIVERSITY", ,2016,1152652,
"Cellular and Molecular Biology Training Program","NIGMS","8866411",5T32GM007276-40,5,T32,GM,007276,40,,,"1881190","CYERT, MARTHA S.",Not Applicable,"STANFORD UNIVERSITY", ,2015,1140340,
"Cellular and Molecular Biology Training Program","NIGMS","8666510",2T32GM007276-39,2,T32,GM,007276,39,,,"1881190","CYERT, MARTHA S.",Not Applicable,"STANFORD UNIVERSITY", ,2014,1083218,
"Cellular and Molecular Biology Training Program","NIGMS","8500312",5T32GM007276-38,5,T32,GM,007276,38,,,"1881190","CYERT, MARTHA S.",Not Applicable,"STANFORD UNIVERSITY", ,2013,1319205,
"Cellular and Molecular Biology Training Program","NIGMS","8294952",5T32GM007276-37,5,T32,GM,007276,37,,,"1881190","CYERT, MARTHA S.",Not Applicable,"STANFORD UNIVERSITY", ,2012,1473600,
"Cellular and Molecular Biology Training Program","NIGMS","8100401",5T32GM007276-36,5,T32,GM,007276,36,,,"1881190","CYERT, MARTHA S.",Not Applicable,"STANFORD UNIVERSITY", ,2011,1458204,
"Cellular and Molecular Biology Training Program","NIGMS","7860375",5T32GM007276-35,5,T32,GM,007276,35,,,"1881190","CYERT, MARTHA S.",Not Applicable,"STANFORD UNIVERSITY", ,2010,1443235,
"Cellular and Molecular Biology Training Program","NIGMS","7630886",2T32GM007276-34,2,T32,GM,007276,34,,,"1881190","CYERT, MARTHA S.",Not Applicable,"STANFORD UNIVERSITY", ,2009,1435965,
"Role of Ca2+/Calcineurin Signaling in S. Cerevisiae","NIGMS","8496059",5R01GM048729-21,5,R01,GM,048729,21,,,"1881190","CYERT, MARTHA S.",Not Applicable,"STANFORD UNIVERSITY", ,2013,416827,
"Role of Ca2+/Calcineurin Signaling in S. Cerevisiae","NIGMS","8299653",5R01GM048729-20,5,R01,GM,048729,20,,,"1881190","CYERT, MARTHA S.",Not Applicable,"STANFORD UNIVERSITY", ,2012,428950,
"Role of Ca2+/Calcineurin Signaling in S. Cerevisiae","NIGMS","8098239",5R01GM048729-19,5,R01,GM,048729,19,,,"1881190","CYERT, MARTHA S.",Not Applicable,"STANFORD UNIVERSITY", ,2011,426848,
"Role of Ca2+/Calcineurin Signaling in S. Cerevisiae","NIGMS","7986352",2R01GM048729-18,2,R01,GM,048729,18,,,"1881190","CYERT, MARTHA S.",Not Applicable,"STANFORD UNIVERSITY", ,2010,436602,
"Role of Ca2+/Calcineurin Signaling in S.Cerevisiae","NIGMS","7930987",3R01GM048729-17S1,3,R01,GM,048729,17,S1,,"1881190","CYERT, MARTHA S.",Not Applicable,"STANFORD UNIVERSITY",YES,2009,113134,
"Role of Ca2+/Calcineurin Signaling in S.Cerevisiae","NIGMS","7643202",5R01GM048729-17,5,R01,GM,048729,17,,,"1881190","CYERT, MARTHA S.",Not Applicable,"STANFORD UNIVERSITY", ,2009,378690,
"Role of Ca2+/Calcineurin Signaling in S.Cerevisiae","NIGMS","7452288",5R01GM048729-16,5,R01,GM,048729,16,,,"1881190","CYERT, MARTHA S.",Not Applicable,"STANFORD UNIVERSITY", ,2008,378690,
"Role of Ca2+/Calcineurin Signaling in S.Cerevisiae","NIGMS","7245066",5R01GM048729-15,5,R01,GM,048729,15,,,"1881190","CYERT, MARTHA S.",Not Applicable,"STANFORD UNIVERSITY", ,2007,378690,
"Role of Ca2+/Calcineurin Signaling in S.Cerevisiae","NIGMS","7141892",2R01GM048729-14,2,R01,GM,048729,14,,,"1881190","CYERT, MARTHA S.",Not Applicable,"STANFORD UNIVERSITY", ,2006,390000,
"Role of Ca2+/Calcineurin Signaling in S. cerevisiae","NIGMS","6909898",5R01GM048729-13,5,R01,GM,048729,13,,,"1881190","CYERT, MARTHA S.",Not Applicable,"STANFORD UNIVERSITY", ,2005,417620,
"Role of Ca2+/Calcineurin Signaling in S. cerevisiae","NIGMS","7010226",3R01GM048729-12S1,3,R01,GM,048729,12,S1,,"1881190","CYERT, MARTHA S.",Not Applicable,"STANFORD UNIVERSITY", ,2005,36110,
"Identifying The Human Calcineurin Signaling Network","NIGMS","9126920",1R01GM119336-01,1,R01,GM,119336,01,,,"1881190","CYERT, MARTHA S.",Not Applicable,"STANFORD UNIVERSITY", ,2016,486185,
"HPH1 AND HPH2 ARE NOVEL COMPONENTS OF THE SEC63/SEC62 COMPLEX","NCRR","8365855",2P41RR011823-16,2,P41,RR,011823,16,,5417,"1881190","CYERT, MARTHA S.",Not Applicable,"UNIVERSITY OF WASHINGTON", ,2011,,21815

