----------------------------------------------------------------------------------Search Criteria:  Search in: Projects 		AdminIC: All; Principal Investigator / Project Leader: TORRES; MATTHEW P; Fiscal Year: 2016; 2015; 2014; 2013; 2012; 2011; 2010; 2009; 2008; 2007; 2006; 2005; 2004; 2003; 2002; 2001; 2000; 1999; 1998; 1997; 1996 ----------------------------------------------------------------------------------Project Title,Administering  IC,Application ID,Project Number,Type,Activity,IC,Serial Number,Support Year,Suffix,Subproject Number ,Contact PI  Person ID,Contact PI / Project Leader,Other PI or Project Leader(s),Organization Name,ARRA Indicator,FY,FY Total Cost ,FY Total Cost  (Sub Projects),
"DRILL: Droplet Desolvation and Ion Transmission Interface for Mass Spectrometry","NIGMS","9116913",5R01GM112662-03,5,R01,GM,112662,03,,,"8043896","FEDOROV, ANDREI G ","MUDDIMAN, DAVID C.;TORRES, MATTHEW PHILLIP","GEORGIA INSTITUTE OF TECHNOLOGY", ,2016,519796,
"DRILL: Droplet Desolvation and Ion Transmission Interface for Mass Spectrometry","NIGMS","8927665",5R01GM112662-02,5,R01,GM,112662,02,,,"8043896","FEDOROV, ANDREI G ","MUDDIMAN, DAVID C.;TORRES, MATTHEW PHILLIP","GEORGIA INSTITUTE OF TECHNOLOGY", ,2015,545567,
"DRILL: Droplet Desolvation and Ion Transmission Interface for Mass Spectrometry","NIGMS","8800094",1R01GM112662-01,1,R01,GM,112662,01,,,"8043896","FEDOROV, ANDREI G ","MUDDIMAN, DAVID C.;TORRES, MATTHEW PHILLIP","GEORGIA INSTITUTE OF TECHNOLOGY", ,2014,549918,
"G protein regulation by ubiquitination","NIGMS","8793200",5R00GM094533-05,5,R00,GM,094533,05,,,"10184146","TORRES, MATTHEW PHILLIP",Not Applicable,"GEORGIA INSTITUTE OF TECHNOLOGY", ,2015,238604,
"G protein regulation by ubiquitination","NIGMS","8598903",5R00GM094533-04,5,R00,GM,094533,04,,,"10184146","TORRES, MATTHEW PHILLIP",Not Applicable,"GEORGIA INSTITUTE OF TECHNOLOGY", ,2014,245171,
"G protein regulation by ubiquitination","NIGMS","8584436",4R00GM094533-03,4,R00,GM,094533,03,,,"10184146","TORRES, MATTHEW PHILLIP",Not Applicable,"GEORGIA INSTITUTE OF TECHNOLOGY", ,2013,248941,
"G protein regulation by ubiquitination","NIGMS","8118572",5K99GM094533-02,5,K99,GM,094533,02,,,"10184146","TORRES, MATTHEW PHILLIP",Not Applicable,"UNIV OF NORTH CAROLINA CHAPEL HILL", ,2011,86400,
"G protein regulation by ubiquitination","NIGMS","7961015",1K99GM094533-01,1,K99,GM,094533,01,,,"10184146","TORRES, MATTHEW PHILLIP",Not Applicable,"UNIV OF NORTH CAROLINA CHAPEL HILL", ,2010,86400,
"G gamma N-terminal tails as regulators of G protein signaling","NIGMS","9010243",1R01GM117400-01,1,R01,GM,117400,01,,,"10184146","TORRES, MATTHEW PHILLIP",Not Applicable,"GEORGIA INSTITUTE OF TECHNOLOGY", ,2016,297139,

