----------------------------------------------------------------------------------Search Criteria:  Search in: Projects 		AdminIC: All; Principal Investigator / Project Leader: DESAI; MICHAEL M; Fiscal Year: 2016; 2015; 2014; 2013; 2012; 2011; 2010; 2009; 2008; 2007; 2006; 2005; 2004; 2003; 2002; 2001; 2000; 1999; 1998; 1997; 1996 ----------------------------------------------------------------------------------Project Title,Administering  IC,Application ID,Project Number,Type,Activity,IC,Serial Number,Support Year,Suffix,Subproject Number ,Contact PI  Person ID,Contact PI / Project Leader,Other PI or Project Leader(s),Organization Name,ARRA Indicator,FY,FY Total Cost ,FY Total Cost  (Sub Projects),
"Microbial adaptation and the statistics of epistasis and pleiotropy","NIGMS","9069882",4R01GM104239-04,4,R01,GM,104239,04,,,"11256298","DESAI, MICHAEL M",Not Applicable,"HARVARD UNIVERSITY", ,2016,321100,
"Microbial adaptation and the statistics of epistasis and pleiotropy","NIGMS","8856266",5R01GM104239-03,5,R01,GM,104239,03,,,"11256298","DESAI, MICHAEL M",Not Applicable,"HARVARD UNIVERSITY", ,2015,321100,
"Microbial adaptation and the statistics of epistasis and pleiotropy","NIGMS","8683196",5R01GM104239-02,5,R01,GM,104239,02,,,"11256298","DESAI, MICHAEL M",Not Applicable,"HARVARD UNIVERSITY", ,2014,321100,
"Microbial adaptation and the statistics of epistasis and pleiotropy","NIGMS","8421046",1R01GM104239-01,1,R01,GM,104239,01,,,"11256298","DESAI, MICHAEL M",Not Applicable,"HARVARD UNIVERSITY", ,2013,321100,

