----------------------------------------------------------------------------------Search Criteria:  Search in: Projects 		AdminIC: All; Principal Investigator / Project Leader: SHAPIRO; MICHAEL D; Fiscal Year: 2016; 2015; 2014; 2013; 2012; 2011; 2010; 2009; 2008; 2007; 2006; 2005; 2004; 2003; 2002; 2001; 2000; 1999; 1998; 1997; 1996 ----------------------------------------------------------------------------------Project Title,Administering  IC,Application ID,Project Number,Type,Activity,IC,Serial Number,Support Year,Suffix,Subproject Number ,Contact PI  Person ID,Contact PI / Project Leader,Other PI or Project Leader(s),Organization Name,ARRA Indicator,FY,FY Total Cost ,FY Total Cost  (Sub Projects),
"Light Weight Modeling of Epstein Barr Virus","NIAID","8304955",5K25AI079404-05,5,K25,AI,079404,05,,,"9238934","SHAPIRO, MICHAEL D.",Not Applicable,"TUFTS UNIVERSITY BOSTON", ,2012,124632,
"Light Weight Modeling of Epstein Barr Virus","NIAID","8111941",5K25AI079404-04,5,K25,AI,079404,04,,,"9238934","SHAPIRO, MICHAEL D.",Not Applicable,"TUFTS UNIVERSITY BOSTON", ,2011,124632,
"Light Weight Modeling of Epstein Barr Virus","NIAID","7906740",5K25AI079404-03,5,K25,AI,079404,03,,,"9238934","SHAPIRO, MICHAEL D.",Not Applicable,"TUFTS UNIVERSITY BOSTON", ,2010,124632,
"Light Weight Modeling of Epstein Barr Virus","NIAID","7679713",5K25AI079404-02,5,K25,AI,079404,02,,,"9238934","SHAPIRO, MICHAEL D.",Not Applicable,"TUFTS UNIVERSITY BOSTON", ,2009,124632,
"Light Weight Modeling of Epstein Barr Virus","NIAID","7513087",1K25AI079404-01,1,K25,AI,079404,01,,,"9238934","SHAPIRO, MICHAEL D.",Not Applicable,"TUFTS UNIVERSITY BOSTON", ,2008,124632,
"Developmental and genetic mechanisms of tissue identity and patterning","NIGMS","9111951",5R01GM115996-02,5,R01,GM,115996,02,,,"9218759","SHAPIRO, MICHAEL DAVID",Not Applicable,"UNIVERSITY OF UTAH", ,2016,294275,
"Developmental and genetic mechanisms of tissue identity and patterning","NIGMS","8945728",1R01GM115996-01,1,R01,GM,115996,01,,,"9218759","SHAPIRO, MICHAEL DAVID",Not Applicable,"UNIVERSITY OF UTAH", ,2015,294275,

