----------------------------------------------------------------------------------Search Criteria:  Search in: Projects 		AdminIC: All; Principal Investigator / Project Leader: DAILEY; MICHAEL E; Fiscal Year: 2016; 2015; 2014; 2013; 2012; 2011; 2010; 2009; 2008; 2007; 2006; 2005; 2004; 2003; 2002; 2001; 2000; 1999; 1998; 1997; 1996 ----------------------------------------------------------------------------------Project Title,Administering  IC,Application ID,Project Number,Type,Activity,IC,Serial Number,Support Year,Suffix,Subproject Number ,Contact PI  Person ID,Contact PI / Project Leader,Other PI or Project Leader(s),Organization Name,ARRA Indicator,FY,FY Total Cost ,FY Total Cost  (Sub Projects),
"Regulation of Microglial Responses to Alcohol and Alcohol-Induced Neurodegenerati","NIAAA","7939890",5R21AA018823-02,5,R21,AA,018823,02,,,"1882452","DAILEY, MICHAEL E",Not Applicable,"UNIVERSITY OF IOWA", ,2010,181829,
"Regulation of Microglial Responses to Alcohol and Alcohol-Induced Neurodegenerati","NIAAA","7796948",1R21AA018823-01,1,R21,AA,018823,01,,,"1882452","DAILEY, MICHAEL E",Not Applicable,"UNIVERSITY OF IOWA", ,2009,208777,
"Histology and Imaging Core","NIDCD","8721916",5P30DC010362-05,5,P30,DC,010362,05,,5218,"1882452","DAILEY, MICHAEL E ","FRITZSCH, BERND ","UNIVERSITY OF IOWA", ,2014,,87910
"Histology and Imaging Core","NIDCD","8528545",5P30DC010362-04,5,P30,DC,010362,04,,5218,"1882452","DAILEY, MICHAEL E ","FRITZSCH, BERND ","UNIVERSITY OF IOWA", ,2013,,93065
"Histology and Imaging Core","NIDCD","8380794",5P30DC010362-03,5,P30,DC,010362,03,,5218,"1882452","DAILEY, MICHAEL E ","FRITZSCH, BERND ","UNIVERSITY OF IOWA", ,2012,,100864
"Histology and Imaging Core","NIDCD","8306266",5P30DC010362-02,5,P30,DC,010362,02,,5218,"1882452","DAILEY, MICHAEL E ","FRITZSCH, BERND ","UNIVERSITY OF IOWA", ,2011,,107862
"Histology and Imaging Core","NIDCD","7985816",1P30DC010362-01A1,1,P30,DC,010362,01,A1,5218,"1882452","DAILEY, MICHAEL E ","FRITZSCH, BERND ","UNIVERSITY OF IOWA", ,2010,,128308
"COMPLEXITY OF IN VIVO AXON GUIDANCE","NINDS","6477311",5R01NS014295-20,5,R01,NS,014295,20,,,"1882452","DAILEY, MICHAEL E",Not Applicable,"UNIVERSITY OF IOWA", ,2002,299017,
"DYNAMICS OF CNS SYNAPSE DEVELOPMENT","NINDS","6539961",5R29NS037159-05,5,R29,NS,037159,05,,,"1882452","DAILEY, MICHAEL E",Not Applicable,"UNIVERSITY OF IOWA", ,2002,98902,
"DYNAMICS OF CNS SYNAPSE DEVELOPMENT","NINDS","6393893",5R29NS037159-04,5,R29,NS,037159,04,,,"1882452","DAILEY, MICHAEL E",Not Applicable,"UNIVERSITY OF IOWA", ,2001,97507,
"DYNAMICS OF CNS SYNAPSE DEVELOPMENT","NINDS","6187113",5R29NS037159-03,5,R29,NS,037159,03,,,"1882452","DAILEY, MICHAEL E",Not Applicable,"UNIVERSITY OF IOWA", ,2000,94607,
"DYNAMICS OF CNS SYNAPSE DEVELOPMENT","NINDS","6093654",3R29NS037159-02S1,3,R29,NS,037159,02,S1,,"1882452","DAILEY, MICHAEL E",Not Applicable,"UNIVERSITY OF IOWA", ,1999,25000,
"DYNAMICS OF CNS SYNAPSE DEVELOPMENT","NINDS","2892378",5R29NS037159-02,5,R29,NS,037159,02,,,"1882452","DAILEY, MICHAEL E",Not Applicable,"UNIVERSITY OF IOWA", ,1999,93138,
"DYNAMICS OF CNS SYNAPSE DEVELOPMENT","NINDS","2703154",1R29NS037159-01A1,1,R29,NS,037159,01,A1,,"1882452","DAILEY, MICHAEL E",Not Applicable,"UNIVERSITY OF IOWA", ,1998,117750,
"Motile Phenotypes & Functional Diversity of Microglia","NINDS","6877727",5R01NS043468-04,5,R01,NS,043468,04,,,"1882452","DAILEY, MICHAEL E",Not Applicable,"UNIVERSITY OF IOWA", ,2005,210188,
"Motile Phenotypes & Functional Diversity of Microglia","NINDS","6724928",5R01NS043468-03,5,R01,NS,043468,03,,,"1882452","DAILEY, MICHAEL E",Not Applicable,"UNIVERSITY OF IOWA", ,2004,210188,
"Motile Phenotypes & Functional Diversity of Microglia","NINDS","6623423",5R01NS043468-02,5,R01,NS,043468,02,,,"1882452","DAILEY, MICHAEL E",Not Applicable,"UNIVERSITY OF IOWA", ,2003,210010,
"Motile Phenotypes & Functional Diversity of Microglia","NINDS","6465525",1R01NS043468-01,1,R01,NS,043468,01,,,"1882452","DAILEY, MICHAEL E",Not Applicable,"UNIVERSITY OF IOWA", ,2002,233225,
"Confocal Microscope","NCRR","6580719",1S10RR017941-01,1,S10,RR,017941,01,,,"1882452","DAILEY, MICHAEL E",Not Applicable,"UNIVERSITY OF IOWA", ,2003,322500,

