----------------------------------------------------------------------------------Search Criteria:  Search in: Projects 		AdminIC: All; Principal Investigator / Project Leader: GLICKMAN; MICHAEL S; Fiscal Year: 2016; 2015; 2014; 2013; 2012; 2011; 2010; 2009; 2008; 2007; 2006; 2005; 2004; 2003; 2002; 2001; 2000; 1999; 1998; 1997; 1996 ----------------------------------------------------------------------------------Project Title,Administering  IC,Application ID,Project Number,Type,Activity,IC,Serial Number,Support Year,Suffix,Subproject Number ,Contact PI  Person ID,Contact PI / Project Leader,Other PI or Project Leader(s),Organization Name,ARRA Indicator,FY,FY Total Cost ,FY Total Cost  (Sub Projects),
"Chemistry Core","NIAID","9081467",5U19AI111143-03,5,U19,AI,111143,03,,8532,"1865986","AUBE, JEFFREY  ","GLICKMAN, MICHAEL STEPHEN","WEILL MEDICAL COLL OF CORNELL UNIV", ,2016,,526905
"Chemistry Core","NIAID","8911753",5U19AI111143-02,5,U19,AI,111143,02,,8532,"1865986","AUBE, JEFFREY  ","GLICKMAN, MICHAEL STEPHEN","WEILL MEDICAL COLL OF CORNELL UNIV", ,2015,,632183
"Chemistry Core","NIAID","8883955",1U19AI111143-01,1,U19,AI,111143,01,,8532,"1865986","AUBE, JEFFREY  ","GLICKMAN, MICHAEL STEPHEN","WEILL MEDICAL COLL OF CORNELL UNIV", ,2014,,813391
"Human Genetic Dissection of Exit from Latency in Tuberculosis","NIAID","9081459",5U19AI111143-03,5,U19,AI,111143,03,,7789,"9889423","CASANOVA, JEAN-LAURENT  ","GLICKMAN, MICHAEL STEPHEN","WEILL MEDICAL COLL OF CORNELL UNIV", ,2016,,869244
"Human Genetic Dissection of Exit from Latency in Tuberculosis","NIAID","8882248",5U19AI111143-02,5,U19,AI,111143,02,,7789,"9889423","CASANOVA, JEAN-LAURENT  ","GLICKMAN, MICHAEL STEPHEN","WEILL MEDICAL COLL OF CORNELL UNIV", ,2015,,619274
"Human Genetic Dissection of Exit from Latency in Tuberculosis","NIAID","8726597",1U19AI111143-01,1,U19,AI,111143,01,,7789,"9889423","CASANOVA, JEAN-LAURENT  ","GLICKMAN, MICHAEL STEPHEN","WEILL MEDICAL COLL OF CORNELL UNIV", ,2014,,468805
"Pharmacology","NIAID","9081468",5U19AI111143-03,5,U19,AI,111143,03,,8533,"10972746","DARTOIS, VERONIQUE  ","GLICKMAN, MICHAEL STEPHEN","WEILL MEDICAL COLL OF CORNELL UNIV", ,2016,,407224
"Pharmacology","NIAID","8911754",5U19AI111143-02,5,U19,AI,111143,02,,8533,"10972746","DARTOIS, VERONIQUE  ","GLICKMAN, MICHAEL STEPHEN","WEILL MEDICAL COLL OF CORNELL UNIV", ,2015,,482557
"Pharmacology","NIAID","8883959",1U19AI111143-01,1,U19,AI,111143,01,,8533,"10972746","DARTOIS, VERONIQUE  ","GLICKMAN, MICHAEL STEPHEN","WEILL MEDICAL COLL OF CORNELL UNIV", ,2014,,624658
"Mouse models for paucibacillary persistence","NIAID","9081464",5U19AI111143-03,5,U19,AI,111143,03,,7795,"6786880","EHRT, SABINE  ","GLICKMAN, MICHAEL STEPHEN","WEILL MEDICAL COLL OF CORNELL UNIV", ,2016,,1123169
"Mouse models for paucibacillary persistence","NIAID","8882253",5U19AI111143-02,5,U19,AI,111143,02,,7795,"6786880","EHRT, SABINE  ","GLICKMAN, MICHAEL STEPHEN","WEILL MEDICAL COLL OF CORNELL UNIV", ,2015,,1061923
"Mouse models for paucibacillary persistence","NIAID","8726604",1U19AI111143-01,1,U19,AI,111143,01,,7795,"6786880","EHRT, SABINE  ","GLICKMAN, MICHAEL STEPHEN","WEILL MEDICAL COLL OF CORNELL UNIV", ,2014,,879783
"Clinical Core","NIAID","9081466",5U19AI111143-03,5,U19,AI,111143,03,,7799,"2053972","FITZGERALD, DANIEL W ","GLICKMAN, MICHAEL STEPHEN","WEILL MEDICAL COLL OF CORNELL UNIV", ,2016,,877948
"Clinical Core","NIAID","8882255",5U19AI111143-02,5,U19,AI,111143,02,,7799,"2053972","FITZGERALD, DANIEL W ","GLICKMAN, MICHAEL STEPHEN","WEILL MEDICAL COLL OF CORNELL UNIV", ,2015,,936892
"Clinical Core","NIAID","8726608",1U19AI111143-01,1,U19,AI,111143,01,,7799,"2053972","FITZGERALD, DANIEL W ","GLICKMAN, MICHAEL STEPHEN","WEILL MEDICAL COLL OF CORNELL UNIV", ,2014,,850199
"Innate; Transcriptomic; and Microbiomic correlates of TB infection","NIAID","9081461",5U19AI111143-03,5,U19,AI,111143,03,,7791,"10368614","GLICKMAN, MICHAEL HAGGAI ","GLICKMAN, MICHAEL STEPHEN","WEILL MEDICAL COLL OF CORNELL UNIV", ,2016,,880842
"Innate; Transcriptomic; and Microbiomic correlates of TB infection","NIAID","8882249",5U19AI111143-02,5,U19,AI,111143,02,,7791,"10368614","GLICKMAN, MICHAEL HAGGAI ","GLICKMAN, MICHAEL STEPHEN","WEILL MEDICAL COLL OF CORNELL UNIV", ,2015,,645460
"Innate; Transcriptomic; and Microbiomic correlates of TB infection","NIAID","8726599",1U19AI111143-01,1,U19,AI,111143,01,,7791,"10368614","GLICKMAN, MICHAEL HAGGAI ","GLICKMAN, MICHAEL STEPHEN","WEILL MEDICAL COLL OF CORNELL UNIV", ,2014,,726216
"CELL ENVELOPE BIOSYNTHESIS IN M TUBERCULOSIS","NIAID","6510011",5K08AI001534-06,5,K08,AI,001534,06,,,"1865699","GLICKMAN, MICHAEL STEPHEN",Not Applicable,"SLOAN-KETTERING INSTITUTE FOR CANCER RES", ,2002,121716,
"CELL ENVELOPE BIOSYNTHESIS IN M TUBERCULOSIS","NIAID","6556227",7K08AI001534-05,7,K08,AI,001534,05,,,"1865699","GLICKMAN, MICHAEL STEPHEN",Not Applicable,"SLOAN-KETTERING INSTITUTE FOR CANCER RES", ,2001,95040,
"CELL ENVELOPE BIOSYNTHESIS IN M TUBERCULOSIS","NIAID","6372607",5K08AI001534-04,5,K08,AI,001534,04,,,"1865699","GLICKMAN, MICHAEL STEPHEN",Not Applicable,"YESHIVA UNIVERSITY", ,2001,31050,
"CELL ENVELOPE BIOSYNTHESIS IN M TUBERCULOSIS","NIAID","6168715",5K08AI001534-03,5,K08,AI,001534,03,,,"1865699","GLICKMAN, MICHAEL STEPHEN",Not Applicable,"YESHIVA UNIVERSITY", ,2000,126090,
"CELL ENVELOPE BIOSYNTHESIS IN M TUBERCULOSIS","NIAID","2886105",5K08AI001534-02,5,K08,AI,001534,02,,,"1865699","GLICKMAN, MICHAEL STEPHEN",Not Applicable,"YESHIVA UNIVERSITY", ,1999,80460,
"CELL ENVELOPE BIOSYNTHESIS IN M TUBERCULOSIS","NIAID","2601117",1K08AI001534-01,1,K08,AI,001534,01,,,"1865699","GLICKMAN, MICHAEL STEPHEN",Not Applicable,"YESHIVA UNIVERSITY", ,1998,80140,
"Cyclopropane Synthetases and M.tuberculosis Pathogenesis","NIAID","8290286",5R01AI053417-10,5,R01,AI,053417,10,,,"1865699","GLICKMAN, MICHAEL STEPHEN",Not Applicable,"SLOAN-KETTERING INST CAN RESEARCH", ,2012,465302,
"Cyclopropane Synthetases and M.tuberculosis Pathogenesis","NIAID","8091239",5R01AI053417-09,5,R01,AI,053417,09,,,"1865699","GLICKMAN, MICHAEL STEPHEN",Not Applicable,"SLOAN-KETTERING INST CAN RESEARCH", ,2011,465302,
"Cyclopropane Synthetases and M.tuberculosis Pathogenesis","NIAID","7888315",5R01AI053417-08,5,R01,AI,053417,08,,,"1865699","GLICKMAN, MICHAEL STEPHEN",Not Applicable,"SLOAN-KETTERING INST CAN RESEARCH", ,2010,470003,
"Cyclopropane Synthetases and M.tuberculosis Pathogenesis","NIAID","7636734",5R01AI053417-07,5,R01,AI,053417,07,,,"1865699","GLICKMAN, MICHAEL STEPHEN",Not Applicable,"SLOAN-KETTERING INST CAN RESEARCH", ,2009,474750,
"Cyclopropane Synthetases and M.tuberculosis Pathogenesis","NIAID","7846599",3R01AI053417-06A1S1,3,R01,AI,053417,06,A1S1,,"1865699","GLICKMAN, MICHAEL STEPHEN",Not Applicable,"SLOAN-KETTERING INST CAN RESEARCH",YES,2009,15168,
"Cyclopropane Synthetases and M.tuberculosis Pathogenesis","NIAID","7523205",2R01AI053417-06A1,2,R01,AI,053417,06,A1,,"1865699","GLICKMAN, MICHAEL STEPHEN",Not Applicable,"SLOAN-KETTERING INST CAN RESEARCH", ,2008,474750,
"Cyclopropane Synthetases and M.tuerculosis Virulence","NIAID","7173368",5R01AI053417-05,5,R01,AI,053417,05,,,"1865699","GLICKMAN, MICHAEL STEPHEN",Not Applicable,"SLOAN-KETTERING INST CAN RES", ,2007,338145,
"Cyclopropane Synthetases and M.tuerculosis Virulence","NIAID","7000356",5R01AI053417-04,5,R01,AI,053417,04,,,"1865699","GLICKMAN, MICHAEL STEPHEN",Not Applicable,"SLOAN-KETTERING INSTITUTE FOR CANCER RES", ,2006,348245,
"Cyclopropane Synthetases and M.tuerculosis Virulence","NIAID","6835153",5R01AI053417-03,5,R01,AI,053417,03,,,"1865699","GLICKMAN, MICHAEL STEPHEN",Not Applicable,"SLOAN-KETTERING INSTITUTE FOR CANCER RES", ,2005,356625,
"Cyclopropane Synthetases and M.tuerculosis Virulence","NIAID","6766836",5R01AI053417-02,5,R01,AI,053417,02,,,"1865699","GLICKMAN, MICHAEL STEPHEN",Not Applicable,"SLOAN-KETTERING INSTITUTE FOR CANCER RES", ,2004,356625,
"Cyclopropane Synthetases and M. tuberculosis Virulence","NIAID","6689672",1R01AI053417-01A1,1,R01,AI,053417,01,A1,,"1865699","GLICKMAN, MICHAEL STEPHEN",Not Applicable,"SLOAN-KETTERING INSTITUTE FOR CANCER RES", ,2003,178313,
"Mechanisms of Mycobacterial DNA Repair and Mutagenesis","NIAID","9089690",5R01AI064693-11,5,R01,AI,064693,11,,,"1865699","GLICKMAN, MICHAEL STEPHEN",Not Applicable,"SLOAN-KETTERING INST CAN RESEARCH", ,2016,549818,
"Mechanisms of Mycobacterial DNA Repair and Mutagenesis","NIAID","8974623",2R01AI064693-10A1,2,R01,AI,064693,10,A1,,"1865699","GLICKMAN, MICHAEL STEPHEN",Not Applicable,"SLOAN-KETTERING INST CAN RESEARCH", ,2015,549818,
"Molecular analysis of mycobacterial NHEJ","NIAID","8461280",5R01AI064693-09,5,R01,AI,064693,09,,,"1865699","GLICKMAN, MICHAEL STEPHEN",Not Applicable,"SLOAN-KETTERING INST CAN RESEARCH", ,2013,497253,
"Molecular analysis of mycobacterial NHEJ","NIAID","8260830",5R01AI064693-08,5,R01,AI,064693,08,,,"1865699","GLICKMAN, MICHAEL STEPHEN",Not Applicable,"SLOAN-KETTERING INST CAN RESEARCH", ,2012,528992,
"Molecular analysis of mycobacterial NHEJ","NIAID","8071609",5R01AI064693-07,5,R01,AI,064693,07,,,"1865699","GLICKMAN, MICHAEL STEPHEN",Not Applicable,"SLOAN-KETTERING INST CAN RESEARCH", ,2011,527774,
"Molecular analysis of mycobacterial NHEJ","NIAID","7784762",2R01AI064693-06,2,R01,AI,064693,06,,,"1865699","GLICKMAN, MICHAEL STEPHEN",Not Applicable,"SLOAN-KETTERING INST CAN RESEARCH", ,2010,532706,
"DNA Ligases in Mycobacterial DNA repair & Pathogenesis","NIAID","7846606",3R01AI064693-05S1,3,R01,AI,064693,05,S1,,"1865699","GLICKMAN, MICHAEL STEPHEN",Not Applicable,"SLOAN-KETTERING INST CAN RESEARCH",YES,2009,5963,
"DNA Ligases in Mycobacterial DNA repair & Pathogenesis","NIAID","7559638",5R01AI064693-05,5,R01,AI,064693,05,,,"1865699","GLICKMAN, MICHAEL STEPHEN",Not Applicable,"SLOAN-KETTERING INST CAN RESEARCH", ,2009,424620,
"DNA Ligases in Mycobacterial DNA repair & Pathogenesis","NIAID","7362368",5R01AI064693-04,5,R01,AI,064693,04,,,"1865699","GLICKMAN, MICHAEL STEPHEN",Not Applicable,"SLOAN-KETTERING INST CAN RESEARCH", ,2008,424620,
"DNA Ligases in Mycobacterial DNA repair & Pathogenesis","NIAID","7188626",5R01AI064693-03,5,R01,AI,064693,03,,,"1865699","GLICKMAN, MICHAEL STEPHEN",Not Applicable,"SLOAN-KETTERING INST CAN RES", ,2007,432844,
"DNA Ligases in Mycobacterial DNA repair & Pathogenesis","NIAID","7010666",5R01AI064693-02,5,R01,AI,064693,02,,,"1865699","GLICKMAN, MICHAEL STEPHEN",Not Applicable,"SLOAN-KETTERING INSTITUTE FOR CANCER RES", ,2006,408665,
"DNA Ligases in Mycobacterial DNA repair & Pathogenesis","NIAID","6909309",1R01AI064693-01,1,R01,AI,064693,01,,,"1865699","GLICKMAN, MICHAEL STEPHEN",Not Applicable,"SLOAN-KETTERING INSTITUTE FOR CANCER RES", ,2005,418500,
"Molecular Analysis of the Rip1 Virulence Pathway of M. tuberculosis","NIAID","7895718",5R01AI080628-02,5,R01,AI,080628,02,,,"1865699","GLICKMAN, MICHAEL STEPHEN",Not Applicable,"SLOAN-KETTERING INST CAN RESEARCH",YES,2010,474750,
"Molecular Analysis of the Rip1 Virulence Pathway of M. tuberculosis","NIAID","7729300",1R01AI080628-01A1,1,R01,AI,080628,01,A1,,"1865699","GLICKMAN, MICHAEL STEPHEN",Not Applicable,"SLOAN-KETTERING INST CAN RESEARCH",YES,2009,467558,
"Viable but Nonculturable Mtb","NIAID","9081462",5U19AI111143-03,5,U19,AI,111143,03,,7792,"1860967","NATHAN, CARL F ","GLICKMAN, MICHAEL STEPHEN","WEILL MEDICAL COLL OF CORNELL UNIV", ,2016,,1337354
"Administrative Core","NIAID","9081465",5U19AI111143-03,5,U19,AI,111143,03,,7797,"1860967","NATHAN, CARL F ","GLICKMAN, MICHAEL STEPHEN","WEILL MEDICAL COLL OF CORNELL UNIV", ,2016,,530864
"Tri-Institutional TB Research Unit: Persistence and Latency","NIAID","9081457",5U19AI111143-03,5,U19,AI,111143,03,,,"1860967","NATHAN, CARL F ","GLICKMAN, MICHAEL STEPHEN","WEILL MEDICAL COLL OF CORNELL UNIV", ,2016,7215105,
"Viable but Nonculturable Mtb","NIAID","8882251",5U19AI111143-02,5,U19,AI,111143,02,,7792,"1860967","NATHAN, CARL F ","GLICKMAN, MICHAEL STEPHEN","WEILL MEDICAL COLL OF CORNELL UNIV", ,2015,,1581787
"Administrative Core","NIAID","8882254",5U19AI111143-02,5,U19,AI,111143,02,,7797,"1860967","NATHAN, CARL F ","GLICKMAN, MICHAEL STEPHEN","WEILL MEDICAL COLL OF CORNELL UNIV", ,2015,,559889
"Tri-Institutional TB Research Unit: Persistence and Latency","NIAID","8882247",5U19AI111143-02,5,U19,AI,111143,02,,,"1860967","NATHAN, CARL F ","GLICKMAN, MICHAEL STEPHEN","WEILL MEDICAL COLL OF CORNELL UNIV", ,2015,7165182,
"Viable but Nonculturable Mtb","NIAID","8726600",1U19AI111143-01,1,U19,AI,111143,01,,7792,"1860967","NATHAN, CARL F ","GLICKMAN, MICHAEL STEPHEN","WEILL MEDICAL COLL OF CORNELL UNIV", ,2014,,876100
"Administrative Core","NIAID","8726606",1U19AI111143-01,1,U19,AI,111143,01,,7797,"1860967","NATHAN, CARL F ","GLICKMAN, MICHAEL STEPHEN","WEILL MEDICAL COLL OF CORNELL UNIV", ,2014,,595212
"Tri-Institutional TB Research Unit: Persistence and Latency","NIAID","8691646",1U19AI111143-01,1,U19,AI,111143,01,,,"1860967","NATHAN, CARL F ","GLICKMAN, MICHAEL STEPHEN","WEILL MEDICAL COLL OF CORNELL UNIV", ,2014,6284115,
"CD4 T Cell Responses to M. Tuberculosis Infection","NIAID","8484339",5R01AI080619-05,5,R01,AI,080619,05,,,"1888820","PAMER, ERIC G. ","GLICKMAN, MICHAEL STEPHEN","SLOAN-KETTERING INST CAN RESEARCH", ,2013,437385,
"CD4 T Cell Responses to M. Tuberculosis Infection","NIAID","8288787",5R01AI080619-04,5,R01,AI,080619,04,,,"1888820","PAMER, ERIC G. ","GLICKMAN, MICHAEL STEPHEN","SLOAN-KETTERING INST CAN RESEARCH", ,2012,465302,
"CD4 T Cell Responses to M. Tuberculosis Infection","NIAID","8091340",5R01AI080619-03,5,R01,AI,080619,03,,,"1888820","PAMER, ERIC G. ","GLICKMAN, MICHAEL STEPHEN","SLOAN-KETTERING INST CAN RESEARCH", ,2011,465302,
"CD4 T Cell Responses to M. Tuberculosis Infection","NIAID","7879460",5R01AI080619-02,5,R01,AI,080619,02,,,"1888820","PAMER, ERIC G. ","GLICKMAN, MICHAEL STEPHEN","SLOAN-KETTERING INST CAN RESEARCH", ,2010,470003,
"CD4 T Cell Responses to M. Tuberculosis Infection","NIAID","7728641",1R01AI080619-01A1,1,R01,AI,080619,01,A1,,"1888820","PAMER, ERIC G. ","GLICKMAN, MICHAEL STEPHEN","SLOAN-KETTERING INST CAN RESEARCH", ,2009,474750,
"Biomarkers of PZA activity and it's target populations","NIAID","9081463",5U19AI111143-03,5,U19,AI,111143,03,,7794,"7131255","RHEE, KYU Y ","GLICKMAN, MICHAEL STEPHEN","WEILL MEDICAL COLL OF CORNELL UNIV", ,2016,,661554
"Biomarkers of PZA activity and it's target populations","NIAID","8882252",5U19AI111143-02,5,U19,AI,111143,02,,7794,"7131255","RHEE, KYU Y ","GLICKMAN, MICHAEL STEPHEN","WEILL MEDICAL COLL OF CORNELL UNIV", ,2015,,645217
"Biomarkers of PZA activity and it's target populations","NIAID","8726603",1U19AI111143-01,1,U19,AI,111143,01,,7794,"7131255","RHEE, KYU Y ","GLICKMAN, MICHAEL STEPHEN","WEILL MEDICAL COLL OF CORNELL UNIV", ,2014,,449751

