----------------------------------------------------------------------------------Search Criteria:  Search in: Projects 		AdminIC: All; Principal Investigator / Project Leader: LEVIN; MICHAEL; Org(Contains):JOHNS HOPKINS UNIVERSITY; Fiscal Year: 2016; 2015; 2014; 2013; 2012; 2011; 2010; 2009; 2008; 2007; 2006; 2005; 2004; 2003; 2002; 2001; 2000; 1999; 1998; 1997; 1996 ----------------------------------------------------------------------------------Project Title,Administering  IC,Application ID,Project Number,Type,Activity,IC,Serial Number,Support Year,Suffix,Subproject Number ,Contact PI  Person ID,Contact PI / Project Leader,Other PI or Project Leader(s),Organization Name,ARRA Indicator,FY,FY Total Cost ,FY Total Cost  (Sub Projects),
"HORMONE ACTION IN PATIENTS WITH ALTERED G PROTEIN TRANSDUCTION","NCRR","6218163",3M01RR000052-38S2,3,M01,RR,000052,38,S2,0360,"7167939","LEVINE, MICHAEL A",Not Applicable,"JOHNS HOPKINS UNIVERSITY", ,1999,,2287
"HORMONE ACTION IN PATIENTS WITH ALTERED G PROTEIN TRANSDUCTION","NCRR","6297490",3M01RR000052-38S1,3,M01,RR,000052,38,S1,0360,"7167939","LEVINE, MICHAEL A",Not Applicable,"JOHNS HOPKINS UNIVERSITY", ,1999,,2287
"HORMONE RESISTANCE IN PATIENTS WITH PSEUDOHYPOPARATHYROIDISM","NCRR","6114252",5M01RR000052-38,5,M01,RR,000052,38,,0360,"7167939","LEVINE, MICHAEL A",Not Applicable,"JOHNS HOPKINS UNIVERSITY", ,1999,,20649
"PARATHYROID HORMONE RECEPTOR IN PSEUDOHYPOPARATHYROIDISM","NCRR","6114372",5M01RR000052-38,5,M01,RR,000052,38,,0552,"7167939","LEVINE, MICHAEL A",Not Applicable,"JOHNS HOPKINS UNIVERSITY", ,1999,,20649
"HORMONE RESISTANCE IN PATIENTS WITH PSEUDOHYPOPARATHYROIDISM","NCRR","6275487",5M01RR000052-37,5,M01,RR,000052,37,,0360,"7167939","LEVINE, MICHAEL A",Not Applicable,"JOHNS HOPKINS UNIVERSITY", ,1998,,20086
"PARATHYROID HORMONE RECEPTOR IN PSEUDOHYPOPARATHYROIDISM","NCRR","6275607",5M01RR000052-37,5,M01,RR,000052,37,,0552,"7167939","LEVINE, MICHAEL A",Not Applicable,"JOHNS HOPKINS UNIVERSITY", ,1998,,20086
"HORMONE RESISTANCE IN PATIENTS WITH PSEUDOHYPOPARATHYROIDISM","NCRR","6245353",5M01RR000052-36,5,M01,RR,000052,36,,0360,"7167939","LEVINE, MICHAEL A",Not Applicable,"JOHNS HOPKINS UNIVERSITY", ,1997,,22259
"Endocrine; Diabetes and Metabolism Training Program","NIDDK","6660659",3T32DK007751-06S1,3,T32,DK,007751,06,S1,,"7167939","LEVINE, MICHAEL ALAN",Not Applicable,"JOHNS HOPKINS UNIVERSITY", ,2002,44548,
"ENDOCRINE; DIABETES AND METABOLISM TRAINING PROGRAM","NIDDK","6592047",3T32DK007751-03S1,3,T32,DK,007751,03,S1,,"7167939","LEVINE, MICHAEL ALAN",Not Applicable,"JOHNS HOPKINS UNIVERSITY", ,2002,14632,
"ENDOCRINE; DIABETES AND METABOLISM TRAINING PROGRAM","NIDDK","6380318",5T32DK007751-05,5,T32,DK,007751,05,,,"7167939","LEVINE, MICHAEL ALAN",Not Applicable,"JOHNS HOPKINS UNIVERSITY", ,2001,196683,
"ENDOCRINE; DIABETES AND METABOLISM TRAINING PROGRAM","NIDDK","6176317",5T32DK007751-04,5,T32,DK,007751,04,,,"7167939","LEVINE, MICHAEL ALAN",Not Applicable,"JOHNS HOPKINS UNIVERSITY", ,2000,193696,
"ENDOCRINE; DIABETES AND METABOLISM TRAINING PROGRAM","NIDDK","2905126",5T32DK007751-03,5,T32,DK,007751,03,,,"7167939","LEVINE, MICHAEL ALAN",Not Applicable,"JOHNS HOPKINS UNIVERSITY", ,1999,172484,
"ENDOCRINE; DIABETES AND METABOLISM TRAINING PROGRAM","NIDDK","6093633",3T32DK007751-01S1,3,T32,DK,007751,01,S1,,"7167939","LEVINE, MICHAEL ALAN",Not Applicable,"JOHNS HOPKINS UNIVERSITY", ,1999,7327,
"ENDOCRINE; DIABETES AND METABOLISM TRAINING PROGRAM","NIDDK","2733926",5T32DK007751-02,5,T32,DK,007751,02,,,"7167939","LEVINE, MICHAEL ALAN",Not Applicable,"JOHNS HOPKINS UNIVERSITY", ,1998,159274,
"NUCLEOTIDE REGULATORY UNIT OF ADENYLATE CYCLASE","NIDDK","6176350",5R01DK034281-16,5,R01,DK,034281,16,,,"7167939","LEVINE, MICHAEL ALAN",Not Applicable,"JOHNS HOPKINS UNIVERSITY", ,2000,321211,
"NUCLEOTIDE REGULATORY UNIT OF ADENYLATE CYCLASE","NIDDK","2900176",5R01DK034281-15,5,R01,DK,034281,15,,,"7167939","LEVINE, MICHAEL ALAN",Not Applicable,"JOHNS HOPKINS UNIVERSITY", ,1999,312515,
"CLONING OF THE PSEUDOHYPOPARATHYROIDISM TYPE 1B GENE","NIDDK","6656941",5R01DK056178-05,5,R01,DK,056178,05,,,"7167939","LEVINE, MICHAEL ALAN",Not Applicable,"JOHNS HOPKINS UNIVERSITY", ,2003,267723,
"CLONING OF THE PSEUDOHYPOPARATHYROIDISM TYPE 1B GENE","NIDDK","6658908",3R01DK056178-04S1,3,R01,DK,056178,04,S1,,"7167939","LEVINE, MICHAEL ALAN",Not Applicable,"JOHNS HOPKINS UNIVERSITY", ,2002,114579,
"CLONING OF THE PSEUDOHYPOPARATHYROIDISM TYPE 1B GENE","NIDDK","6524419",5R01DK056178-04,5,R01,DK,056178,04,,,"7167939","LEVINE, MICHAEL ALAN",Not Applicable,"JOHNS HOPKINS UNIVERSITY", ,2002,262205,
"CLONING OF THE PSEUDOHYPOPARATHYROIDISM TYPE 1B GENE","NIDDK","6491247",3R01DK056178-03S1,3,R01,DK,056178,03,S1,,"7167939","LEVINE, MICHAEL ALAN",Not Applicable,"JOHNS HOPKINS UNIVERSITY", ,2001,191176,
"CLONING OF THE PSEUDOHYPOPARATHYROIDISM TYPE 1B GENE","NIDDK","6381596",5R01DK056178-03,5,R01,DK,056178,03,,,"7167939","LEVINE, MICHAEL ALAN",Not Applicable,"JOHNS HOPKINS UNIVERSITY", ,2001,256849,
"CLONING OF THE PSEUDOHYPOPARATHYROIDISM TYPE 1B GENE","NIDDK","6346593",3R01DK056178-02S1,3,R01,DK,056178,02,S1,,"7167939","LEVINE, MICHAEL ALAN",Not Applicable,"JOHNS HOPKINS UNIVERSITY", ,2000,186558,
"CLONING OF THE PSEUDOHYPOPARATHYROIDISM TYPE 1B GENE","NIDDK","6177890",5R01DK056178-02,5,R01,DK,056178,02,,,"7167939","LEVINE, MICHAEL ALAN",Not Applicable,"JOHNS HOPKINS UNIVERSITY", ,2000,251649,
"CLONING OF THE PSEUDOHYPOPARATHYROIDISM TYPE 1B GENE","NIDDK","6312282",3R01DK056178-01S1,3,R01,DK,056178,01,S1,,"7167939","LEVINE, MICHAEL ALAN",Not Applicable,"JOHNS HOPKINS UNIVERSITY", ,2000,75706,
"CLONING OF THE PSEUDOHYPOPARATHYROIDISM TYPE 1B GENE","NIDDK","2885746",1R01DK056178-01,1,R01,DK,056178,01,,,"7167939","LEVINE, MICHAEL ALAN",Not Applicable,"JOHNS HOPKINS UNIVERSITY", ,1999,250914,
"PROGRAM PHYSICIAN SCIENTIST AWARD","NIDDK","2328405",3K12DK001298-10S2,3,K12,DK,001298,10,S2,,"1880328","LEVINE, MICHAEL S.",Not Applicable,"JOHNS HOPKINS UNIVERSITY", ,1996,184226,
"ENDOCRINE; DIABETES AND METABOLISM TRAINING PROGRAM","NIDDK","2331394",1T32DK007751-01,1,T32,DK,007751,01,,,"1880328","LEVINE, MICHAEL S.",Not Applicable,"JOHNS HOPKINS UNIVERSITY", ,1997,144668,
"NUCLEOTIDE REGULATORY UNIT OF ADENYLATE CYCLASE","NIDDK","2684138",5R01DK034281-14,5,R01,DK,034281,14,,,"1880328","LEVINE, MICHAEL S.",Not Applicable,"JOHNS HOPKINS UNIVERSITY", ,1998,304152,
"NUCLEOTIDE REGULATORY UNIT OF ADENYLATE CYCLASE","NIDDK","2391366",5R01DK034281-13,5,R01,DK,034281,13,,,"1880328","LEVINE, MICHAEL S.",Not Applicable,"JOHNS HOPKINS UNIVERSITY", ,1997,296113,
"NUCLEOTIDE REGULATORY UNIT OF ADENYLATE CYCLASE","NIDDK","2139276",2R01DK034281-12,2,R01,DK,034281,12,,,"1880328","LEVINE, MICHAEL S.",Not Applicable,"JOHNS HOPKINS UNIVERSITY", ,1996,291329,
"PTH RECEPTOR IN PSEUDOHYPOPARATHYROIDISM","NIDDK","2391469",5R01DK046720-05,5,R01,DK,046720,05,,,"1880328","LEVINE, MICHAEL S.",Not Applicable,"JOHNS HOPKINS UNIVERSITY", ,1997,254725,
"PTH RECEPTOR IN PSEUDOHYPOPARATHYROIDISM","NIDDK","2145977",5R01DK046720-04,5,R01,DK,046720,04,,,"1880328","LEVINE, MICHAEL S.",Not Applicable,"JOHNS HOPKINS UNIVERSITY", ,1996,244929,

