----------------------------------------------------------------------------------Search Criteria:  Search in: Projects 		AdminIC: All; Principal Investigator / Project Leader: KOTLIKOFF; MICHAEL I; Fiscal Year: 2016; 2015; 2014; 2013; 2012; 2011; 2010; 2009; 2008; 2007; 2006; 2005; 2004; 2003; 2002; 2001; 2000; 1999; 1998; 1997; 1996 ----------------------------------------------------------------------------------Project Title,Administering  IC,Application ID,Project Number,Type,Activity,IC,Serial Number,Support Year,Suffix,Subproject Number ,Contact PI  Person ID,Contact PI / Project Leader,Other PI or Project Leader(s),Organization Name,ARRA Indicator,FY,FY Total Cost ,FY Total Cost  (Sub Projects),
"EXPRESSION OF CHANNEL PROTEINS & CA PUMP--REMODELING BLADDER SMOOTH MUSCLE","NIDDK","6346140",5P50DK052620-03,5,P50,DK,052620,03,,0001,"1891169","KOTLIKOFF, MICHAEL I.",Not Applicable,"UNIVERSITY OF PENNSYLVANIA", ,2000,,181250
"EXPRESSION OF CHANNEL PROTEINS & CA PUMP--REMODELING BLADDER SMOOTH MUSCLE","NIDDK","6201933",5P50DK052620-02,5,P50,DK,052620,02,,0001,"1891169","KOTLIKOFF, MICHAEL I.",Not Applicable,"UNIVERSITY OF PENNSYLVANIA", ,1999,,181250
"EXPRESSION OF CHANNEL PROTEINS & CA PUMP--REMODELING BLADDER SMOOTH MUSCLE","NIDDK","6105778",1P50DK052620-01A1,1,P50,DK,052620,01,A1,0001,"1891169","KOTLIKOFF, MICHAEL I.",Not Applicable,"UNIVERSITY OF PENNSYLVANIA", ,1998,,181250
"CALCIUM-INDUCED CALCIUM RELEASE & URINARY OBSTRUCTION","NIDDK","6700009",5R01DK058795-04,5,R01,DK,058795,04,,,"1891169","KOTLIKOFF, MICHAEL I.",Not Applicable,"CORNELL UNIVERSITY ITHACA", ,2004,261489,
"CALCIUM-INDUCED CALCIUM RELEASE & URINARY OBSTRUCTION","NIDDK","6628598",5R01DK058795-03,5,R01,DK,058795,03,,,"1891169","KOTLIKOFF, MICHAEL I.",Not Applicable,"CORNELL UNIVERSITY ITHACA", ,2003,261489,
"CALCIUM-INDUCED CALCIUM RELEASE & URINARY OBSTRUCTION","NIDDK","6498202",5R01DK058795-02,5,R01,DK,058795,02,,,"1891169","KOTLIKOFF, MICHAEL I.",Not Applicable,"CORNELL UNIVERSITY ITHACA", ,2002,258388,
"CALCIUM-INDUCED CALCIUM RELEASE & URINARY OBSTRUCTION","NIDDK","6232465",1R01DK058795-01,1,R01,DK,058795,01,,,"1891169","KOTLIKOFF, MICHAEL I.",Not Applicable,"CORNELL UNIVERSITY ITHACA", ,2001,261489,
"Transgenic Mice- Recomb.; Fate-Mapping;and Ca2+signaling","NIDDK","7380085",5R01DK065992-05,5,R01,DK,065992,05,,,"1891169","KOTLIKOFF, MICHAEL I.",Not Applicable,"CORNELL UNIVERSITY", ,2008,358466,
"Transgenic Mice- Recomb.; Fate-Mapping;and Ca2+signaling","NIDDK","7194221",5R01DK065992-04,5,R01,DK,065992,04,,,"1891169","KOTLIKOFF, MICHAEL I.",Not Applicable,"CORNELL UNIVERSITY", ,2007,355740,
"Transgenic Mice- Recomb.; Fate-Mapping;and Ca2+signaling","NIDDK","7030209",5R01DK065992-03,5,R01,DK,065992,03,,,"1891169","KOTLIKOFF, MICHAEL I.",Not Applicable,"CORNELL UNIVERSITY ITHACA", ,2006,429262,
"Transgenic Mice- Recomb.; Fate-Mapping;and Ca2+signaling","NIDDK","6872188",5R01DK065992-02,5,R01,DK,065992,02,,,"1891169","KOTLIKOFF, MICHAEL I.",Not Applicable,"CORNELL UNIVERSITY ITHACA", ,2005,427420,
"Transgenic Mice- Recomb.; Fate-Mapping;and Ca2+signaling","NIDDK","6708668",1R01DK065992-01,1,R01,DK,065992,01,,,"1891169","KOTLIKOFF, MICHAEL I.",Not Applicable,"CORNELL UNIVERSITY ITHACA", ,2004,361882,
"In Vivo Ca2+ and Voltage Imaging on The Urinary Bladder","NIDDK","7764797",5R01DK072277-04,5,R01,DK,072277,04,,,"1891169","KOTLIKOFF, MICHAEL I.",Not Applicable,"CORNELL UNIVERSITY", ,2010,306089,
"In Vivo Ca2+ and Voltage Imaging on The Urinary Bladder","NIDDK","7618459",5R01DK072277-03,5,R01,DK,072277,03,,,"1891169","KOTLIKOFF, MICHAEL I.",Not Applicable,"CORNELL UNIVERSITY", ,2009,309203,
"In Vivo Ca2+ and Voltage Imaging on The Urinary Bladder","NIDDK","7346959",5R01DK072277-02,5,R01,DK,072277,02,,,"1891169","KOTLIKOFF, MICHAEL I.",Not Applicable,"CORNELL UNIVERSITY", ,2008,312679,
"In Vivo Ca2+ and Voltage Imaging on The Urinary Bladder","NIDDK","7197712",1R01DK072277-01A2,1,R01,DK,072277,01,A2,,"1891169","KOTLIKOFF, MICHAEL I.",Not Applicable,"CORNELL UNIVERSITY", ,2007,321587,
"RNA Aptamers to Green Fluorescent Protein for Cell Imaging","NIBIB","7465429",5R21EB006782-02,5,R21,EB,006782,02,,,"1891169","KOTLIKOFF, MICHAEL I.",Not Applicable,"CORNELL UNIVERSITY", ,2008,188650,
"RNA Aptamers to Green Fluorescent Protein for Cell Imaging","NIBIB","7318372",1R21EB006782-01A1,1,R21,EB,006782,01,A1,,"1891169","KOTLIKOFF, MICHAEL I.",Not Applicable,"CORNELL UNIVERSITY", ,2007,230250,
"Design of Genetically Encoded Ca2+ Indicators for in Vivo Application","NIGMS","7933652",5R01GM086736-02,5,R01,GM,086736,02,,,"1891169","KOTLIKOFF, MICHAEL I.",Not Applicable,"CORNELL UNIVERSITY",YES,2010,100100,
"Design of Genetically Encoded Ca2+ Indicators for in Vivo Application","NIGMS","7736472",1R01GM086736-01A1,1,R01,GM,086736,01,A1,,"1891169","KOTLIKOFF, MICHAEL I.",Not Applicable,"CORNELL UNIVERSITY",YES,2009,100100,
"POTASSIUM CHANNELS IN AIRWAY SMOOTH MUSCLE CELLS","NHLBI","6182329",7R01HL041084-13,7,R01,HL,041084,13,,,"1891169","KOTLIKOFF, MICHAEL I.",Not Applicable,"CORNELL UNIVERSITY", ,2000,254592,
"POTASSIUM CHANNELS IN AIRWAY SMOOTH MUSCLE CELLS","NHLBI","2910527",5R01HL041084-12,5,R01,HL,041084,12,,,"1891169","KOTLIKOFF, MICHAEL I.",Not Applicable,"UNIVERSITY OF PENNSYLVANIA", ,1999,244797,
"POTASSIUM CHANNELS IN AIRWAY SMOOTH MUSCLE CELLS","NHLBI","2702184",5R01HL041084-11,5,R01,HL,041084,11,,,"1891169","KOTLIKOFF, MICHAEL I.",Not Applicable,"UNIVERSITY OF PENNSYLVANIA", ,1998,235381,
"POTASSIUM CHANNELS IN AIRWAY SMOOTH MUSCLE CELLS","NHLBI","2415554",5R01HL041084-10,5,R01,HL,041084,10,,,"1891169","KOTLIKOFF, MICHAEL I.",Not Applicable,"UNIVERSITY OF PENNSYLVANIA", ,1997,226330,
"POTASSIUM CHANNELS IN AIRWAY SMOOTH MUSCLE CELLS","NHLBI","2219889",2R01HL041084-09,2,R01,HL,041084,09,,,"1891169","KOTLIKOFF, MICHAEL I.",Not Applicable,"UNIVERSITY OF PENNSYLVANIA", ,1996,215002,
"Smooth Muscle Ca Release in RYR and FKBP transgenic mice","NHLBI","7081314",5R01HL045239-17,5,R01,HL,045239,17,,,"1891169","KOTLIKOFF, MICHAEL I.",Not Applicable,"CORNELL UNIVERSITY ITHACA", ,2006,384058,
"Smooth Muscle Ca Release in RYR and FKBP transgenic mice","NHLBI","6905673",5R01HL045239-16,5,R01,HL,045239,16,,,"1891169","KOTLIKOFF, MICHAEL I.",Not Applicable,"CORNELL UNIVERSITY ITHACA", ,2005,396750,
"Smooth Muscle Ca Release in RYR and FKBP transgenic mice","NHLBI","6948665",3R01HL045239-15S1,3,R01,HL,045239,15,S1,,"1891169","KOTLIKOFF, MICHAEL I.",Not Applicable,"CORNELL UNIVERSITY ITHACA", ,2004,118500,
"Smooth Muscle Ca Release in RYR and FKBP transgenic mice","NHLBI","6741916",5R01HL045239-15,5,R01,HL,045239,15,,,"1891169","KOTLIKOFF, MICHAEL I.",Not Applicable,"CORNELL UNIVERSITY ITHACA", ,2004,278250,
"Smooth Muscle Ca Release in RYR and FKBP transgenic mice","NHLBI","6624415",5R01HL045239-14,5,R01,HL,045239,14,,,"1891169","KOTLIKOFF, MICHAEL I.",Not Applicable,"CORNELL UNIVERSITY ITHACA", ,2003,278250,
"Smooth Muscle Ca Release in RYR and FKBP transgenic mice","NHLBI","6474851",2R01HL045239-13,2,R01,HL,045239,13,,,"1891169","KOTLIKOFF, MICHAEL I.",Not Applicable,"CORNELL UNIVERSITY ITHACA", ,2002,278250,
"CATION AND CA RELEASE CHANNELS IN AIRWAY SMOOTH MUSCLE","NHLBI","6389145",5R01HL045239-12,5,R01,HL,045239,12,,,"1891169","KOTLIKOFF, MICHAEL I.",Not Applicable,"CORNELL UNIVERSITY ITHACA", ,2001,222474,
"CATION AND CA RELEASE CHANNELS IN AIRWAY SMOOTH MUSCLE","NHLBI","6183590",7R01HL045239-11,7,R01,HL,045239,11,,,"1891169","KOTLIKOFF, MICHAEL I.",Not Applicable,"CORNELL UNIVERSITY ITHACA", ,2000,215992,
"CATION AND CA RELEASE CHANNELS IN AIRWAY SMOOTH MUSCLE","NHLBI","6017246",5R01HL045239-10,5,R01,HL,045239,10,,,"1891169","KOTLIKOFF, MICHAEL I.",Not Applicable,"UNIVERSITY OF PENNSYLVANIA", ,1999,209700,
"CATION & CA++ RELEASE CHANNELS IN AIRWAY SMOOTH MUSCLE","NHLBI","2636860",2R01HL045239-09,2,R01,HL,045239,09,,,"1891169","KOTLIKOFF, MICHAEL I.",Not Applicable,"UNIVERSITY OF PENNSYLVANIA", ,1998,204235,
"CALCIUM INFLUX IN AIRWAY SMOOTH MUSCLE","NHLBI","2430695",5R01HL045239-08,5,R01,HL,045239,08,,,"1891169","KOTLIKOFF, MICHAEL I.",Not Applicable,"UNIVERSITY OF PENNSYLVANIA", ,1997,190322,
"CALCIUM INFLUX IN AIRWAY SMOOTH MUSCLE","NHLBI","2222015",5R01HL045239-07,5,R01,HL,045239,07,,,"1891169","KOTLIKOFF, MICHAEL I.",Not Applicable,"UNIVERSITY OF PENNSYLVANIA", ,1996,230458,
"Genetic Resource for Optical Signaling","NHLBI","9056610",5R24HL120847-03,5,R24,HL,120847,03,,,"1891169","KOTLIKOFF, MICHAEL I.",Not Applicable,"CORNELL UNIVERSITY", ,2016,643431,
"Genetic Resource for Optical Signaling","NHLBI","8898204",5R24HL120847-02,5,R24,HL,120847,02,,,"1891169","KOTLIKOFF, MICHAEL I.",Not Applicable,"CORNELL UNIVERSITY", ,2015,643431,
"Genetic Resource for Optical Signaling","NHLBI","8609106",1R24HL120847-01,1,R24,HL,120847,01,,,"1891169","KOTLIKOFF, MICHAEL I.",Not Applicable,"CORNELL UNIVERSITY", ,2014,561879,
"Vascular Precursors and Cell-Cell Signaling in Heart Vasculogenesis","NHLBI","9039147",5R01HL127219-02,5,R01,HL,127219,02,,,"1891169","KOTLIKOFF, MICHAEL I.",Not Applicable,"CORNELL UNIVERSITY", ,2016,387500,
"Vascular Precursors and Cell-Cell Signaling in Heart Vasculogenesis","NHLBI","8864615",1R01HL127219-01,1,R01,HL,127219,01,,,"1891169","KOTLIKOFF, MICHAEL I.",Not Applicable,"CORNELL UNIVERSITY", ,2015,387813,

