----------------------------------------------------------------------------------Search Criteria:  Search in: Projects 		AdminIC: All; Principal Investigator / Project Leader: MARR; MICHAEL T; Fiscal Year: 2016; 2015; 2014; 2013; 2012; 2011; 2010; 2009; 2008; 2007; 2006; 2005; 2004; 2003; 2002; 2001; 2000; 1999; 1998; 1997; 1996 ----------------------------------------------------------------------------------Project Title,Administering  IC,Application ID,Project Number,Type,Activity,IC,Serial Number,Support Year,Suffix,Subproject Number ,Contact PI  Person ID,Contact PI / Project Leader,Other PI or Project Leader(s),Organization Name,ARRA Indicator,FY,FY Total Cost ,FY Total Cost  (Sub Projects),
"Mechanism of the Transcriptional Response to Transition Metals","NIGMS","8466987",5R01GM085250-05,5,R01,GM,085250,05,,,"1900209","MARR, MICHAEL THOMAS",Not Applicable,"BRANDEIS UNIVERSITY", ,2013,296738,
"Mechanism of the Transcriptional Response to Transition Metals","NIGMS","8269978",5R01GM085250-04,5,R01,GM,085250,04,,,"1900209","MARR, MICHAEL THOMAS",Not Applicable,"BRANDEIS UNIVERSITY", ,2012,305290,
"Mechanism of the Transcriptional Response to Transition Metals","NIGMS","8068881",5R01GM085250-03,5,R01,GM,085250,03,,,"1900209","MARR, MICHAEL THOMAS",Not Applicable,"BRANDEIS UNIVERSITY", ,2011,302170,
"Mechanism of the Transcriptional Response to Transition Metals","NIGMS","8126613",3R01GM085250-02S1,3,R01,GM,085250,02,S1,,"1900209","MARR, MICHAEL THOMAS",Not Applicable,"BRANDEIS UNIVERSITY",YES,2010,35000,
"Mechanism of the Transcriptional Response to Transition Metals","NIGMS","7903494",5R01GM085250-02,5,R01,GM,085250,02,,,"1900209","MARR, MICHAEL THOMAS",Not Applicable,"BRANDEIS UNIVERSITY", ,2010,302527,
"Mechanism of the Transcriptional Response to Transition Metals","NIGMS","7738141",1R01GM085250-01A2,1,R01,GM,085250,01,A2,,"1900209","MARR, MICHAEL THOMAS",Not Applicable,"BRANDEIS UNIVERSITY", ,2009,296596,
"FOXO Regulon and Translation Control","NIGMS","9005639",1R01GM117034-01,1,R01,GM,117034,01,,,"1900209","MARR, MICHAEL THOMAS",Not Applicable,"BRANDEIS UNIVERSITY", ,2016,318216,

