----------------------------------------------------------------------------------Search Criteria:  Search in: Projects 		AdminIC: All; Principal Investigator / Project Leader: NICOLELIS; MIGUEL; Fiscal Year: 2016; 2015; 2014; 2013; 2012; 2011; 2010; 2009; 2008; 2007; 2006; 2005; 2004; 2003; 2002; 2001; 2000; 1999; 1998; 1997; 1996 ----------------------------------------------------------------------------------Project Title,Administering  IC,Application ID,Project Number,Type,Activity,IC,Serial Number,Support Year,Suffix,Subproject Number ,Contact PI  Person ID,Contact PI / Project Leader,Other PI or Project Leader(s),Organization Name,ARRA Indicator,FY,FY Total Cost ,FY Total Cost  (Sub Projects),
"Trigeminal System Plasticity During Active Exploration","NIDCR","7994836",5R01DE011451-14,5,R01,DE,011451,14,,,"8368430","NICOLELIS, MIGUEL A. L.",Not Applicable,"DUKE UNIVERSITY", ,2011,359285,
"Trigeminal System Plasticity During Active Exploration","NIDCR","7742669",5R01DE011451-13,5,R01,DE,011451,13,,,"8368430","NICOLELIS, MIGUEL A. L.",Not Applicable,"DUKE UNIVERSITY", ,2010,370397,
"Trigeminal System Plasticity During Active Exploration","NIDCR","7840826",3R01DE011451-12S1,3,R01,DE,011451,12,S1,,"8368430","NICOLELIS, MIGUEL A. L.",Not Applicable,"DUKE UNIVERSITY",YES,2009,10920,
"Trigeminal System Plasticity During Active Exploration","NIDCR","7535026",5R01DE011451-12,5,R01,DE,011451,12,,,"8368430","NICOLELIS, MIGUEL A. L.",Not Applicable,"DUKE UNIVERSITY", ,2009,374139,
"Trigeminal System Plasticity During Active Exploration","NIDCR","7347567",5R01DE011451-11,5,R01,DE,011451,11,,,"8368430","NICOLELIS, MIGUEL A. L.",Not Applicable,"DUKE UNIVERSITY", ,2008,374139,
"Trigeminal System Plasticity During Active Exploration","NIDCR","7264449",2R01DE011451-10A2,2,R01,DE,011451,10,A2,,"8368430","NICOLELIS, MIGUEL A. L.",Not Applicable,"DUKE UNIVERSITY", ,2007,377795,
"TRIGEMINAL SYSTEM PLASTICITY DURING FACIAL ANESTHESIA","NIDCR","6516481",5R01DE011451-09,5,R01,DE,011451,09,,,"8368430","NICOLELIS, MIGUEL A. L.",Not Applicable,"DUKE UNIVERSITY", ,2002,231183,
"TRIGEMINAL SYSTEM PLASTICITY DURING FACIAL ANESTHESIA","NIDCR","6379780",5R01DE011451-08,5,R01,DE,011451,08,,,"8368430","NICOLELIS, MIGUEL A. L.",Not Applicable,"DUKE UNIVERSITY", ,2001,224450,
"TRIGEMINAL SYSTEM PLASTICITY DURING FACIAL ANESTHESIA","NIDCR","6176921",5R01DE011451-07,5,R01,DE,011451,07,,,"8368430","NICOLELIS, MIGUEL A. L.",Not Applicable,"DUKE UNIVERSITY", ,2000,217913,
"TRIGEMINAL SYSTEM PLASTICITY DURING FACIAL ANESTHESIA","NIDCR","2897075",5R01DE011451-06,5,R01,DE,011451,06,,,"8368430","NICOLELIS, MIGUEL A. L.",Not Applicable,"DUKE UNIVERSITY", ,1999,211565,
"TRIGEMINAL SYSTEM PLASTICITY DURING FACIAL ANESTHESIA","NIDCR","2701008",2R01DE011451-05,2,R01,DE,011451,05,,,"8368430","NICOLELIS, MIGUEL A. L.",Not Applicable,"DUKE UNIVERSITY", ,1998,205404,
"TRIGEMINAL SYSTEM PLASTICITY DURING FACIAL ANESTHESIA","NIDCR","2644091",3R01DE011451-04S1,3,R01,DE,011451,04,S1,,"8368430","NICOLELIS, MIGUEL A. L.",Not Applicable,"DUKE UNIVERSITY", ,1997,65567,
"TRIGEMINAL SYSTEM PLASTICITY DURING FACIAL ANESTHESIA","NIDCR","2518131",5R01DE011451-04,5,R01,DE,011451,04,,,"8368430","NICOLELIS, MIGUEL A. L.",Not Applicable,"DUKE UNIVERSITY", ,1997,194510,
"TRIGEMINAL SYSTEM PLASTICITY DURING FACIAL ANESTHESIA","NIDCR","2328343",3R01DE011451-03S1,3,R01,DE,011451,03,S1,,"8368430","NICOLELIS, MIGUEL A. L.",Not Applicable,"DUKE UNIVERSITY", ,1996,65567,
"TRIGEMINAL SYSTEM PLASTICITY DURING FACIAL ANESTHESIA","NIDCR","2015178",5R01DE011451-03,5,R01,DE,011451,03,,,"8368430","NICOLELIS, MIGUEL A. L.",Not Applicable,"DUKE UNIVERSITY", ,1996,187027,
"Corticofugal Modulation of Tactile Sensory Processing","NIDCR","6857150",5R01DE013810-05,5,R01,DE,013810,05,,,"8368430","NICOLELIS, MIGUEL A. L.",Not Applicable,"DUKE UNIVERSITY", ,2005,358050,
"Corticofugal Modulation of Tactile Sensory Processing","NIDCR","6708002",5R01DE013810-04,5,R01,DE,013810,04,,,"8368430","NICOLELIS, MIGUEL A. L.",Not Applicable,"DUKE UNIVERSITY", ,2004,358050,
"Corticofugal Modulation of Tactile Sensory Processing","NIDCR","6634690",5R01DE013810-03,5,R01,DE,013810,03,,,"8368430","NICOLELIS, MIGUEL A. L.",Not Applicable,"DUKE UNIVERSITY", ,2003,358050,
"Corticofugal Modulation of Tactile Sensory Processing","NIDCR","6516620",5R01DE013810-02,5,R01,DE,013810,02,,,"8368430","NICOLELIS, MIGUEL A. L.",Not Applicable,"DUKE UNIVERSITY", ,2002,358050,
"Corticofugal Modulation of Tactile Sensory Processing","NIDCR","6331594",1R01DE013810-01A1,1,R01,DE,013810,01,A1,,"8368430","NICOLELIS, MIGUEL A. L.",Not Applicable,"DUKE UNIVERSITY", ,2001,358050,
"Sensorized Neural Prosthetic","NICHD","7942049",5RC1HD063390-02,5,RC1,HD,063390,02,,,"8368430","NICOLELIS, MIGUEL A. L.",Not Applicable,"DUKE UNIVERSITY",YES,2010,498487,
"Sensorized Neural Prosthetic","NICHD","7814677",1RC1HD063390-01,1,RC1,HD,063390,01,,,"8368430","NICOLELIS, MIGUEL A. L.",Not Applicable,"DUKE UNIVERSITY",YES,2009,500000,
"Mouse Models with Multi electrode arrays","NIMH","8118890",5P50MH060451-10,5,P50,MH,060451,10,,0007,"8368430","NICOLELIS, MIGUEL A. L.",Not Applicable,"DUKE UNIVERSITY", ,2010,,160735
"Mouse Models with Multi electrode arrays","NIMH","7901667",5P50MH060451-09,5,P50,MH,060451,09,,0007,"8368430","NICOLELIS, MIGUEL A. L.",Not Applicable,"DUKE UNIVERSITY", ,2009,,163196
"Mouse Models with Multi electrode arrays","NIMH","7656606",5P50MH060451-08,5,P50,MH,060451,08,,0007,"8368430","NICOLELIS, MIGUEL A. L.",Not Applicable,"DUKE UNIVERSITY", ,2008,,162944
"Mouse Models with Multi electrode arrays","NIMH","7478385",5P50MH060451-07,5,P50,MH,060451,07,,0007,"8368430","NICOLELIS, MIGUEL A. L.",Not Applicable,"DUKE UNIVERSITY", ,2007,,168947
"Mouse Models with Multi electrode arrays","NIMH","7167306",2P50MH060451-06,2,P50,MH,060451,06,,0007,"8368430","NICOLELIS, MIGUEL A. L.",Not Applicable,"DUKE UNIVERSITY", ,2006,,165264
"A Virtual Reality Simulator to Study VLSBA and Test Brain-Actuating Technologies","NIMH","8708975",5DP1MH099903-05,5,DP1,MH,099903,05,,,"8368430","NICOLELIS, MIGUEL A. L.",Not Applicable,"DUKE UNIVERSITY", ,2014,777150,
"A Virtual Reality Simulator to Study VLSBA and Test Brain-Actuating Technologies","NIMH","8541891",5DP1MH099903-04,5,DP1,MH,099903,04,,,"8368430","NICOLELIS, MIGUEL A. L.",Not Applicable,"DUKE UNIVERSITY", ,2013,753836,
"A Virtual Reality Simulator to Study VLSBA and Test Brain-Actuating Technologies","NIMH","8306923",8DP1MH099903-03,8,DP1,MH,099903,03,,,"8368430","NICOLELIS, MIGUEL A. L.",Not Applicable,"DUKE UNIVERSITY", ,2012,777150,
"Method for In-Vivo Assessment of Neuronal Dysfunction","NINDS","7795689",5R33NS049534-05,5,R33,NS,049534,05,,,"8368430","NICOLELIS, MIGUEL A. L.",Not Applicable,"DUKE UNIVERSITY", ,2010,378690,
"Method for In-Vivo Assessment of Neuronal Dysfunction","NINDS","7610919",5R33NS049534-04,5,R33,NS,049534,04,,,"8368430","NICOLELIS, MIGUEL A. L.",Not Applicable,"DUKE UNIVERSITY", ,2009,378690,
"Method for In-Vivo Assessment of Neuronal Dysfunction","NINDS","7393687",5R33NS049534-03,5,R33,NS,049534,03,,,"8368430","NICOLELIS, MIGUEL A. L.",Not Applicable,"DUKE UNIVERSITY", ,2008,378690,
"Method for In-Vivo Assessment of Neuronal Dysfunction","NINDS","7230166",5R21NS049534-02,5,R21,NS,049534,02,,,"8368430","NICOLELIS, MIGUEL A. L.",Not Applicable,"DUKE UNIVERSITY", ,2007,151355,
"Method for In-Vivo Assessment of Neuronal Dysfunction","NINDS","7089285",1R21NS049534-01A2,1,R21,NS,049534,01,A2,,"8368430","NICOLELIS, MIGUEL A. L.",Not Applicable,"DUKE UNIVERSITY", ,2006,155375,
"GNE 2007: Global NeuroEngineering 2007","NINDS","7275469",1R13NS059245-01,1,R13,NS,059245,01,,,"8368430","NICOLELIS, MIGUEL A. L.",Not Applicable,"DUKE UNIVERSITY", ,2007,15000,
"Dorsal Column Stimulation as a New Therapy for Motor Disorders","NINDS","8663320",5R01NS073125-05,5,R01,NS,073125,05,,,"8368430","NICOLELIS, MIGUEL A. L.",Not Applicable,"DUKE UNIVERSITY", ,2014,762860,
"Dorsal Column Stimulation as a New Therapy for Motor Disorders","NINDS","8477324",5R01NS073125-04,5,R01,NS,073125,04,,,"8368430","NICOLELIS, MIGUEL A. L.",Not Applicable,"DUKE UNIVERSITY", ,2013,740239,
"Dorsal Column Stimulation as a New Therapy for Motor Disorders","NINDS","8284352",5R01NS073125-03,5,R01,NS,073125,03,,,"8368430","NICOLELIS, MIGUEL A. L.",Not Applicable,"DUKE UNIVERSITY", ,2012,763392,
"Dorsal Column Stimulation as a New Therapy for Motor Disorders","NINDS","8150902",5R01NS073125-02,5,R01,NS,073125,02,,,"8368430","NICOLELIS, MIGUEL A. L.",Not Applicable,"DUKE UNIVERSITY", ,2011,763675,
"Dorsal Column Stimulation as a New Therapy for Motor Disorders","NINDS","8016999",1R01NS073125-01,1,R01,NS,073125,01,,,"8368430","NICOLELIS, MIGUEL A. L.",Not Applicable,"DUKE UNIVERSITY", ,2010,766743,
"Interval Timing and Motor Programming by Cortico-Striatal Ensembles","NINDS","8896075",5R01NS073952-05,5,R01,NS,073952,05,,,"8368430","NICOLELIS, MIGUEL A. L.",Not Applicable,"DUKE UNIVERSITY", ,2015,509635,
"Interval Timing and Motor Programming by Cortico-Striatal Ensembles","NINDS","8707567",5R01NS073952-04,5,R01,NS,073952,04,,,"8368430","NICOLELIS, MIGUEL A. L.",Not Applicable,"DUKE UNIVERSITY", ,2014,504454,
"Interval Timing and Motor Programming by Cortico-Striatal Ensembles","NINDS","8510738",5R01NS073952-03,5,R01,NS,073952,03,,,"8368430","NICOLELIS, MIGUEL A. L.",Not Applicable,"DUKE UNIVERSITY", ,2013,491624,
"Interval Timing and Motor Programming by Cortico-Striatal Ensembles","NINDS","8298994",5R01NS073952-02,5,R01,NS,073952,02,,,"8368430","NICOLELIS, MIGUEL A. L.",Not Applicable,"DUKE UNIVERSITY", ,2012,509366,
"Interval Timing and Motor Programming by Cortico-Striatal Ensembles","NINDS","8084921",1R01NS073952-01,1,R01,NS,073952,01,,,"8368430","NICOLELIS, MIGUEL A. L.",Not Applicable,"DUKE UNIVERSITY", ,2011,509271,
"A Virtual Reality Simulator to Study VLSBA and Test Brain-Actuating Technologies","OD","8153106",5DP1OD006798-02,5,DP1,OD,006798,02,,,"8368430","NICOLELIS, MIGUEL A. L.",Not Applicable,"DUKE UNIVERSITY", ,2011,777150,
"A Virtual Reality Simulator to Study VLSBA and Test Brain-Actuating Technologies","OD","7979558",1DP1OD006798-01,1,DP1,OD,006798,01,,,"8368430","NICOLELIS, MIGUEL A. L.",Not Applicable,"DUKE UNIVERSITY", ,2010,785000,
"MRI IMAGING OF ELECTRODE TRACKS IN MACAQUE CORTEX","NCRR","7358328",5P41RR005959-17,5,P41,RR,005959,17,,7914,"8368430","NICOLELIS, MIGUEL A. L.",Not Applicable,"DUKE UNIVERSITY", ,2006,,5126

