----------------------------------------------------------------------------------Search Criteria:  Search in: Projects 		AdminIC: All; Principal Investigator / Project Leader: PRZEWORSKI; MOLLY; Fiscal Year: 2016; 2015; 2014; 2013; 2012; 2011; 2010; 2009; 2008; 2007; 2006; 2005; 2004; 2003; 2002; 2001; 2000; 1999; 1998; 1997; 1996 ----------------------------------------------------------------------------------Project Title,Administering  IC,Application ID,Project Number,Type,Activity,IC,Serial Number,Support Year,Suffix,Subproject Number ,Contact PI  Person ID,Contact PI / Project Leader,Other PI or Project Leader(s),Organization Name,ARRA Indicator,FY,FY Total Cost ,FY Total Cost  (Sub Projects),
"Identifying human adaptations: theory and applications","NIGMS","7574420",5R01GM072861-06,5,R01,GM,072861,06,,,"1900637","PRZEWORSKI, MOLLY F",Not Applicable,"UNIVERSITY OF CHICAGO", ,2009,181932,
"Identifying human adaptations: theory and applications","NIGMS","7559274",3R01GM072861-05S1,3,R01,GM,072861,05,S1,,"1900637","PRZEWORSKI, MOLLY F",Not Applicable,"UNIVERSITY OF CHICAGO", ,2008,79685,
"Identifying human adaptations: theory and applications","NIGMS","7368094",5R01GM072861-05,5,R01,GM,072861,05,,,"1900637","PRZEWORSKI, MOLLY F",Not Applicable,"UNIVERSITY OF CHICAGO", ,2008,177063,
"Identifying human adaptations: theory and applications","NIGMS","7176806",5R01GM072861-04,5,R01,GM,072861,04,,,"1900637","PRZEWORSKI, MOLLY F",Not Applicable,"UNIVERSITY OF CHICAGO", ,2007,177063,
"Identifying human adaptations: theory and applications","NIGMS","7011227",5R01GM072861-03,5,R01,GM,072861,03,,,"1900637","PRZEWORSKI, MOLLY F",Not Applicable,"UNIVERSITY OF CHICAGO", ,2006,181975,
"Identifying human adaptations: theory and applications","NIGMS","7092509",7R01GM072861-02,7,R01,GM,072861,02,,,"1900637","PRZEWORSKI, MOLLY F",Not Applicable,"UNIVERSITY OF CHICAGO", ,2005,118188,
"Identifying human adaptations: theory and applications","NIGMS","6856625",1R01GM072861-01,1,R01,GM,072861,01,,,"1900637","PRZEWORSKI, MOLLY F",Not Applicable,"BROWN UNIVERSITY", ,2005,65799,
"Recombination Rate Variation and Evolution in Primates","NIGMS","9061722",5R01GM083098-08,5,R01,GM,083098,08,,,"1900637","PRZEWORSKI, MOLLY F",Not Applicable,"COLUMBIA UNIV NEW YORK MORNINGSIDE", ,2016,360486,
"Recombination Rate Variation and Evolution in Primates","NIGMS","8897382",5R01GM083098-07,5,R01,GM,083098,07,,,"1900637","PRZEWORSKI, MOLLY F",Not Applicable,"COLUMBIA UNIV NEW YORK MORNINGSIDE", ,2015,360426,
"Recombination Rate Variation and Evolution in Primates","NIGMS","8652470",7R01GM083098-06,7,R01,GM,083098,06,,,"1900637","PRZEWORSKI, MOLLY F",Not Applicable,"COLUMBIA UNIV NEW YORK MORNINGSIDE", ,2014,323321,
"Recombination Rate Variation and Evolution in Primates","NIGMS","8506818",2R01GM083098-05,2,R01,GM,083098,05,,,"1900637","PRZEWORSKI, MOLLY F",Not Applicable,"UNIVERSITY OF CHICAGO", ,2013,357664,
"Recombination rate variation and evolution in primates","NIGMS","7928145",5R01GM083098-04,5,R01,GM,083098,04,,,"1900637","PRZEWORSKI, MOLLY F",Not Applicable,"UNIVERSITY OF CHICAGO", ,2010,250273,
"Recombination rate variation and evolution in primates","NIGMS","7927966",3R01GM083098-03S1,3,R01,GM,083098,03,S1,,"1900637","PRZEWORSKI, MOLLY F",Not Applicable,"UNIVERSITY OF CHICAGO",YES,2009,380517,
"Recombination rate variation and evolution in primates","NIGMS","7674689",5R01GM083098-03,5,R01,GM,083098,03,,,"1900637","PRZEWORSKI, MOLLY F",Not Applicable,"UNIVERSITY OF CHICAGO", ,2009,253932,
"Recombination rate variation and evolution in primates","NIGMS","7496970",5R01GM083098-02,5,R01,GM,083098,02,,,"1900637","PRZEWORSKI, MOLLY F",Not Applicable,"UNIVERSITY OF CHICAGO", ,2008,291650,
"Recombination rate variation and evolution in primates","NIGMS","7352010",1R01GM083098-01,1,R01,GM,083098,01,,,"1900637","PRZEWORSKI, MOLLY F",Not Applicable,"UNIVERSITY OF CHICAGO", ,2007,291650,
"CONSTRUCTION OF A CHIMPANZEE GENETIC MAP FOR CHROMOSOME 20","NCRR","7715731",5P51RR000165-48,5,P51,RR,000165,48,,5887,"1900637","PRZEWORSKI, MOLLY F",Not Applicable,"EMORY UNIVERSITY", ,2008,,35600

