----------------------------------------------------------------------------------Search Criteria:  Search in: Projects 		AdminIC: All; Principal Investigator / Project Leader: LAU; NELSON C; Fiscal Year: 2016; 2015; 2014; 2013; 2012; 2011; 2010; 2009; 2008; 2007; 2006; 2005; 2004; 2003; 2002; 2001; 2000; 1999; 1998; 1997; 1996 ----------------------------------------------------------------------------------Project Title,Administering  IC,Application ID,Project Number,Type,Activity,IC,Serial Number,Support Year,Suffix,Subproject Number ,Contact PI  Person ID,Contact PI / Project Leader,Other PI or Project Leader(s),Organization Name,ARRA Indicator,FY,FY Total Cost ,FY Total Cost  (Sub Projects),
"Transposon landscapes and transcriptome diversity in aging neurons","NIA","9076923",1R01AG052465-01,1,R01,AG,052465,01,,,"8193930","LAU, NELSON C",Not Applicable,"BRANDEIS UNIVERSITY", ,2016,318871,
"The Function of piRNAs and the piRNA Complex","NICHD","8105472",5R00HD057298-05,5,R00,HD,057298,05,,,"8193930","LAU, NELSON C",Not Applicable,"BRANDEIS UNIVERSITY", ,2011,234960,
"The Function of piRNAs and the piRNA Complex","NICHD","7918059",5R00HD057298-04,5,R00,HD,057298,04,,,"8193930","LAU, NELSON C",Not Applicable,"BRANDEIS UNIVERSITY", ,2010,237333,
"The Function of piRNAs and the piRNA Complex","NICHD","7893419",4R00HD057298-03,4,R00,HD,057298,03,,,"8193930","LAU, NELSON C",Not Applicable,"BRANDEIS UNIVERSITY", ,2009,233759,
"The Function of piRNAs and the piRNA Complex","NICHD","7620437",5K99HD057298-02,5,K99,HD,057298,02,,,"8193930","LAU, NELSON C",Not Applicable,"MASSACHUSETTS GENERAL HOSPITAL", ,2009,86643,
"The Function of piRNAs and the piRNA Complex","NICHD","7360647",1K99HD057298-01,1,K99,HD,057298,01,,,"8193930","LAU, NELSON C",Not Applicable,"MASSACHUSETTS GENERAL HOSPITAL", ,2008,84120,

