----------------------------------------------------------------------------------Search Criteria:  Search in: Projects 		AdminIC: All; Principal Investigator / Project Leader: KNOEPFLER; PAUL S; Fiscal Year: 2016; 2015; 2014; 2013; 2012; 2011; 2010; 2009; 2008; 2007; 2006; 2005; 2004; 2003; 2002; 2001; 2000; 1999; 1998; 1997; 1996 ----------------------------------------------------------------------------------Project Title,Administering  IC,Application ID,Project Number,Type,Activity,IC,Serial Number,Support Year,Suffix,Subproject Number ,Contact PI  Person ID,Contact PI / Project Leader,Other PI or Project Leader(s),Organization Name,ARRA Indicator,FY,FY Total Cost ,FY Total Cost  (Sub Projects),
"Analyzing Myc function in neural cancers and development","NCI","7623902",5K01CA114400-05,5,K01,CA,114400,05,,,"7036781","KNOEPFLER, PAUL S",Not Applicable,"UNIVERSITY OF CALIFORNIA AT DAVIS", ,2009,154780,
"Analyzing Myc function in neural cancers and development","NCI","7455328",5K01CA114400-04,5,K01,CA,114400,04,,,"7036781","KNOEPFLER, PAUL S",Not Applicable,"UNIVERSITY OF CALIFORNIA AT DAVIS", ,2008,154780,
"Analyzing Myc function in neural cancers and development","NCI","7255585",5K01CA114400-03,5,K01,CA,114400,03,,,"7036781","KNOEPFLER, PAUL S",Not Applicable,"UNIVERSITY OF CALIFORNIA DAVIS", ,2007,154780,
"Analyzing Myc function in neural cancers and development","NCI","7074608",7K01CA114400-02,7,K01,CA,114400,02,,,"7036781","KNOEPFLER, PAUL S",Not Applicable,"UNIVERSITY OF CALIFORNIA DAVIS", ,2006,154780,
"Analyzing Myc function in neural cancers and development","NCI","6912993",1K01CA114400-01,1,K01,CA,114400,01,,,"7036781","KNOEPFLER, PAUL S",Not Applicable,"FRED HUTCHINSON CANCER RESEARCH CENTER", ,2005,100569,
"Myc Regulation of Embryonic Stem Cell Self-Renewal and Pluripotency","NIGMS","8877568",5R01GM100782-05,5,R01,GM,100782,05,,,"7036781","KNOEPFLER, PAUL S",Not Applicable,"UNIVERSITY OF CALIFORNIA AT DAVIS", ,2015,289520,
"Myc Regulation of Embryonic Stem Cell Self-Renewal and Pluripotency","NIGMS","8691903",5R01GM100782-04,5,R01,GM,100782,04,,,"7036781","KNOEPFLER, PAUL S",Not Applicable,"UNIVERSITY OF CALIFORNIA AT DAVIS", ,2014,289520,
"Myc Regulation of Embryonic Stem Cell Self-Renewal and Pluripotency","NIGMS","8496833",5R01GM100782-03,5,R01,GM,100782,03,,,"7036781","KNOEPFLER, PAUL S",Not Applicable,"UNIVERSITY OF CALIFORNIA AT DAVIS", ,2013,279387,
"Myc Regulation of Embryonic Stem Cell Self-Renewal and Pluripotency","NIGMS","8290400",5R01GM100782-02,5,R01,GM,100782,02,,,"7036781","KNOEPFLER, PAUL S",Not Applicable,"UNIVERSITY OF CALIFORNIA AT DAVIS", ,2012,289520,
"Myc Regulation of Embryonic Stem Cell Self-Renewal and Pluripotency","NIGMS","8104876",1R01GM100782-01A1,1,R01,GM,100782,01,A1,,"7036781","KNOEPFLER, PAUL S",Not Applicable,"UNIVERSITY OF CALIFORNIA AT DAVIS", ,2011,288580,
"Targeting a novel H3.3 epigenetic switch to regulate health and disease","NIGMS","9175264",1R01GM116919-01A1,1,R01,GM,116919,01,A1,,"7036781","KNOEPFLER, PAUL S",Not Applicable,"UNIVERSITY OF CALIFORNIA AT DAVIS", ,2016,314000,

