----------------------------------------------------------------------------------Search Criteria:  Search in: Projects 		AdminIC: All; Principal Investigator / Project Leader: JANSSEN; PAUL; Fiscal Year: 2016; 2015; 2014; 2013; 2012; 2011; 2010; 2009; 2008; 2007; 2006; 2005; 2004; 2003; 2002; 2001; 2000; 1999; 1998; 1997; 1996 ----------------------------------------------------------------------------------Project Title,Administering  IC,Application ID,Project Number,Type,Activity,IC,Serial Number,Support Year,Suffix,Subproject Number ,Contact PI  Person ID,Contact PI / Project Leader,Other PI or Project Leader(s),Organization Name,ARRA Indicator,FY,FY Total Cost ,FY Total Cost  (Sub Projects),
"Cardiac Contraction-Relaxation Coupling","NHLBI","7391156",5R01HL073816-05,5,R01,HL,073816,05,,,"7327001","JANSSEN, PAULUS ML",Not Applicable,"OHIO STATE UNIVERSITY", ,2008,354382,
"Cardiac Contraction-Relaxation Coupling","NHLBI","7217476",5R01HL073816-04,5,R01,HL,073816,04,,,"7327001","JANSSEN, PAULUS ML",Not Applicable,"OHIO STATE UNIVERSITY", ,2007,354382,
"Cardiac Contraction-Relaxation Coupling","NHLBI","7046859",5R01HL073816-03,5,R01,HL,073816,03,,,"7327001","JANSSEN, PAULUS ML",Not Applicable,"OHIO STATE UNIVERSITY", ,2006,364967,
"Cardiac Contraction-Relaxation Coupling","NHLBI","6868217",5R01HL073816-02,5,R01,HL,073816,02,,,"7327001","JANSSEN, PAULUS ML",Not Applicable,"OHIO STATE UNIVERSITY", ,2005,373750,
"Cardiac Contraction-Relaxation Coupling","NHLBI","6777924",1R01HL073816-01A1,1,R01,HL,073816,01,A1,,"7327001","JANSSEN, PAULUS ML",Not Applicable,"OHIO STATE UNIVERSITY", ,2004,373750,
"Myofilament Calcium Sensitivity in Health and Disease","NHLBI","7800446",7K02HL083957-05,7,K02,HL,083957,05,,,"7327001","JANSSEN, PAULUS ML",Not Applicable,"OHIO STATE UNIVERSITY", ,2010,102708,
"Myofilament Calcium Sensitivity in Health and Disease","NHLBI","7615684",5K02HL083957-04,5,K02,HL,083957,04,,,"7327001","JANSSEN, PAULUS ML",Not Applicable,"OHIO STATE UNIVERSITY", ,2009,102708,
"Myofilament Calcium Sensitivity in Health and Disease","NHLBI","7386529",5K02HL083957-03,5,K02,HL,083957,03,,,"7327001","JANSSEN, PAULUS ML",Not Applicable,"OHIO STATE UNIVERSITY", ,2008,102708,
"Myofilament Calcium Sensitivity in Health and Disease","NHLBI","7218693",5K02HL083957-02,5,K02,HL,083957,02,,,"7327001","JANSSEN, PAULUS ML",Not Applicable,"OHIO STATE UNIVERSITY", ,2007,102708,
"Myofilament Calcium Sensitivity in Health and Disease","NHLBI","7073517",1K02HL083957-01,1,K02,HL,083957,01,,,"7327001","JANSSEN, PAULUS ML",Not Applicable,"OHIO STATE UNIVERSITY", ,2006,102708,
"Electrical and mechanical behavior of live human myocardium in health and disease","NHLBI","7934548",5RC1HL099538-02,5,RC1,HL,099538,02,,,"7327001","JANSSEN, PAULUS ML",Not Applicable,"OHIO STATE UNIVERSITY",YES,2010,500000,
"Electrical and mechanical behavior of live human myocardium in health and disease","NHLBI","7814694",1RC1HL099538-01,1,RC1,HL,099538,01,,,"7327001","JANSSEN, PAULUS ML",Not Applicable,"OHIO STATE UNIVERSITY",YES,2009,500000,
"Frequency-dependent modulation of cardiac myofilament function in health/disease","NHLBI","9176808",2R01HL113084-05,2,R01,HL,113084,05,,,"7327001","JANSSEN, PAULUS ML",Not Applicable,"OHIO STATE UNIVERSITY", ,2016,385000,
"Frequency-dependent modulation of cardiac myofilament function in health/disease","NHLBI","8893128",5R01HL113084-04,5,R01,HL,113084,04,,,"7327001","JANSSEN, PAULUS ML",Not Applicable,"OHIO STATE UNIVERSITY", ,2015,375531,
"Frequency-dependent modulation of cardiac myofilament function in health/disease","NHLBI","8701132",5R01HL113084-03,5,R01,HL,113084,03,,,"7327001","JANSSEN, PAULUS ML",Not Applicable,"OHIO STATE UNIVERSITY", ,2014,373625,
"Frequency-dependent modulation of cardiac myofilament function in health/disease","NHLBI","8527843",5R01HL113084-02,5,R01,HL,113084,02,,,"7327001","JANSSEN, PAULUS ML",Not Applicable,"OHIO STATE UNIVERSITY", ,2013,362950,
"Frequency-dependent modulation of cardiac myofilament function in health/disease","NHLBI","8372902",1R01HL113084-01A1,1,R01,HL,113084,01,A1,,"7327001","JANSSEN, PAULUS ML",Not Applicable,"OHIO STATE UNIVERSITY", ,2012,381250,
"Mechanisms and synergies of therapeutic drug treatments in muscular dystrophy","NINDS","9057392",4R01NS082868-04,4,R01,NS,082868,04,,,"1926196","RAFAEL-FORTNEY, JILL A ","JANSSEN, PAULUS ML","OHIO STATE UNIVERSITY", ,2016,336875,
"Mechanisms and synergies of therapeutic drug treatments in muscular dystrophy","NINDS","8837072",5R01NS082868-03,5,R01,NS,082868,03,,,"1926196","RAFAEL-FORTNEY, JILL A ","JANSSEN, PAULUS ML","OHIO STATE UNIVERSITY", ,2015,336875,
"Mechanisms and synergies of therapeutic drug treatments in muscular dystrophy","NINDS","8655187",5R01NS082868-02,5,R01,NS,082868,02,,,"1926196","RAFAEL-FORTNEY, JILL A ","JANSSEN, PAULUS ML","OHIO STATE UNIVERSITY", ,2014,333326,
"Mechanisms and synergies of therapeutic drug treatments in muscular dystrophy","NINDS","8578461",1R01NS082868-01A1,1,R01,NS,082868,01,A1,,"1926196","RAFAEL-FORTNEY, JILL A ","JANSSEN, PAULUS ML","OHIO STATE UNIVERSITY", ,2013,335416,

