----------------------------------------------------------------------------------Search Criteria:  Search in: Projects 		AdminIC: All; Principal Investigator / Project Leader: HACKETT; PERRY B; Fiscal Year: 2016; 2015; 2014; 2013; 2012; 2011; 2010; 2009; 2008; 2007; 2006; 2005; 2004; 2003; 2002; 2001; 2000; 1999; 1998; 1997; 1996 ----------------------------------------------------------------------------------Project Title,Administering  IC,Application ID,Project Number,Type,Activity,IC,Serial Number,Support Year,Suffix,Subproject Number ,Contact PI  Person ID,Contact PI / Project Leader,Other PI or Project Leader(s),Organization Name,ARRA Indicator,FY,FY Total Cost ,FY Total Cost  (Sub Projects),
"Targeted Transposons for Gene Therapy","NIBIB","7274374",1R41EB007451-01,1,R41,EB,007451,01,,,"1896854","HACKETT, PERRY B",Not Applicable,"DISCOVERY GENOMICS, INC.", ,2007,174011,
"Sleeping beauty transposon for gene therapy","NICHD","7342407",5P01HD032652-12,5,P01,HD,032652,12,,0006,"1896854","HACKETT, PERRY B",Not Applicable,"UNIVERSITY OF MINNESOTA", ,2007,,199706
"Sleeping beauty transposon for gene therapy","NICHD","7177712",5P01HD032652-11,5,P01,HD,032652,11,,0006,"1896854","HACKETT, PERRY B",Not Applicable,"UNIVERSITY OF MINNESOTA TWIN CITIES", ,2006,,189195
"Sleeping beauty transposon for gene therapy","NICHD","7062718",5P01HD032652-10,5,P01,HD,032652,10,,0006,"1896854","HACKETT, PERRY B",Not Applicable,"UNIVERSITY OF MINNESOTA TWIN CITIES", ,2005,,183687
"Sleeping beauty transposon for gene therapy","NICHD","6861185",2P01HD032652-09A1,2,P01,HD,032652,09,A1,0006,"1896854","HACKETT, PERRY B",Not Applicable,"UNIVERSITY OF MINNESOTA TWIN CITIES", ,2004,,178337
"SLEEPING BEAUTY TRANSPOSON FOR GENE THERAPY","NICHD","6442591",5P01HD032652-07,5,P01,HD,032652,07,,0006,"1896854","HACKETT, PERRY B",Not Applicable,"UNIVERSITY OF MINNESOTA TWIN CITIES", ,2001,,106204
"SLEEPING BEAUTY TRANSPOSON FOR GENE THERAPY","NICHD","6325542",2P01HD032652-06,2,P01,HD,032652,06,,0006,"1896854","HACKETT, PERRY B",Not Applicable,"UNIVERSITY OF MINNESOTA TWIN CITIES", ,2000,,106204
"Sleeping Beauty-Mediated Gene Therapy for Hemophilia","NHLBI","6883402",2R44HL072539-02A1,2,R44,HL,072539,02,A1,,"1896854","HACKETT, PERRY B",Not Applicable,"DISCOVERY GENOMICS, INC.", ,2005,595423,
"Sleeping Beauty-Mediated Gene Therapy for Hemophilia A","NHLBI","6582681",1R43HL072539-01,1,R43,HL,072539,01,,,"1896854","HACKETT, PERRY B",Not Applicable,"DISCOVERY GENOMICS, INC.", ,2003,145095,
"Transposon-mediated Gene Therapy for Fanconi Anemia","NHLBI","6787819",1R43HL076908-01,1,R43,HL,076908,01,,,"1896854","HACKETT, PERRY B",Not Applicable,"DISCOVERY GENOMICS, INC.", ,2004,235588,
"ZEBRAFISH AS A MODEL SYSTEM FOR BIOMEDICAL RESEARCH","NCRR","6056703",5R01RR006625-07,5,R01,RR,006625,07,,,"1896854","HACKETT, PERRY B",Not Applicable,"UNIVERSITY OF MINNESOTA TWIN CITIES", ,1999,206828,
"ZEBRAFISH AS A MODEL SYSTEM FOR BIOMEDICAL RESEARCH","NCRR","2772010",5R01RR006625-06,5,R01,RR,006625,06,,,"1896854","HACKETT, PERRY B",Not Applicable,"UNIVERSITY OF MINNESOTA TWIN CITIES", ,1998,200803,
"ZEBRAFISH AS A MODEL SYSTEM FOR BIOMEDICAL RESEARCH","NCRR","2397786",2R01RR006625-05A1,2,R01,RR,006625,05,A1,,"1896854","HACKETT, PERRY B",Not Applicable,"UNIVERSITY OF MINNESOTA TWIN CITIES", ,1997,202414,
"Delivery of Sleeping Beauty Transposons to Dog Liver for Gene Therapy","NIDDK","7537339",1R41DK081249-01A1,1,R41,DK,081249,01,A1,,"1896854","HACKETT, PERRY B.",Not Applicable,"DISCOVERY GENOMICS, INC.", ,2008,290918,
"SB Transposons for Gene Therapy","NIDDK","8464380",5R01DK082516-04,5,R01,DK,082516,04,,,"1896854","HACKETT, PERRY B.",Not Applicable,"UNIVERSITY OF MINNESOTA", ,2013,302581,
"SB Transposons for Gene Therapy","NIDDK","8277315",5R01DK082516-03,5,R01,DK,082516,03,,,"1896854","HACKETT, PERRY B.",Not Applicable,"UNIVERSITY OF MINNESOTA", ,2012,313556,
"SB Transposons for Gene Therapy","NIDDK","8053259",5R01DK082516-02,5,R01,DK,082516,02,,,"1896854","HACKETT, PERRY B.",Not Applicable,"UNIVERSITY OF MINNESOTA", ,2011,313556,
"SB Transposons for Gene Therapy","NIDDK","7886257",1R01DK082516-01A2,1,R01,DK,082516,01,A2,,"1896854","HACKETT, PERRY B.",Not Applicable,"UNIVERSITY OF MINNESOTA", ,2010,367204,
"Sleeping beauty transposon for gene therapy","NICHD","7552026",5P01HD032652-13,5,P01,HD,032652,13,,0006,"1896854","HACKETT, PERRY B.",Not Applicable,"UNIVERSITY OF MINNESOTA", ,2008,,201576

