----------------------------------------------------------------------------------Search Criteria:  Search in: Projects 		AdminIC: All; Principal Investigator / Project Leader: ESPENSHADE; PETER; Fiscal Year: 2016; 2015; 2014; 2013; 2012; 2011; 2010; 2009; 2008; 2007; 2006; 2005; 2004; 2003; 2002; 2001; 2000; 1999; 1998; 1997; 1996 ----------------------------------------------------------------------------------Project Title,Administering  IC,Application ID,Project Number,Type,Activity,IC,Serial Number,Support Year,Suffix,Subproject Number ,Contact PI  Person ID,Contact PI / Project Leader,Other PI or Project Leader(s),Organization Name,ARRA Indicator,FY,FY Total Cost ,FY Total Cost  (Sub Projects),
"Advancing Recovery FOR-VT Project","SAMHSA","8710158",5H79TI024605-02,5,H79,SU,024605,02,,,"11998091","ESPENSHADE, PETER ",Not Applicable,"VERMONT ASSOCIATION FOR MENTAL HEALTH, INC.", ,2014,,,,,
"Advancing Recovery FOR-VT Project","SAMHSA","8666191",1H79TI024605-01,1,H79,SU,024605,01,,,"11998091","ESPENSHADE, PETER ",Not Applicable,"VERMONT ASSOCIATION FOR MENTAL HEALTH, INC.", ,2013,,,,,
"OXYGEN SENSING AND ADAPTATION TO HOST TISSUE HYPOXIA IN C. NEOFORMANS","NIAID","7446731",5R21AI072186-02,5,R21,AI,072186,02,,,"2048139","ESPENSHADE, PETER J.",Not Applicable,"JOHNS HOPKINS UNIVERSITY", ,2008,201105,
"Mechanisms of Host Adaptation for Candida albicans","NIAID","8720688",5R21AI103857-02,5,R21,AI,103857,02,,,"2048139","ESPENSHADE, PETER J.",Not Applicable,"JOHNS HOPKINS UNIVERSITY", ,2014,200934,
"Mechanisms of Host Adaptation for Candida albicans","NIAID","8583542",1R21AI103857-01A1,1,R21,AI,103857,01,A1,,"2048139","ESPENSHADE, PETER J.",Not Applicable,"JOHNS HOPKINS UNIVERSITY", ,2013,242448,
"Mechanism of SREBP Cleavage Activating Protein Golgi-to-ER Recycling","NIDDK","9008911",1R01DK107643-01,1,R01,DK,107643,01,,,"2048139","ESPENSHADE, PETER J.",Not Applicable,"JOHNS HOPKINS UNIVERSITY", ,2016,286020,
"Regulation of Cellular Cholesterol Homeostasis","NHLBI","9024600",5R01HL077588-13,5,R01,HL,077588,13,,,"2048139","ESPENSHADE, PETER J.",Not Applicable,"JOHNS HOPKINS UNIVERSITY", ,2016,398434,
"Regulation of Cellular Cholesterol Homeostasis","NHLBI","8824957",5R01HL077588-12,5,R01,HL,077588,12,,,"2048139","ESPENSHADE, PETER J.",Not Applicable,"JOHNS HOPKINS UNIVERSITY", ,2015,393244,
"Regulation of Cellular Cholesterol Homeostasis","NHLBI","8694812",2R01HL077588-11,2,R01,HL,077588,11,,,"2048139","ESPENSHADE, PETER J.",Not Applicable,"JOHNS HOPKINS UNIVERSITY", ,2014,410043,
"Regulation of Cellular Cholesterol Homeostasis","NHLBI","8459608",5R01HL077588-10,5,R01,HL,077588,10,,,"2048139","ESPENSHADE, PETER J.",Not Applicable,"JOHNS HOPKINS UNIVERSITY", ,2013,393185,
"Regulation of Cellular Cholesterol Homeostasis","NHLBI","8253717",5R01HL077588-09,5,R01,HL,077588,09,,,"2048139","ESPENSHADE, PETER J.",Not Applicable,"JOHNS HOPKINS UNIVERSITY", ,2012,413009,
"Regulation of Cellular Cholesterol Homeostasis","NHLBI","8060616",5R01HL077588-08,5,R01,HL,077588,08,,,"2048139","ESPENSHADE, PETER J.",Not Applicable,"JOHNS HOPKINS UNIVERSITY", ,2011,413009,
"Regulation of Cellular Cholesterol Homeostasis","NHLBI","7802091",5R01HL077588-07,5,R01,HL,077588,07,,,"2048139","ESPENSHADE, PETER J.",Not Applicable,"JOHNS HOPKINS UNIVERSITY", ,2010,417180,
"Regulation of Cellular Cholesterol Homeostasis","NHLBI","7840714",3R01HL077588-06S1,3,R01,HL,077588,06,S1,,"2048139","ESPENSHADE, PETER J.",Not Applicable,"JOHNS HOPKINS UNIVERSITY",YES,2009,205192,
"Regulation of Cellular Cholesterol Homeostasis","NHLBI","7651816",2R01HL077588-06,2,R01,HL,077588,06,,,"2048139","ESPENSHADE, PETER J.",Not Applicable,"JOHNS HOPKINS UNIVERSITY", ,2009,413414,
"Regulation of Cellular Cholesterol Homeostasis","NHLBI","7421088",5R01HL077588-05,5,R01,HL,077588,05,,,"2048139","ESPENSHADE, PETER J.",Not Applicable,"JOHNS HOPKINS UNIVERSITY", ,2008,387569,
"Functional studies of PGRMC1 in cholesterol homeostasis","NHLBI","7898673",5R21HL094774-02,5,R21,HL,094774,02,,,"2048139","ESPENSHADE, PETER J.",Not Applicable,"JOHNS HOPKINS UNIVERSITY", ,2010,205000,
"Functional studies of PGRMC1 in cholesterol homeostasis","NHLBI","7738070",1R21HL094774-01A1,1,R21,HL,094774,01,A1,,"2048139","ESPENSHADE, PETER J.",Not Applicable,"JOHNS HOPKINS UNIVERSITY", ,2009,246000,
"OXYGEN SENSING AND ADAPTATION TO HOST TISSUE HYPOXIA IN C. NEOFORMANS","NIAID","7305835",1R21AI072186-01A1,1,R21,AI,072186,01,A1,,"2048139","ESPENSHADE, PETER JOHN",Not Applicable,"JOHNS HOPKINS UNIVERSITY", ,2007,245938,
"ISOLATION OF A KEY REGULATOR OF CHOLESTEROL HOMEOSTASIS","NHLBI","6183711",5F32HL009993-03,5,F32,HL,009993,03,,,"2048139","ESPENSHADE, PETER JOHN",Not Applicable,"UNIVERSITY OF TEXAS SW MED CTR/DALLAS", ,2000,37516,
"ISOLATION OF A KEY REGULATOR OF CHOLESTEROL HOMEOSTASIS","NHLBI","2901015",5F32HL009993-02,5,F32,HL,009993,02,,,"2048139","ESPENSHADE, PETER JOHN",Not Applicable,"UNIVERSITY OF TEXAS SW MED CTR/DALLAS", ,1999,31720,
"ISOLATION OF A KEY REGULATOR OF CHOLESTEROL HOMEOSTASIS","NHLBI","2641620",1F32HL009993-01,1,F32,HL,009993,01,,,"2048139","ESPENSHADE, PETER JOHN",Not Applicable,"UNIVERSITY OF TEXAS SW MED CTR/DALLAS", ,1998,25000,
"Regulation of Cellular Cholesterol Homeostasis","NHLBI","7228495",5R01HL077588-04,5,R01,HL,077588,04,,,"2048139","ESPENSHADE, PETER JOHN",Not Applicable,"JOHNS HOPKINS UNIVERSITY", ,2007,387569,
"Regulation of Cellular Cholesterol Homeostasis","NHLBI","7061285",5R01HL077588-03,5,R01,HL,077588,03,,,"2048139","ESPENSHADE, PETER JOHN",Not Applicable,"JOHNS HOPKINS UNIVERSITY", ,2006,399144,
"Regulation of Cellular Cholesterol Homeostasis","NHLBI","6894661",5R01HL077588-02,5,R01,HL,077588,02,,,"2048139","ESPENSHADE, PETER JOHN",Not Applicable,"JOHNS HOPKINS UNIVERSITY", ,2005,408750,
"Regulation of Cellular Cholesterol Homeostasis","NHLBI","6814077",1R01HL077588-01,1,R01,HL,077588,01,,,"2048139","ESPENSHADE, PETER JOHN",Not Applicable,"JOHNS HOPKINS UNIVERSITY", ,2004,408750,

