----------------------------------------------------------------------------------Search Criteria:  Search in: Projects 		AdminIC: All; Principal Investigator / Project Leader: LEVIN; PETRA; Fiscal Year: 2016; 2015; 2014; 2013; 2012; 2011; 2010; 2009; 2008; 2007; 2006; 2005; 2004; 2003; 2002; 2001; 2000; 1999; 1998; 1997; 1996 ----------------------------------------------------------------------------------Project Title,Administering  IC,Application ID,Project Number,Type,Activity,IC,Serial Number,Support Year,Suffix,Subproject Number ,Contact PI  Person ID,Contact PI / Project Leader,Other PI or Project Leader(s),Organization Name,ARRA Indicator,FY,FY Total Cost ,FY Total Cost  (Sub Projects),
"Temporal and Spatial Control of B subtilis cytokinesis","NIGMS","7090048",5R01GM064671-05,5,R01,GM,064671,05,,,"1925505","LEVIN, PETRA A",Not Applicable,"WASHINGTON UNIVERSITY", ,2006,198230,
"Temporal and Spatial Control of B subtilis cytokinesis","NIGMS","6917160",5R01GM064671-04,5,R01,GM,064671,04,,,"1925505","LEVIN, PETRA A",Not Applicable,"WASHINGTON UNIVERSITY", ,2005,203000,
"Temporal and Spatial Control of B subtilis cytokinesis","NIGMS","6768561",5R01GM064671-03,5,R01,GM,064671,03,,,"1925505","LEVIN, PETRA A",Not Applicable,"WASHINGTON UNIVERSITY", ,2004,203000,
"Temporal and Spatial Control of B subtilis cytokinesis","NIGMS","6606905",5R01GM064671-02,5,R01,GM,064671,02,,,"1925505","LEVIN, PETRA A",Not Applicable,"WASHINGTON UNIVERSITY", ,2003,203000,
"Temporal and Spatial Control of B subtilis cytokinesis","NIGMS","6544275",1R01GM064671-01A1,1,R01,GM,064671,01,A1,,"1925505","LEVIN, PETRA A",Not Applicable,"WASHINGTON UNIVERSITY", ,2002,280560,
"TEMPORAL AND SPATIAL CONTROL OF BACTERIAL CYTOKINESIS","NIGMS","9095337",4R01GM064671-13,4,R01,GM,064671,13,,,"1925505","LEVIN, PETRA ANNE",Not Applicable,"WASHINGTON UNIVERSITY", ,2016,360594,
"TEMPORAL AND SPATIAL CONTROL OF BACTERIAL CYTOKINESIS","NIGMS","8877558",5R01GM064671-12,5,R01,GM,064671,12,,,"1925505","LEVIN, PETRA ANNE",Not Applicable,"WASHINGTON UNIVERSITY", ,2015,360594,
"TEMPORAL AND SPATIAL CONTROL OF BACTERIAL CYTOKINESIS","NIGMS","8724508",5R01GM064671-11,5,R01,GM,064671,11,,,"1925505","LEVIN, PETRA ANNE",Not Applicable,"WASHINGTON UNIVERSITY", ,2014,360594,
"TEMPORAL AND SPATIAL CONTROL OF BACTERIAL CYTOKINESIS","NIGMS","8578640",2R01GM064671-10A1,2,R01,GM,064671,10,A1,,"1925505","LEVIN, PETRA ANNE",Not Applicable,"WASHINGTON UNIVERSITY", ,2013,360594,
"TEMPORAL AND SPATIAL CONTROL OF B SUBTILIS CYTOKINESIS","NIGMS","8114975",5R01GM064671-09,5,R01,GM,064671,09,,,"1925505","LEVIN, PETRA ANNE",Not Applicable,"WASHINGTON UNIVERSITY", ,2011,350092,
"TEMPORAL AND SPATIAL CONTROL OF B SUBTILIS CYTOKINESIS","NIGMS","7904269",5R01GM064671-08,5,R01,GM,064671,08,,,"1925505","LEVIN, PETRA ANNE",Not Applicable,"WASHINGTON UNIVERSITY", ,2010,318265,
"TEMPORAL AND SPATIAL CONTROL OF B SUBTILIS CYTOKINESIS","NIGMS","7667466",5R01GM064671-07,5,R01,GM,064671,07,,,"1925505","LEVIN, PETRA ANNE",Not Applicable,"WASHINGTON UNIVERSITY", ,2009,321480,
"TEMPORAL AND SPATIAL CONTROL OF B SUBTILIS CYTOKINESIS","NIGMS","7352886",2R01GM064671-06,2,R01,GM,064671,06,,,"1925505","LEVIN, PETRA ANNE",Not Applicable,"WASHINGTON UNIVERSITY", ,2008,332760,

