----------------------------------------------------------------------------------Search Criteria:  Search in: Projects 		AdminIC: All; Principal Investigator / Project Leader: AL-AWQATI; QAIS; Fiscal Year: 2016; 2015; 2014; 2013; 2012; 2011; 2010; 2009; 2008; 2007; 2006; 2005; 2004; 2003; 2002; 2001; 2000; 1999; 1998; 1997; 1996 ----------------------------------------------------------------------------------Project Title,Administering  IC,Application ID,Project Number,Type,Activity,IC,Serial Number,Support Year,Suffix,Subproject Number ,Contact PI  Person ID,Contact PI / Project Leader,Other PI or Project Leader(s),Organization Name,ARRA Indicator,FY,FY Total Cost ,FY Total Cost  (Sub Projects),
"Active H+ Transport in Urinary Acidification","NIDDK","7086892",5R01DK020999-29,5,R01,DK,020999,29,,,"1860269","AL-AWQATI, QAIS ",Not Applicable,"COLUMBIA UNIVERSITY HEALTH SCIENCES", ,2006,359231,
"Active H+ Transport in Urinary Acidification","NIDDK","6933011",5R01DK020999-28,5,R01,DK,020999,28,,,"1860269","AL-AWQATI, QAIS ",Not Applicable,"COLUMBIA UNIVERSITY HEALTH SCIENCES", ,2005,367877,
"Active H+ Transport in Urinary Acidification","NIDDK","6786083",5R01DK020999-27,5,R01,DK,020999,27,,,"1860269","AL-AWQATI, QAIS ",Not Applicable,"COLUMBIA UNIVERSITY HEALTH SCIENCES", ,2004,367877,
"Active H+ Transport in Urinary Acidification","NIDDK","6606581",2R01DK020999-26,2,R01,DK,020999,26,,,"1860269","AL-AWQATI, QAIS ",Not Applicable,"COLUMBIA UNIVERSITY HEALTH SCIENCES", ,2003,391922,
"ACTIVE H+ TRANSPORT IN URINARY ACIDIFICATION","NIDDK","6516996",5R01DK020999-25,5,R01,DK,020999,25,,,"1860269","AL-AWQATI, QAIS ",Not Applicable,"COLUMBIA UNIVERSITY HEALTH SCIENCES", ,2002,437680,
"ACTIVE H+ TRANSPORT IN URINARY ACIDIFICATION","NIDDK","6380409",5R01DK020999-24,5,R01,DK,020999,24,,,"1860269","AL-AWQATI, QAIS ",Not Applicable,"COLUMBIA UNIVERSITY HEALTH SCIENCES", ,2001,428120,
"ACTIVE H+ TRANSPORT IN URINARY ACIDIFICATION","NIDDK","6176509",5R01DK020999-23,5,R01,DK,020999,23,,,"1860269","AL-AWQATI, QAIS ",Not Applicable,"COLUMBIA UNIVERSITY HEALTH SCIENCES", ,2000,418837,
"ACTIVE H+ TRANSPORT IN URINARY ACIDIFICATION","NIDDK","6157985",3R01DK020999-22S1,3,R01,DK,020999,22,S1,,"1860269","AL-AWQATI, QAIS ",Not Applicable,"COLUMBIA UNIVERSITY HEALTH SCIENCES", ,1999,75000,
"ACTIVE H+ TRANSPORT IN URINARY ACIDIFICATION","NIDDK","2905221",5R01DK020999-22,5,R01,DK,020999,22,,,"1860269","AL-AWQATI, QAIS ",Not Applicable,"COLUMBIA UNIVERSITY HEALTH SCIENCES", ,1999,409826,
"ACTIVE H+ TRANSPORT IN URINARY ACIDIFICATION","NIDDK","2620255",2R01DK020999-21,2,R01,DK,020999,21,,,"1860269","AL-AWQATI, QAIS ",Not Applicable,"COLUMBIA UNIVERSITY HEALTH SCIENCES", ,1998,414077,
"ACTIVE H+ TRANSPORT IN URINARY ACIDIFICATION","NIDDK","2443931",5R01DK020999-20,5,R01,DK,020999,20,,,"1860269","AL-AWQATI, QAIS ",Not Applicable,"COLUMBIA UNIVERSITY HEALTH SCIENCES", ,1997,390537,
"ACTIVE H+ TRANSPORT IN URINARY ACIDIFICATION","NIDDK","2137541",5R01DK020999-19,5,R01,DK,020999,19,,,"1860269","AL-AWQATI, QAIS ",Not Applicable,"COLUMBIA UNIVERSITY HEALTH SCIENCES", ,1996,378808,
"EPITHELIAL CHLORIDE CHANNEL","NIDDK","2634210",5R01DK039532-10,5,R01,DK,039532,10,,,"1860269","AL-AWQATI, QAIS ",Not Applicable,"COLUMBIA UNIVERSITY HEALTH SCIENCES", ,1998,437484,
"EPITHELIAL CHLORIDE CHANNEL","NIDDK","2016284",5R01DK039532-09,5,R01,DK,039532,09,,,"1860269","AL-AWQATI, QAIS ",Not Applicable,"COLUMBIA UNIVERSITY HEALTH SCIENCES", ,1997,423590,
"EPITHELIAL CHLORIDE CHANNEL","NIDDK","2140951",5R01DK039532-08,5,R01,DK,039532,08,,,"1860269","AL-AWQATI, QAIS ",Not Applicable,"COLUMBIA UNIVERSITY HEALTH SCIENCES", ,1996,410227,
"INDUCTION OF KIDNEY MESENCHYME BY URETERIC BUD","NIDDK","6105555",3P01DK046934-05S1,3,P01,DK,046934,05,S1,0001,"1860269","AL-AWQATI, QAIS ",Not Applicable,"COLUMBIA UNIVERSITY HEALTH SCIENCES", ,1998,,,,,
"MOLECULAR EVENTS IN UROGENITAL DEVELOPMENT","NIDDK","2831925",3P01DK046934-05S1,3,P01,DK,046934,05,S1,,"1860269","AL-AWQATI, QAIS ",Not Applicable,"COLUMBIA UNIVERSITY HEALTH SCIENCES", ,1998,215594,
"INDUCTION OF KIDNEY MESENCHYME BY URETERIC BUD","NIDDK","6239107",5P01DK046934-05,5,P01,DK,046934,05,,0001,"1860269","AL-AWQATI, QAIS ",Not Applicable,"COLUMBIA UNIVERSITY HEALTH SCIENCES", ,1997,,215594
"MOLECULAR EVENTS IN UROGENITAL DEVELOPMENT","NIDDK","2458806",5P01DK046934-05,5,P01,DK,046934,05,,,"1860269","AL-AWQATI, QAIS ",Not Applicable,"COLUMBIA UNIVERSITY HEALTH SCIENCES", ,1997,646782,
"INDUCTION OF KIDNEY MESENCHYME BY URETERIC BUD","NIDDK","5210795",5P01DK046934-04,5,P01,DK,046934,04,,0001,"3378293","AL-AWQATI, QAIS ",Not Applicable,"", ,1996,,,,,
"MOLECULAR EVENTS IN UROGENITAL DEVELOPMENT","NIDDK","2146229",5P01DK046934-04,5,P01,DK,046934,04,,,"1860269","AL-AWQATI, QAIS ",Not Applicable,"COLUMBIA UNIVERSITY HEALTH SCIENCES", ,1996,621907,
"STEM CELLS IN THE KIDNEY","NIDDK","7574583",5P01DK055388-10,5,P01,DK,055388,10,,0001,"1860269","AL-AWQATI, QAIS ",Not Applicable,"COLUMBIA UNIVERSITY HEALTH SCIENCES", ,2008,,347904
"Molecular Events in Urogenital Development","NIDDK","7346988",5P01DK055388-10,5,P01,DK,055388,10,,,"1860269","AL-AWQATI, QAIS ",Not Applicable,"COLUMBIA UNIVERSITY HEALTH SCIENCES", ,2008,1424108,
"STEM CELLS IN THE KIDNEY","NIDDK","7346984",5P01DK055388-09,5,P01,DK,055388,09,,0001,"1860269","AL-AWQATI, QAIS ",Not Applicable,"COLUMBIA UNIVERSITY HEALTH SCIENCES", ,2007,,344696
"Molecular Events in Urogenital Development","NIDDK","7188669",5P01DK055388-09,5,P01,DK,055388,09,,,"1860269","AL-AWQATI, QAIS ",Not Applicable,"COLUMBIA UNIVERSITY HEALTH SCIENCES", ,2007,1410973,
"STEM CELLS IN THE KIDNEY","NIDDK","7188665",5P01DK055388-08,5,P01,DK,055388,08,,0001,"1860269","AL-AWQATI, QAIS ",Not Applicable,"COLUMBIA UNIVERSITY HEALTH SCIENCES", ,2006,,358709
"Molecular Events in Urogenital Development","NIDDK","6999736",5P01DK055388-08,5,P01,DK,055388,08,,,"1860269","AL-AWQATI, QAIS ",Not Applicable,"COLUMBIA UNIVERSITY HEALTH SCIENCES", ,2006,1410919,
"STEM CELLS IN THE KIDNEY","NIDDK","7062907",5P01DK055388-07,5,P01,DK,055388,07,,0001,"1860269","AL-AWQATI, QAIS ",Not Applicable,"COLUMBIA UNIVERSITY HEALTH SCIENCES", ,2005,,348261
"Molecular Events in Urogenital Development","NIDDK","6861033",5P01DK055388-07,5,P01,DK,055388,07,,,"1860269","AL-AWQATI, QAIS ",Not Applicable,"COLUMBIA UNIVERSITY HEALTH SCIENCES", ,2005,1402924,
"STEM CELLS IN THE KIDNEY","NIDDK","6801313",2P01DK055388-06,2,P01,DK,055388,06,,0001,"1860269","AL-AWQATI, QAIS ",Not Applicable,"COLUMBIA UNIVERSITY HEALTH SCIENCES", ,2004,,263055
"ADMINISTRATIVE CORE","NIDDK","6801323",2P01DK055388-06,2,P01,DK,055388,06,,9002,"1860269","AL-AWQATI, QAIS ",Not Applicable,"COLUMBIA UNIVERSITY HEALTH SCIENCES", ,2004,,13446
"Molecular Events in Urogenital Development","NIDDK","6760502",2P01DK055388-06,2,P01,DK,055388,06,,,"1860269","AL-AWQATI, QAIS ",Not Applicable,"COLUMBIA UNIVERSITY HEALTH SCIENCES", ,2004,1058692,
"MOLECULAR EVENTS IN UROGENITAL DEVELOPMENT","NIDDK","6846517",3P01DK055388-05S1,3,P01,DK,055388,05,S1,,"1860269","AL-AWQATI, QAIS ",Not Applicable,"COLUMBIA UNIVERSITY HEALTH SCIENCES", ,2004,315766,
"MOLECULAR EVENTS IN UROGENITAL DEVELOPMENT","NIDDK","6626974",5P01DK055388-05,5,P01,DK,055388,05,,,"1860269","AL-AWQATI, QAIS ",Not Applicable,"COLUMBIA UNIVERSITY HEALTH SCIENCES", ,2003,1263064,
"EARLY EVENTS IN RENAL DEVELOPMENT","NIDDK","6564375",5P01DK055388-04,5,P01,DK,055388,04,,0001,"1860269","AL-AWQATI, QAIS ",Not Applicable,"COLUMBIA UNIVERSITY HEALTH SCIENCES", ,2002,,162614
"MOLECULAR EVENTS IN UROGENITAL DEVELOPMENT","NIDDK","6489726",5P01DK055388-04,5,P01,DK,055388,04,,,"1860269","AL-AWQATI, QAIS ",Not Applicable,"COLUMBIA UNIVERSITY HEALTH SCIENCES", ,2002,1231155,
"EARLY EVENTS IN RENAL DEVELOPMENT","NIDDK","6412926",5P01DK055388-03,5,P01,DK,055388,03,,0001,"1860269","AL-AWQATI, QAIS ",Not Applicable,"COLUMBIA UNIVERSITY HEALTH SCIENCES", ,2001,,162614
"MOLECULAR EVENTS IN UROGENITAL DEVELOPMENT","NIDDK","6342539",5P01DK055388-03,5,P01,DK,055388,03,,,"1860269","AL-AWQATI, QAIS ",Not Applicable,"COLUMBIA UNIVERSITY HEALTH SCIENCES", ,2001,1200172,
"EARLY EVENTS IN RENAL DEVELOPMENT","NIDDK","6301217",5P01DK055388-02,5,P01,DK,055388,02,,0001,"1860269","AL-AWQATI, QAIS ",Not Applicable,"COLUMBIA UNIVERSITY HEALTH SCIENCES", ,2000,,298650
"MOLECULAR EVENTS IN UROGENITAL DEVELOPMENT","NIDDK","6138095",5P01DK055388-02,5,P01,DK,055388,02,,,"1860269","AL-AWQATI, QAIS ",Not Applicable,"COLUMBIA UNIVERSITY HEALTH SCIENCES", ,2000,1166949,
"EARLY EVENTS IN RENAL DEVELOPMENT","NIDDK","6217577",3P01DK055388-01S1,3,P01,DK,055388,01,S1,0001,"1860269","AL-AWQATI, QAIS ",Not Applicable,"COLUMBIA UNIVERSITY HEALTH SCIENCES", ,1999,,298650
"MOLECULAR EVENTS IN UROGENITAL DEVELOPMENT","NIDDK","6158004",3P01DK055388-01S1,3,P01,DK,055388,01,S1,,"1860269","AL-AWQATI, QAIS ",Not Applicable,"COLUMBIA UNIVERSITY HEALTH SCIENCES", ,1999,75000,
"EARLY EVENTS IN RENAL DEVELOPMENT","NIDDK","6105913",1P01DK055388-01,1,P01,DK,055388,01,,0001,"1860269","AL-AWQATI, QAIS ",Not Applicable,"COLUMBIA UNIVERSITY HEALTH SCIENCES", ,1999,,298650
"MOLECULAR EVENTS IN UROGENITAL DEVELOPMENT","NIDDK","2775351",1P01DK055388-01,1,P01,DK,055388,01,,,"1860269","AL-AWQATI, QAIS ",Not Applicable,"COLUMBIA UNIVERSITY HEALTH SCIENCES", ,1999,1194603,
"Training Medical Students in NIDDK Research","NIDDK","9018007",4T35DK093430-05,4,T35,DK,093430,05,,,"1860269","AL-AWQATI, QAIS ",Not Applicable,"COLUMBIA UNIVERSITY HEALTH SCIENCES", ,2016,84702,
"Training Medical Students in NIDDK Research","NIDDK","8814213",5T35DK093430-04,5,T35,DK,093430,04,,,"1860269","AL-AWQATI, QAIS ",Not Applicable,"COLUMBIA UNIVERSITY HEALTH SCIENCES", ,2015,87869,
"Training Medical Students in NIDDK Research","NIDDK","8616753",5T35DK093430-03,5,T35,DK,093430,03,,,"1860269","AL-AWQATI, QAIS ",Not Applicable,"COLUMBIA UNIVERSITY HEALTH SCIENCES", ,2014,86430,
"Training Medical Students in NIDDK Research","NIDDK","8440319",5T35DK093430-02,5,T35,DK,093430,02,,,"1860269","AL-AWQATI, QAIS ",Not Applicable,"COLUMBIA UNIVERSITY HEALTH SCIENCES", ,2013,70826,
"Training Medical Students in NIDDK Research","NIDDK","8214286",1T35DK093430-01,1,T35,DK,093430,01,,,"1860269","AL-AWQATI, QAIS ",Not Applicable,"COLUMBIA UNIVERSITY HEALTH SCIENCES", ,2012,70826,

