----------------------------------------------------------------------------------Search Criteria:  Search in: Projects 		AdminIC: All; Principal Investigator / Project Leader: ARANEDA; RICARDO C; Fiscal Year: 2016; 2015; 2014; 2013; 2012; 2011; 2010; 2009; 2008; 2007; 2006; 2005; 2004; 2003; 2002; 2001; 2000; 1999; 1998; 1997; 1996 ----------------------------------------------------------------------------------Project Title,Administering  IC,Application ID,Project Number,Type,Activity,IC,Serial Number,Support Year,Suffix,Subproject Number ,Contact PI  Person ID,Contact PI / Project Leader,Other PI or Project Leader(s),Organization Name,ARRA Indicator,FY,FY Total Cost ,FY Total Cost  (Sub Projects),
"The Olfactory Bulb-Entorhinal Cortex Axis as an Early Biomarker for Alzheimers Disease","NIA","9052109",5R01AG049937-02,5,R01,AG,049937,02,,,"6926683","ARANEDA, RICARDO C ","JURADO, SANDRA ","UNIV OF MARYLAND, COLLEGE PARK", ,2016,310622,
"The Olfactory Bulb-Entorhinal Cortex Axis as an Early Biomarker for Alzheimers Disease","NIA","8864791",1R01AG049937-01,1,R01,AG,049937,01,,,"6926683","ARANEDA, RICARDO C ","JURADO, SANDRA ","UNIV OF MARYLAND, COLLEGE PARK", ,2015,313035,
"Synaptic connectivity in mouse accessory olfactory bulb","NIDCD","6873055",5R03DC005559-03,5,R03,DC,005559,03,,,"6926683","ARANEDA, RICARDO C",Not Applicable,"COLUMBIA UNIV NEW YORK MORNINGSIDE", ,2005,81750,
"Synaptic connectivity in mouse accessory olfactory bulb","NIDCD","6733626",5R03DC005559-02,5,R03,DC,005559,02,,,"6926683","ARANEDA, RICARDO C",Not Applicable,"COLUMBIA UNIV NEW YORK MORNINGSIDE", ,2004,81750,
"Synaptic connectivity in accessory olfactory bulb","NIDCD","6650550",1R03DC005559-01A2,1,R03,DC,005559,01,A2,,"6926683","ARANEDA, RICARDO C",Not Applicable,"COLUMBIA UNIV NEW YORK MORNINGSIDE", ,2003,81750,
"Neuromodulation in the olfactory system","NIDCD","8585842",5R01DC009817-05,5,R01,DC,009817,05,,,"6926683","ARANEDA, RICARDO C",Not Applicable,"UNIV OF MARYLAND, COLLEGE PARK", ,2014,351733,
"Neuromodulation in the olfactory system","NIDCD","8402146",5R01DC009817-04,5,R01,DC,009817,04,,,"6926683","ARANEDA, RICARDO C",Not Applicable,"UNIV OF MARYLAND, COLLEGE PARK", ,2013,334845,
"Neuromodulation in the olfactory system","NIDCD","8207871",5R01DC009817-03,5,R01,DC,009817,03,,,"6926683","ARANEDA, RICARDO C",Not Applicable,"UNIV OF MARYLAND, COLLEGE PARK", ,2012,353159,
"Neuromodulation in the olfactory system","NIDCD","7989415",5R01DC009817-02,5,R01,DC,009817,02,,,"6926683","ARANEDA, RICARDO C",Not Applicable,"UNIV OF MARYLAND, COLLEGE PARK", ,2011,353803,
"Neuromodulation in the olfactory system","NIDCD","7786826",1R01DC009817-01A1,1,R01,DC,009817,01,A1,,"6926683","ARANEDA, RICARDO C",Not Applicable,"UNIV OF MARYLAND, COLLEGE PARK", ,2010,358570,

