----------------------------------------------------------------------------------Search Criteria:  Search in: Projects 		AdminIC: All; Principal Investigator / Project Leader: SCHWARTZ; RICHARD C; Fiscal Year: 2016; 2015; 2014; 2013; 2012; 2011; 2010; 2009; 2008; 2007; 2006; 2005; 2004; 2003; 2002; 2001; 2000; 1999; 1998; 1997; 1996 ----------------------------------------------------------------------------------Project Title,Administering  IC,Application ID,Project Number,Type,Activity,IC,Serial Number,Support Year,Suffix,Subproject Number ,Contact PI  Person ID,Contact PI / Project Leader,Other PI or Project Leader(s),Organization Name,ARRA Indicator,FY,FY Total Cost ,FY Total Cost  (Sub Projects),
"A role of acetylation in C/EBPbeta regulation of IL-6","NIAID","6750676",5R03AI055700-02,5,R03,AI,055700,02,,,"1884582","SCHWARTZ, RICHARD C",Not Applicable,"MICHIGAN STATE UNIVERSITY", ,2004,71198,
"A role of acetylation in C/EBPbeta regulation of IL-6","NIAID","6672132",1R03AI055700-01,1,R03,AI,055700,01,,,"1884582","SCHWARTZ, RICHARD C",Not Applicable,"MICHIGAN STATE UNIVERSITY", ,2003,72363,
"Mammary carcinogenesis:  pubertal and adult effects of high fat diet+oxybenzone","NIEHS","9146357",5U01ES026119-02,5,U01,ES,026119,02,,,"1884582","SCHWARTZ, RICHARD C ","HASLAM, SANDRA Z","MICHIGAN STATE UNIVERSITY", ,2016,861517,
"Mammary carcinogenesis:  pubertal and adult effects of high fat diet+oxybenzone","NIEHS","8999647",1U01ES026119-01,1,U01,ES,026119,01,,,"1884582","SCHWARTZ, RICHARD C ","HASLAM, SANDRA Z","MICHIGAN STATE UNIVERSITY", ,2015,889748,

