----------------------------------------------------------------------------------Search Criteria:  Search in: Projects 		AdminIC: All; Principal Investigator / Project Leader: ZIMMER; RICHARD K; Fiscal Year: 2016; 2015; 2014; 2013; 2012; 2011; 2010; 2009; 2008; 2007; 2006; 2005; 2004; 2003; 2002; 2001; 2000; 1999; 1998; 1997; 1996 ----------------------------------------------------------------------------------Project Title,Administering  IC,Application ID,Project Number,Type,Activity,IC,Serial Number,Support Year,Suffix,Subproject Number ,Contact PI  Person ID,Contact PI / Project Leader,Other PI or Project Leader(s),Organization Name,ARRA Indicator,FY,FY Total Cost ,FY Total Cost  (Sub Projects),
"Predictors of Cancer Screening in Diverse Practices","NCI","6860137",5R03CA099516-02,5,R03,CA,099516,02,,,"1884778","ZIMMERMAN, RICHARD K",Not Applicable,"UNIVERSITY OF PITTSBURGH AT PITTSBURGH", ,2005,74250,
"Predictors of Cancer Screening in Diverse Practices","NCI","6795194",1R03CA099516-01A1,1,R03,CA,099516,01,A1,,"1884778","ZIMMERMAN, RICHARD K",Not Applicable,"UNIVERSITY OF PITTSBURGH AT PITTSBURGH", ,2004,74334,
"Future of influenza vaccine strategies given interference and choice","NIGMS","9164412",3R01GM111121-03S1,3,R01,GM,111121,03,S1,,"1884778","ZIMMERMAN, RICHARD K ","SMITH, KENNETH J","UNIVERSITY OF PITTSBURGH AT PITTSBURGH", ,2016,37588,
"Future of influenza vaccine strategies given interference and choice","NIGMS","9065582",5R01GM111121-03,5,R01,GM,111121,03,,,"1884778","ZIMMERMAN, RICHARD K ","SMITH, KENNETH J","UNIVERSITY OF PITTSBURGH AT PITTSBURGH", ,2016,376939,
"Future of influenza vaccine strategies given interference and choice","NIGMS","8901243",5R01GM111121-02,5,R01,GM,111121,02,,,"1884778","ZIMMERMAN, RICHARD K ","SMITH, KENNETH J","UNIVERSITY OF PITTSBURGH AT PITTSBURGH", ,2015,374915,
"Future of influenza vaccine strategies given interference and choice","NIGMS","8739003",1R01GM111121-01,1,R01,GM,111121,01,,,"1884778","ZIMMERMAN, RICHARD K ","SMITH, KENNETH J","UNIVERSITY OF PITTSBURGH AT PITTSBURGH", ,2014,400953,
"IMMUNIZATION BARRIERS: A STUDY OF GENERALIST PHYSICIANS","AHRQ","2236449",3R01HS008068-02S1,3,R01,HS,008068,02,S1,,"1884778","ZIMMERMAN, RICHARD K",Not Applicable,"UNIVERSITY OF PITTSBURGH AT PITTSBURGH", ,1996,11112,
"IMMUNIZATION BARRIERS:A STUDY OF PEDIATRIC NURSE PRACTIC","AHRQ","2454903",1R03HS009527-01,1,R03,HS,009527,01,,,"1884778","ZIMMERMAN, RICHARD K",Not Applicable,"UNIVERSITY OF PITTSBURGH AT PITTSBURGH", ,1997,74883,
"DETERMINING/UNDERSTANDING BARRIERS TO ADULT IMMUNIZATION","AHRQ","6442858",3R01HS009874-03S1,3,R01,HS,009874,03,S1,,"1884778","ZIMMERMAN, RICHARD K",Not Applicable,"UNIVERSITY OF PITTSBURGH AT PITTSBURGH", ,2001,34986,
"DETERMINING/UNDERSTANDING BARRIERS TO ADULT IMMUNIZATION","AHRQ","6391070",5R01HS009874-03,5,R01,HS,009874,03,,,"1884778","ZIMMERMAN, RICHARD K",Not Applicable,"UNIVERSITY OF PITTSBURGH AT PITTSBURGH", ,2001,149151,
"DETERMINING/UNDERSTANDING BARRIERS TO ADULT IMMUNIZATION","AHRQ","6233139",3R01HS009874-02S1,3,R01,HS,009874,02,S1,,"1884778","ZIMMERMAN, RICHARD K",Not Applicable,"UNIVERSITY OF PITTSBURGH AT PITTSBURGH", ,2000,80301,
"DETERMINING/UNDERSTANDING BARRIERS TO ADULT IMMUNIZATION","AHRQ","6185351",5R01HS009874-02,5,R01,HS,009874,02,,,"1884778","ZIMMERMAN, RICHARD K",Not Applicable,"UNIVERSITY OF PITTSBURGH AT PITTSBURGH", ,2000,396308,
"DETERMINING/UNDERSTANDING BARRIERS TO ADULT IMMUNIZATION","AHRQ","6130576",3R01HS009874-01A1S1,3,R01,HS,009874,01,A1S1,,"1884778","ZIMMERMAN, RICHARD K",Not Applicable,"UNIVERSITY OF PITTSBURGH AT PITTSBURGH", ,1999,76750,
"DETERMINING/UNDERSTANDING BARRIERS TO ADULT IMMUNIZATION","AHRQ","2854288",1R01HS009874-01A1,1,R01,HS,009874,01,A1,,"1884778","ZIMMERMAN, RICHARD K",Not Applicable,"UNIVERSITY OF PITTSBURGH AT PITTSBURGH", ,1999,388815,
"Office Barries & Facilitators to Overcoming Disparities in Elderly Vaccinations","NCIRD","7122051",5U01IP000054-02,5,U01,IP,000054,02,,,"1884778","ZIMMERMAN, RICHARD K",Not Applicable,"UNIVERSITY OF PITTSBURGH AT PITTSBURGH", ,2006,250000,
"Office Barries & Facilitators to Overcoming Disparities in Elderly Vaccinations","NCIRD","7087590",1U01IP000054-01,1,U01,IP,000054,01,,,"1884778","ZIMMERMAN, RICHARD K",Not Applicable,"UNIVERSITY OF PITTSBURGH AT PITTSBURGH", ,2005,250000,
"Influenza Vaccination of Healthcare Workers in a Diverse Hospital Network","NCIRD","7122966",5U01IP000064-02,5,U01,IP,000064,02,,,"1884778","ZIMMERMAN, RICHARD K",Not Applicable,"UNIVERSITY OF PITTSBURGH AT PITTSBURGH", ,2006,150000,
"Influenza Vaccination of Healthcare Workers in a Diverse Hospital Network","NCIRD","7089632",1U01IP000064-01,1,U01,IP,000064,01,,,"1884778","ZIMMERMAN, RICHARD K",Not Applicable,"UNIVERSITY OF PITTSBURGH AT PITTSBURGH", ,2005,150000,
"From Innovation to Solutions:  Autodialers; Use of Early Autumn Physicals and Vac","NCIRD","8317298",5U01IP000321-03,5,U01,IP,000321,03,,,"1884778","ZIMMERMAN, RICHARD K",Not Applicable,"UNIVERSITY OF PITTSBURGH AT PITTSBURGH", ,2012,259876,
"From Innovation to Solutions:  Autodialers; Use of Early Autumn Physicals and Vac","NCIRD","8135492",5U01IP000321-02,5,U01,IP,000321,02,,,"1884778","ZIMMERMAN, RICHARD K",Not Applicable,"UNIVERSITY OF PITTSBURGH AT PITTSBURGH", ,2011,260000,
"From Innovation to Solutions:  Autodialers; Use of Early Autumn Physicals and Vac","NCIRD","8275929",3U01IP000321-01S1,3,U01,IP,000321,01,S1,,"1884778","ZIMMERMAN, RICHARD K",Not Applicable,"UNIVERSITY OF PITTSBURGH AT PITTSBURGH", ,2011,21318,
"From Innovation to Solutions:  Autodialers; Use of Early Autumn Physicals and Vac","NCIRD","7799391",1U01IP000321-01,1,U01,IP,000321,01,,,"1884778","ZIMMERMAN, RICHARD K",Not Applicable,"UNIVERSITY OF PITTSBURGH AT PITTSBURGH", ,2010,259989,
"Core_plus Option_A_C_Influenza Surveillance and Vaccine Effectiveness in a Large","NCIRD","8874754",5U01IP000467-05,5,U01,IP,000467,05,,,"1884778","ZIMMERMAN, RICHARD K",Not Applicable,"UNIVERSITY OF PITTSBURGH AT PITTSBURGH", ,2015,1413786,
"Core_plus Option_A_C_Influenza Surveillance and Vaccine Effectiveness in a Large","NCIRD","8693633",5U01IP000467-04,5,U01,IP,000467,04,,,"1884778","ZIMMERMAN, RICHARD K",Not Applicable,"UNIVERSITY OF PITTSBURGH AT PITTSBURGH", ,2014,1545000,
"Core_plus Option_A_C_Influenza Surveillance and Vaccine Effectiveness in a Large","NCIRD","8513800",5U01IP000467-03,5,U01,IP,000467,03,,,"1884778","ZIMMERMAN, RICHARD K",Not Applicable,"UNIVERSITY OF PITTSBURGH AT PITTSBURGH", ,2013,785000,
"Core_plus Option_A_C_Influenza Surveillance and Vaccine Effectiveness in a Large","NCIRD","8291877",5U01IP000467-02,5,U01,IP,000467,02,,,"1884778","ZIMMERMAN, RICHARD K",Not Applicable,"UNIVERSITY OF PITTSBURGH AT PITTSBURGH", ,2012,1085000,
"Core_plus Option_A_C_Influenza Surveillance and Vaccine Effectiveness in a Large","NCIRD","8234392",1U01IP000467-01,1,U01,IP,000467,01,,,"1884778","ZIMMERMAN, RICHARD K",Not Applicable,"UNIVERSITY OF PITTSBURGH AT PITTSBURGH", ,2011,1077954,
"A Vaccination SOP Toolkit in Diverse Practices Implemented & Tested with RE-AIM","NCIRD","8859967",5U01IP000662-04,5,U01,IP,000662,04,,,"1884778","ZIMMERMAN, RICHARD K",Not Applicable,"UNIVERSITY OF PITTSBURGH AT PITTSBURGH", ,2015,400000,
"A Vaccination SOP Toolkit in Diverse Practices Implemented & Tested with RE-AIM","NCIRD","8994798",3U01IP000662-03S1,3,U01,IP,000662,03,S1,,"1884778","ZIMMERMAN, RICHARD K",Not Applicable,"UNIVERSITY OF PITTSBURGH AT PITTSBURGH", ,2015,72855,
"A Vaccination SOP Toolkit in Diverse Practices Implemented & Tested with RE-AIM","NCIRD","8708522",5U01IP000662-03,5,U01,IP,000662,03,,,"1884778","ZIMMERMAN, RICHARD K",Not Applicable,"UNIVERSITY OF PITTSBURGH AT PITTSBURGH", ,2014,400000,
"A Vaccination SOP Toolkit in Diverse Practices Implemented & Tested with RE-AIM","NCIRD","8513166",5U01IP000662-02,5,U01,IP,000662,02,,,"1884778","ZIMMERMAN, RICHARD K",Not Applicable,"UNIVERSITY OF PITTSBURGH AT PITTSBURGH", ,2013,400000,
"A Vaccination SOP Toolkit in Diverse Practices Implemented & Tested with RE-AIM","NCIRD","8447839",1U01IP000662-01,1,U01,IP,000662,01,,,"1884778","ZIMMERMAN, RICHARD K",Not Applicable,"UNIVERSITY OF PITTSBURGH AT PITTSBURGH", ,2012,299889,
"Flu vaccine effectiveness in those hospitalized in a large diverse health system","NCIRD","9322659",3U01IP000969-02S1,3,U01,IP,000969,02,S1,,"1884778","ZIMMERMAN, RICHARD K",Not Applicable,"UNIVERSITY OF PITTSBURGH AT PITTSBURGH", ,2016,552431,
"Flu vaccine effectiveness in those hospitalized in a large diverse health system","NCIRD","9117304",5U01IP000969-02,5,U01,IP,000969,02,,,"1884778","ZIMMERMAN, RICHARD K",Not Applicable,"UNIVERSITY OF PITTSBURGH AT PITTSBURGH", ,2016,30902,
"Flu vaccine effectiveness in those hospitalized in a large diverse health system","NCIRD","9022787",1U01IP000969-01,1,U01,IP,000969,01,,,"1884778","ZIMMERMAN, RICHARD K",Not Applicable,"UNIVERSITY OF PITTSBURGH AT PITTSBURGH", ,2015,300000,
"Outpatient VE for seasonal flu; pandemic flu and RSV in a large; diverse network","NCIRD","9200002",1U01IP001035-01,1,U01,IP,001035,01,,,"1884778","ZIMMERMAN, RICHARD K",Not Applicable,"UNIVERSITY OF PITTSBURGH AT PITTSBURGH", ,2016,1100000,

