----------------------------------------------------------------------------------Search Criteria:  Search in: Projects 		AdminIC: All; Principal Investigator / Project Leader: HARLAND; RICHARD M; Fiscal Year: 2016; 2015; 2014; 2013; 2012; 2011; 2010; 2009; 2008; 2007; 2006; 2005; 2004; 2003; 2002; 2001; 2000; 1999; 1998; 1997; 1996 ----------------------------------------------------------------------------------Project Title,Administering  IC,Application ID,Project Number,Type,Activity,IC,Serial Number,Support Year,Suffix,Subproject Number ,Contact PI  Person ID,Contact PI / Project Leader,Other PI or Project Leader(s),Organization Name,ARRA Indicator,FY,FY Total Cost ,FY Total Cost  (Sub Projects),
"Genetic Analysis of Inner Ear Development in tropicalis","NIDCD","7910592",5R21DC010210-02,5,R21,DC,010210,02,,,"1871261","HARLAND, RICHARD M.",Not Applicable,"UNIVERSITY OF CALIFORNIA BERKELEY", ,2010,189956,
"Genetic Analysis of Inner Ear Development in tropicalis","NIDCD","7707207",1R21DC010210-01,1,R21,DC,010210,01,,,"1871261","HARLAND, RICHARD M.",Not Applicable,"UNIVERSITY OF CALIFORNIA BERKELEY", ,2009,205330,
"Genetic Analysis of Inner Ear Development in Xenopus tropicalis","NIDCD","8893938",5R01DC011901-05,5,R01,DC,011901,05,,,"1871261","HARLAND, RICHARD M.",Not Applicable,"UNIVERSITY OF CALIFORNIA BERKELEY", ,2015,309012,
"Genetic Analysis of Inner Ear Development in Xenopus tropicalis","NIDCD","8708822",5R01DC011901-04,5,R01,DC,011901,04,,,"1871261","HARLAND, RICHARD M.",Not Applicable,"UNIVERSITY OF CALIFORNIA BERKELEY", ,2014,286928,
"Genetic Analysis of Inner Ear Development in Xenopus tropicalis","NIDCD","8509655",5R01DC011901-03,5,R01,DC,011901,03,,,"1871261","HARLAND, RICHARD M.",Not Applicable,"UNIVERSITY OF CALIFORNIA BERKELEY", ,2013,273027,
"Genetic Analysis of Inner Ear Development in Xenopus tropicalis","NIDCD","8307735",5R01DC011901-02,5,R01,DC,011901,02,,,"1871261","HARLAND, RICHARD M.",Not Applicable,"UNIVERSITY OF CALIFORNIA BERKELEY", ,2012,287857,
"Genetic Analysis of Inner Ear Development in Xenopus tropicalis","NIDCD","8179257",1R01DC011901-01,1,R01,DC,011901,01,,,"1871261","HARLAND, RICHARD M.",Not Applicable,"UNIVERSITY OF CALIFORNIA BERKELEY", ,2011,310734,
"Gene Expression in Amphibian Development","NIGMS","9090116",4R01GM042341-30,4,R01,GM,042341,30,,,"1871261","HARLAND, RICHARD M.",Not Applicable,"UNIVERSITY OF CALIFORNIA BERKELEY", ,2016,355902,
"Gene Expression in Amphibian Development","NIGMS","8898079",5R01GM042341-29,5,R01,GM,042341,29,,,"1871261","HARLAND, RICHARD M.",Not Applicable,"UNIVERSITY OF CALIFORNIA BERKELEY", ,2015,356356,
"Gene Expression in Amphibian Development","NIGMS","8706885",5R01GM042341-28,5,R01,GM,042341,28,,,"1871261","HARLAND, RICHARD M.",Not Applicable,"UNIVERSITY OF CALIFORNIA BERKELEY", ,2014,355929,
"Gene Expression in Amphibian Development","NIGMS","8579675",2R01GM042341-27A1,2,R01,GM,042341,27,A1,,"1871261","HARLAND, RICHARD M.",Not Applicable,"UNIVERSITY OF CALIFORNIA BERKELEY", ,2013,356435,
"Gene Expression in Amphibian Development","NIGMS","8212391",5R01GM042341-26,5,R01,GM,042341,26,,,"1871261","HARLAND, RICHARD M.",Not Applicable,"UNIVERSITY OF CALIFORNIA BERKELEY", ,2012,355085,
"Gene Expression in Amphibian Development","NIGMS","8018944",5R01GM042341-25,5,R01,GM,042341,25,,,"1871261","HARLAND, RICHARD M.",Not Applicable,"UNIVERSITY OF CALIFORNIA BERKELEY", ,2011,355629,
"Gene Expression in Amphibian Development","NIGMS","7779945",5R01GM042341-24,5,R01,GM,042341,24,,,"1871261","HARLAND, RICHARD M.",Not Applicable,"UNIVERSITY OF CALIFORNIA BERKELEY", ,2010,359720,
"Gene Expression in Amphibian Development","NIGMS","7654964",2R01GM042341-23,2,R01,GM,042341,23,,,"1871261","HARLAND, RICHARD M.",Not Applicable,"UNIVERSITY OF CALIFORNIA BERKELEY", ,2009,363392,
"Gene Expression in Amphibian Development","NIGMS","7342382",5R01GM042341-22,5,R01,GM,042341,22,,,"1871261","HARLAND, RICHARD M.",Not Applicable,"UNIVERSITY OF CALIFORNIA BERKELEY", ,2008,336689,
"Gene Expression in Amphibian Development","NIGMS","7172236",5R01GM042341-21,5,R01,GM,042341,21,,,"1871261","HARLAND, RICHARD M.",Not Applicable,"UNIVERSITY OF CALIFORNIA BERKELEY", ,2007,337526,
"Gene Expression in Amphibian Devlopement","NIGMS","7010739",5R01GM042341-20,5,R01,GM,042341,20,,,"1871261","HARLAND, RICHARD M.",Not Applicable,"UNIVERSITY OF CALIFORNIA BERKELEY", ,2006,348390,
"Gene Expression in Amphibian Devlopement","NIGMS","6887069",2R01GM042341-19A1,2,R01,GM,042341,19,A1,,"1871261","HARLAND, RICHARD M.",Not Applicable,"UNIVERSITY OF CALIFORNIA BERKELEY", ,2005,357504,
"GENE EXPRESSION IN AMPHIBIAN DEVELOPMENT","NIGMS","6866830",3R01GM042341-18S1,3,R01,GM,042341,18,S1,,"1871261","HARLAND, RICHARD M.",Not Applicable,"UNIVERSITY OF CALIFORNIA BERKELEY", ,2004,117484,
"GENE EXPRESSION IN AMPHIBIAN DEVELOPMENT","NIGMS","6625074",5R01GM042341-18,5,R01,GM,042341,18,,,"1871261","HARLAND, RICHARD M.",Not Applicable,"UNIVERSITY OF CALIFORNIA BERKELEY", ,2003,337913,
"GENE EXPRESSION IN AMPHIBIAN DEVELOPMENT","NIGMS","6476506",5R01GM042341-17,5,R01,GM,042341,17,,,"1871261","HARLAND, RICHARD M.",Not Applicable,"UNIVERSITY OF CALIFORNIA BERKELEY", ,2002,329497,
"GENE EXPRESSION IN AMPHIBIAN DEVELOPMENT","NIGMS","6329712",5R01GM042341-16,5,R01,GM,042341,16,,,"1871261","HARLAND, RICHARD M.",Not Applicable,"UNIVERSITY OF CALIFORNIA BERKELEY", ,2001,327425,
"GENE EXPRESSION IN AMPHIBIAN DEVELOPMENT","NIGMS","6053008",2R01GM042341-15,2,R01,GM,042341,15,,,"1871261","HARLAND, RICHARD M.",Not Applicable,"UNIVERSITY OF CALIFORNIA BERKELEY", ,2000,336473,
"GENE EXPRESSION IN AMPHIBIAN DEVELOPMENT","NIGMS","2770961",5R01GM042341-14,5,R01,GM,042341,14,,,"1871261","HARLAND, RICHARD M.",Not Applicable,"UNIVERSITY OF CALIFORNIA BERKELEY", ,1998,306886,
"GENE EXPRESSION IN AMPHIBIAN DEVELOPMENT","NIGMS","2518950",5R01GM042341-13,5,R01,GM,042341,13,,,"1871261","HARLAND, RICHARD M.",Not Applicable,"UNIVERSITY OF CALIFORNIA BERKELEY", ,1997,295256,
"GENE EXPRESSION IN AMPHIBIAN DEVELOPMENT","NIGMS","2181311",5R01GM042341-12,5,R01,GM,042341,12,,,"1871261","HARLAND, RICHARD M.",Not Applicable,"UNIVERSITY OF CALIFORNIA BERKELEY", ,1996,286207,
"Axis formation in Vertebrate Development","NIGMS","8289547",5R01GM049346-20,5,R01,GM,049346,20,,,"1871261","HARLAND, RICHARD M.",Not Applicable,"UNIVERSITY OF CALIFORNIA BERKELEY", ,2012,308413,
"Axis formation in Vertebrate Development","NIGMS","8112458",5R01GM049346-19,5,R01,GM,049346,19,,,"1871261","HARLAND, RICHARD M.",Not Applicable,"UNIVERSITY OF CALIFORNIA BERKELEY", ,2011,308413,
"Axis formation in Vertebrate Development","NIGMS","7880932",5R01GM049346-18,5,R01,GM,049346,18,,,"1871261","HARLAND, RICHARD M.",Not Applicable,"UNIVERSITY OF CALIFORNIA BERKELEY", ,2010,311528,
"Axis formation in Vertebrate Development","NIGMS","7740916",2R01GM049346-17A1,2,R01,GM,049346,17,A1,,"1871261","HARLAND, RICHARD M.",Not Applicable,"UNIVERSITY OF CALIFORNIA BERKELEY", ,2009,314675,
"Axis Formation in Vertebrate Development","NIGMS","7448625",5R01GM049346-16,5,R01,GM,049346,16,,,"1871261","HARLAND, RICHARD M.",Not Applicable,"UNIVERSITY OF CALIFORNIA BERKELEY", ,2008,279634,
"Axis Formation in Vertebrate Development","NIGMS","7254758",5R01GM049346-15,5,R01,GM,049346,15,,,"1871261","HARLAND, RICHARD M.",Not Applicable,"UNIVERSITY OF CALIFORNIA BERKELEY", ,2007,280417,
"Axis Formation in Vertebrate Development","NIGMS","7087005",5R01GM049346-14,5,R01,GM,049346,14,,,"1871261","HARLAND, RICHARD M.",Not Applicable,"UNIVERSITY OF CALIFORNIA BERKELEY", ,2006,289525,
"Axis Formation in Vertebrate Development","NIGMS","6988657",2R01GM049346-13,2,R01,GM,049346,13,,,"1871261","HARLAND, RICHARD M.",Not Applicable,"UNIVERSITY OF CALIFORNIA BERKELEY", ,2005,297176,
"AXIS FORMATION IN VERTEBRATE DEVELOPMENT","NIGMS","6938864",3R01GM049346-12S1,3,R01,GM,049346,12,S1,,"1871261","HARLAND, RICHARD M.",Not Applicable,"UNIVERSITY OF CALIFORNIA BERKELEY", ,2004,25000,
"AXIS FORMATION IN VERTEBRATE DEVELOPMENT","NIGMS","6760973",5R01GM049346-12,5,R01,GM,049346,12,,,"1871261","HARLAND, RICHARD M.",Not Applicable,"UNIVERSITY OF CALIFORNIA BERKELEY", ,2004,275764,
"AXIS FORMATION IN VERTEBRATE DEVELOPMENT","NIGMS","6636082",5R01GM049346-11,5,R01,GM,049346,11,,,"1871261","HARLAND, RICHARD M.",Not Applicable,"UNIVERSITY OF CALIFORNIA BERKELEY", ,2003,275984,
"AXIS FORMATION IN VERTEBRATE DEVELOPMENT","NIGMS","6519538",5R01GM049346-10,5,R01,GM,049346,10,,,"1871261","HARLAND, RICHARD M.",Not Applicable,"UNIVERSITY OF CALIFORNIA BERKELEY", ,2002,276185,
"AXIS FORMATION IN VERTEBRATE DEVELOPMENT","NIGMS","6400310",2R01GM049346-09,2,R01,GM,049346,09,,,"1871261","HARLAND, RICHARD M.",Not Applicable,"UNIVERSITY OF CALIFORNIA BERKELEY", ,2001,276367,
"AXIS FORMATION IN VERTEBRATE DEVELOPMENT","NIGMS","6180292",5R01GM049346-08,5,R01,GM,049346,08,,,"1871261","HARLAND, RICHARD M.",Not Applicable,"UNIVERSITY OF CALIFORNIA BERKELEY", ,2000,220984,
"AXIS FORMATION IN VERTEBRATE DEVELOPMENT","NIGMS","6018951",5R01GM049346-07,5,R01,GM,049346,07,,,"1871261","HARLAND, RICHARD M.",Not Applicable,"UNIVERSITY OF CALIFORNIA BERKELEY", ,1999,214908,
"AXIS FORMATION IN VERTEBRATE DEVELOPMENT","NIGMS","2734744",5R01GM049346-06,5,R01,GM,049346,06,,,"1871261","HARLAND, RICHARD M.",Not Applicable,"UNIVERSITY OF CALIFORNIA BERKELEY", ,1998,208722,
"AXIS FORMATION IN VERTEBRATE DEVELOPMENT","NIGMS","2405237",2R01GM049346-05,2,R01,GM,049346,05,,,"1871261","HARLAND, RICHARD M.",Not Applicable,"UNIVERSITY OF CALIFORNIA BERKELEY", ,1997,202067,
"AXIS FORMATION IN VERTEBRATE DEVELOPMENT","NIGMS","2186941",5R01GM049346-04,5,R01,GM,049346,04,,,"1871261","HARLAND, RICHARD M.",Not Applicable,"UNIVERSITY OF CALIFORNIA BERKELEY", ,1996,187975,
"Genetic Analysis of Silurana Tropicalis Development","NIGMS","6855125",5R01GM066684-04,5,R01,GM,066684,04,,,"1871261","HARLAND, RICHARD M.",Not Applicable,"UNIVERSITY OF CALIFORNIA BERKELEY", ,2005,298124,
"Genetic Analysis of Silurana Tropicalis Development","NIGMS","6721301",5R01GM066684-03,5,R01,GM,066684,03,,,"1871261","HARLAND, RICHARD M.",Not Applicable,"UNIVERSITY OF CALIFORNIA BERKELEY", ,2004,298362,
"Genetic Analysis of Silurana Tropicalis Development","NIGMS","6625650",5R01GM066684-02,5,R01,GM,066684,02,,,"1871261","HARLAND, RICHARD M.",Not Applicable,"UNIVERSITY OF CALIFORNIA BERKELEY", ,2003,289304,
"Genetic Analysis of Silurana Tropicalis Development","NIGMS","6477843",1R01GM066684-01,1,R01,GM,066684,01,,,"1871261","HARLAND, RICHARD M.",Not Applicable,"UNIVERSITY OF CALIFORNIA BERKELEY", ,2002,322721,
"Comparative Genetics and Genomics of Xenopus","NIGMS","9093812",4R01GM086321-08,4,R01,GM,086321,08,,,"1871261","HARLAND, RICHARD M. ","ROKHSAR, DANIEL SOLEYMAN","UNIVERSITY OF CALIFORNIA BERKELEY", ,2016,290677,
"Comparative Genetics and Genomics of Xenopus","NIGMS","8856259",5R01GM086321-07,5,R01,GM,086321,07,,,"1871261","HARLAND, RICHARD M. ","ROKHSAR, DANIEL SOLEYMAN","UNIVERSITY OF CALIFORNIA BERKELEY", ,2015,290824,
"Comparative Genetics and Genomics of Xenopus","NIGMS","8719126",5R01GM086321-06,5,R01,GM,086321,06,,,"1871261","HARLAND, RICHARD M. ","ROKHSAR, DANIEL SOLEYMAN","UNIVERSITY OF CALIFORNIA BERKELEY", ,2014,290228,
"Comparative Genetics and Genomics of Xenopus","NIGMS","8557161",2R01GM086321-05,2,R01,GM,086321,05,,,"1871261","HARLAND, RICHARD M. ","ROKHSAR, DANIEL SOLEYMAN","UNIVERSITY OF CALIFORNIA BERKELEY", ,2013,268965,
"A high quality genome assembly for Xenopus tropicalis","NIGMS","8205010",5R01GM086321-04,5,R01,GM,086321,04,,,"1871261","HARLAND, RICHARD M. ","ROKHSAR, DANIEL SOLEYMAN","UNIVERSITY OF CALIFORNIA BERKELEY", ,2012,267664,
"A high quality genome assembly for Xenopus tropicalis","NIGMS","8025985",5R01GM086321-03,5,R01,GM,086321,03,,,"1871261","HARLAND, RICHARD M. ","ROKHSAR, DANIEL SOLEYMAN","UNIVERSITY OF CALIFORNIA BERKELEY", ,2011,267664,
"A high quality genome assembly for Xenopus tropicalis","NIGMS","7753229",5R01GM086321-02,5,R01,GM,086321,02,,,"1871261","HARLAND, RICHARD M. ","ROKHSAR, DANIEL SOLEYMAN","UNIVERSITY OF CALIFORNIA BERKELEY", ,2010,383819,
"A high quality genome assembly for Xenopus tropicalis","NIGMS","7559017",1R01GM086321-01,1,R01,GM,086321,01,,,"1871261","HARLAND, RICHARD M. ","ROKHSAR, DANIEL SOLEYMAN","UNIVERSITY OF CALIFORNIA BERKELEY", ,2009,392693,
"TRAINING GRANT IN DEVELOPMENTAL BIOLOGY","NICHD","6476638",5T32HD007375-15,5,T32,HD,007375,15,,,"1871261","HARLAND, RICHARD M.",Not Applicable,"UNIVERSITY OF CALIFORNIA BERKELEY", ,2002,212528,
"TRAINING GRANT IN DEVELOPMENTAL BIOLOGY","NICHD","6329833",5T32HD007375-14,5,T32,HD,007375,14,,,"1871261","HARLAND, RICHARD M.",Not Applicable,"UNIVERSITY OF CALIFORNIA BERKELEY", ,2001,194859,
"TRAINING GRANT IN DEVELOPMENTAL BIOLOGY","NICHD","6125487",5T32HD007375-13,5,T32,HD,007375,13,,,"1871261","HARLAND, RICHARD M.",Not Applicable,"UNIVERSITY OF CALIFORNIA BERKELEY", ,2000,157260,
"TRAINING GRANT IN DEVELOPMENTAL BIOLOGY","NICHD","2838684",5T32HD007375-12,5,T32,HD,007375,12,,,"1871261","HARLAND, RICHARD M.",Not Applicable,"UNIVERSITY OF CALIFORNIA BERKELEY", ,1999,180854,
"TRAINING GRANT IN DEVELOPMENTAL BIOLOGY","NICHD","2550565",2T32HD007375-11,2,T32,HD,007375,11,,,"1871261","HARLAND, RICHARD M.",Not Applicable,"UNIVERSITY OF CALIFORNIA BERKELEY", ,1998,148691,
"TRAINING GRANT IN DEVELOPMENTAL BIOLOGY","NICHD","2332190",5T32HD007375-10,5,T32,HD,007375,10,,,"1871261","HARLAND, RICHARD M.",Not Applicable,"UNIVERSITY OF CALIFORNIA BERKELEY", ,1997,136267,
"TRAINING GRANT IN DEVELOPMENTAL BIOLOGY","NICHD","2195479",5T32HD007375-09,5,T32,HD,007375,09,,,"1871261","HARLAND, RICHARD M.",Not Applicable,"UNIVERSITY OF CALIFORNIA BERKELEY", ,1996,133548,
"COMPARATIVE GENETICS OF SKELETAL DEFECTS","NICHD","7472510",5R01HD047853-05,5,R01,HD,047853,05,,,"1871261","HARLAND, RICHARD M.",Not Applicable,"UNIVERSITY OF CALIFORNIA BERKELEY", ,2008,317792,
"COMPARATIVE GENETICS OF SKELETAL DEFECTS","NICHD","7260516",5R01HD047853-04,5,R01,HD,047853,04,,,"1871261","HARLAND, RICHARD M.",Not Applicable,"UNIVERSITY OF CALIFORNIA BERKELEY", ,2007,324278,
"COMPARATIVE GENETICS OF SKELETAL DEFECTS","NICHD","7091604",5R01HD047853-03,5,R01,HD,047853,03,,,"1871261","HARLAND, RICHARD M.",Not Applicable,"UNIVERSITY OF CALIFORNIA BERKELEY", ,2006,333964,
"COMPARATIVE GENETICS OF SKELETAL DEFECTS","NICHD","6954230",5R01HD047853-02,5,R01,HD,047853,02,,,"1871261","HARLAND, RICHARD M.",Not Applicable,"UNIVERSITY OF CALIFORNIA BERKELEY", ,2005,342000,
"COMPARATIVE GENETICS OF SKELETAL DEFECTS","NICHD","6830374",1R01HD047853-01,1,R01,HD,047853,01,,,"1871261","HARLAND, RICHARD M.",Not Applicable,"UNIVERSITY OF CALIFORNIA BERKELEY", ,2004,342000,
"A genome assembly for Xenopus laevis","NICHD","8469872",5R01HD065705-04,5,R01,HD,065705,04,,,"1871261","HARLAND, RICHARD M. ","ROKHSAR, DANIEL SOLEYMAN","UNIVERSITY OF CALIFORNIA BERKELEY", ,2013,290178,
"A genome assembly for Xenopus laevis","NICHD","8286189",5R01HD065705-03,5,R01,HD,065705,03,,,"1871261","HARLAND, RICHARD M. ","ROKHSAR, DANIEL SOLEYMAN","UNIVERSITY OF CALIFORNIA BERKELEY", ,2012,305772,
"A genome assembly for Xenopus laevis","NICHD","8115840",5R01HD065705-02,5,R01,HD,065705,02,,,"1871261","HARLAND, RICHARD M. ","ROKHSAR, DANIEL SOLEYMAN","UNIVERSITY OF CALIFORNIA BERKELEY", ,2011,305772,
"A genome assembly for Xenopus laevis","NICHD","7943309",1R01HD065705-01,1,R01,HD,065705,01,,,"1871261","HARLAND, RICHARD M. ","ROKHSAR, DANIEL SOLEYMAN","UNIVERSITY OF CALIFORNIA BERKELEY", ,2010,305191,
"Concepts and Model Organisms in Regenerative Biology","NICHD","8006499",1R13HD066961-01,1,R13,HD,066961,01,,,"1871261","HARLAND, RICHARD M.",Not Applicable,"SOCIETY FOR DEVELOPMENTAL BIOLOGY", ,2010,19000,

