----------------------------------------------------------------------------------Search Criteria:  Search in: Projects 		AdminIC: All; Principal Investigator / Project Leader: WISEMAN; ROBERT; Fiscal Year: 2016; 2015; 2014; 2013; 2012; 2011; 2010; 2009; 2008; 2007; 2006; 2005; 2004; 2003; 2002; 2001; 2000; 1999; 1998; 1997; 1996 ----------------------------------------------------------------------------------Project Title,Administering  IC,Application ID,Project Number,Type,Activity,IC,Serial Number,Support Year,Suffix,Subproject Number ,Contact PI  Person ID,Contact PI / Project Leader,Other PI or Project Leader(s),Organization Name,ARRA Indicator,FY,FY Total Cost ,FY Total Cost  (Sub Projects),
"Mechanisms of Metabolic Dysfunction in Type 2 Diabetes","NIDDK","9033896",5R01DK095210-05,5,R01,DK,095210,05,,,"1865152","BEARD, DANIEL A ","WISEMAN, ROBERT W","UNIVERSITY OF MICHIGAN AT ANN ARBOR", ,2016,549886,
"Mechanisms of Metabolic Dysfunction in Type 2 Diabetes","NIDDK","8828677",5R01DK095210-04,5,R01,DK,095210,04,,,"1865152","BEARD, DANIEL A ","WISEMAN, ROBERT W","UNIVERSITY OF MICHIGAN AT ANN ARBOR", ,2015,549155,
"Mechanisms of Metabolic Dysfunction in Type 2 Diabetes","NIDDK","8640177",7R01DK095210-03,7,R01,DK,095210,03,,,"1865152","BEARD, DANIEL A ","WISEMAN, ROBERT W","UNIVERSITY OF MICHIGAN AT ANN ARBOR", ,2014,564915,
"Mechanisms of Metabolic Dysfunction in Type 2 Diabetes","NIDDK","8456079",5R01DK095210-02,5,R01,DK,095210,02,,,"1865152","BEARD, DANIEL A ","WISEMAN, ROBERT W","MEDICAL COLLEGE OF WISCONSIN", ,2013,514319,
"Mechanisms of Metabolic Dysfunction in Type 2 Diabetes","NIDDK","8271621",1R01DK095210-01,1,R01,DK,095210,01,,,"1865152","BEARD, DANIEL A ","WISEMAN, ROBERT W","MEDICAL COLLEGE OF WISCONSIN", ,2012,559601,
"PATHOPHYSIOLOGY OF AZT INDUCED MYOPATHIES","NIAMS","2080986",5R29AR041793-05,5,R29,AR,041793,05,,,"1943115","WISEMAN, ROBERT W",Not Applicable,"UNIVERSITY OF WASHINGTON", ,1996,101063,

