----------------------------------------------------------------------------------Search Criteria:  Search in: Projects 		AdminIC: All; Principal Investigator / Project Leader: WEINBERG; ROBERT A; Fiscal Year: 2016; 2015; 2014; 2013; 2012; 2011; 2010; 2009; 2008; 2007; 2006; 2005; 2004; 2003; 2002; 2001; 2000; 1999; 1998; 1997; 1996 ----------------------------------------------------------------------------------Project Title,Administering  IC,Application ID,Project Number,Type,Activity,IC,Serial Number,Support Year,Suffix,Subproject Number ,Contact PI  Person ID,Contact PI / Project Leader,Other PI or Project Leader(s),Organization Name,ARRA Indicator,FY,FY Total Cost ,FY Total Cost  (Sub Projects),
"Dynamics of Gene and Isoform Regulation during EMT and tumor progression","NCI","9071383",5U01CA184897-03,5,U01,CA,184897,03,,,"1941644","GERTLER, FRANK B ","BURGE, CHRISTOPHER B;WEINBERG, ROBERT A","MASSACHUSETTS INSTITUTE OF TECHNOLOGY", ,2016,683847,
"Dynamics of Gene and Isoform Regulation during EMT and tumor progression","NCI","8852097",5U01CA184897-02,5,U01,CA,184897,02,,,"1941644","GERTLER, FRANK B ","BURGE, CHRISTOPHER B;WEINBERG, ROBERT A","MASSACHUSETTS INSTITUTE OF TECHNOLOGY", ,2015,693913,
"Dynamics of Gene and Isoform Regulation during EMT and tumor progression","NCI","8684871",1U01CA184897-01,1,U01,CA,184897,01,,,"1941644","GERTLER, FRANK B ","BURGE, CHRISTOPHER B;WEINBERG, ROBERT A","MASSACHUSETTS INSTITUTE OF TECHNOLOGY", ,2014,713837,
"MOLECULAR BIOLOGY OF CANCER AND DEVELOPMENT","NCI","6172569",5T32CA009541-15,5,T32,CA,009541,15,,,"1891586","WEINBERG, ROBERT A",Not Applicable,"WHITEHEAD INSTITUTE FOR BIOMEDICAL RES", ,2000,250410,
"MOLECULAR BIOLOGY OF CANCER AND DEVELOPMENT","NCI","2894404",5T32CA009541-14,5,T32,CA,009541,14,,,"1891586","WEINBERG, ROBERT A",Not Applicable,"WHITEHEAD INSTITUTE FOR BIOMEDICAL RES", ,1999,293974,
"MOLECULAR BIOLOGY OF CANCER AND DEVELOPMENT","NCI","2683388",5T32CA009541-13,5,T32,CA,009541,13,,,"1891586","WEINBERG, ROBERT A",Not Applicable,"WHITEHEAD INSTITUTE FOR BIOMEDICAL RES", ,1998,268573,
"MOLECULAR BIOLOGY OF CANCER AND DEVELOPMENT","NCI","2390605",5T32CA009541-12,5,T32,CA,009541,12,,,"1891586","WEINBERG, ROBERT A",Not Applicable,"WHITEHEAD INSTITUTE FOR BIOMEDICAL RES", ,1997,265436,
"MOLECULAR BIOLOGY OF CANCER AND DEVELOPMENT","NCI","2085561",2T32CA009541-11,2,T32,CA,009541,11,,,"1891586","WEINBERG, ROBERT A",Not Applicable,"WHITEHEAD INSTITUTE FOR BIOMEDICAL RES", ,1996,241246,
"MOLECULAR BASIS OF CARCINOGENESIS","NCI","2712596",5R35CA039826-14,5,R35,CA,039826,14,,,"1891586","WEINBERG, ROBERT A",Not Applicable,"WHITEHEAD INSTITUTE FOR BIOMEDICAL RES", ,1998,1374369,
"MOLECULAR BASIS OF CARCINOGENESIS","NCI","2429682",5R35CA039826-13,5,R35,CA,039826,13,,,"1891586","WEINBERG, ROBERT A",Not Applicable,"WHITEHEAD INSTITUTE FOR BIOMEDICAL RES", ,1997,1321890,
"MOLECULAR BASIS OF CARCINOGENESIS","NCI","2089970",5R35CA039826-12,5,R35,CA,039826,12,,,"1891586","WEINBERG, ROBERT A",Not Applicable,"WHITEHEAD INSTITUTE FOR BIOMEDICAL RES", ,1996,1269806,
"Induced Differentiation to Deplete CSCs from Breast Cancer","NCI","9069730",5R01CA078461-17,5,R01,CA,078461,17,,,"1891586","WEINBERG, ROBERT A",Not Applicable,"WHITEHEAD INSTITUTE FOR BIOMEDICAL RES", ,2016,494081,
"Induced Differentiation to Deplete CSCs from Breast Cancer","NCI","8854042",5R01CA078461-16,5,R01,CA,078461,16,,,"1891586","WEINBERG, ROBERT A",Not Applicable,"WHITEHEAD INSTITUTE FOR BIOMEDICAL RES", ,2015,494081,
"Induced Differentiation to Deplete CSCs from Breast Cancer","NCI","8759006",2R01CA078461-15A1,2,R01,CA,078461,15,A1,,"1891586","WEINBERG, ROBERT A",Not Applicable,"WHITEHEAD INSTITUTE FOR BIOMEDICAL RES", ,2014,494081,
"Catalytic Subunit of the Telomerase Gene Hest2","NCI","8386633",5R01CA078461-14,5,R01,CA,078461,14,,,"1891586","WEINBERG, ROBERT A",Not Applicable,"WHITEHEAD INSTITUTE FOR BIOMEDICAL RES", ,2013,494082,
"Catalytic Subunit of the Telomerase Gene Hest2","NCI","8196876",5R01CA078461-13,5,R01,CA,078461,13,,,"1891586","WEINBERG, ROBERT A",Not Applicable,"WHITEHEAD INSTITUTE FOR BIOMEDICAL RES", ,2012,528752,
"Catalytic Subunit of the Telomerase Gene Hest2","NCI","7993118",5R01CA078461-12,5,R01,CA,078461,12,,,"1891586","WEINBERG, ROBERT A",Not Applicable,"WHITEHEAD INSTITUTE FOR BIOMEDICAL RES", ,2011,531983,
"Catalytic Subunit of the Telomerase Gene Hest2","NCI","7750606",5R01CA078461-11,5,R01,CA,078461,11,,,"1891586","WEINBERG, ROBERT A",Not Applicable,"WHITEHEAD INSTITUTE FOR BIOMEDICAL RES", ,2010,494697,
"Catalytic Subunit of the Telomerase Gene Hest2","NCI","7583778",2R01CA078461-10A1,2,R01,CA,078461,10,A1,,"1891586","WEINBERG, ROBERT A",Not Applicable,"WHITEHEAD INSTITUTE FOR BIOMEDICAL RES", ,2009,488456,
"CATALYTIC SUBUNIT OF THE TELOMERASE GENE HEST2","NCI","7227401",5R01CA078461-09,5,R01,CA,078461,09,,,"1891586","WEINBERG, ROBERT A",Not Applicable,"WHITEHEAD INSTITUTE FOR BIOMEDICAL RES", ,2007,524099,
"CATALYTIC SUBUNIT OF THE TELOMERASE GENE HEST2","NCI","7104844",5R01CA078461-08,5,R01,CA,078461,08,,,"1891586","WEINBERG, ROBERT A",Not Applicable,"WHITEHEAD INSTITUTE FOR BIOMEDICAL RES", ,2006,524033,
"CATALYTIC SUBUNIT OF THE TELOMERASE GENE HEST2","NCI","6918703",5R01CA078461-07,5,R01,CA,078461,07,,,"1891586","WEINBERG, ROBERT A",Not Applicable,"WHITEHEAD INSTITUTE FOR BIOMEDICAL RES", ,2005,521014,
"CATALYTIC SUBUNIT OF THE TELOMERASE GENE HEST2","NCI","6773910",5R01CA078461-06,5,R01,CA,078461,06,,,"1891586","WEINBERG, ROBERT A",Not Applicable,"WHITEHEAD INSTITUTE FOR BIOMEDICAL RES", ,2004,505839,
"CATALYTIC SUBUNIT OF THE TELOMERASE GENE HEST2","NCI","6679616",2R01CA078461-05,2,R01,CA,078461,05,,,"1891586","WEINBERG, ROBERT A",Not Applicable,"WHITEHEAD INSTITUTE FOR BIOMEDICAL RES", ,2003,491106,
"CATALYTIC SUBUNIT OF THE TELOMERASE GENE HEST2","NCI","6522434",5R01CA078461-04,5,R01,CA,078461,04,,,"1891586","WEINBERG, ROBERT A",Not Applicable,"WHITEHEAD INSTITUTE FOR BIOMEDICAL RES", ,2002,481427,
"CATALYTIC SUBUNIT OF THE TELOMERASE GENE HEST2","NCI","6376839",5R01CA078461-03,5,R01,CA,078461,03,,,"1891586","WEINBERG, ROBERT A",Not Applicable,"WHITEHEAD INSTITUTE FOR BIOMEDICAL RES", ,2001,467404,
"CATALYTIC SUBUNIT OF THE TELOMERASE GENE HEST2","NCI","6173993",5R01CA078461-02,5,R01,CA,078461,02,,,"1891586","WEINBERG, ROBERT A",Not Applicable,"WHITEHEAD INSTITUTE FOR BIOMEDICAL RES", ,2000,453790,
"CATALYTIC SUBUNIT OF THE TELOMERASE GENE HEST2","NCI","2842708",1R01CA078461-01A1,1,R01,CA,078461,01,A1,,"1891586","WEINBERG, ROBERT A",Not Applicable,"WHITEHEAD INSTITUTE FOR BIOMEDICAL RES", ,1999,394113,
"Induction of Mesechymal and Stem-Cell Traits in Breast Cancer Cells Via Heteroty","NCI","8997426",5P01CA080111-18,5,P01,CA,080111,18,,6665,"1891586","WEINBERG, ROBERT A",Not Applicable,"WHITEHEAD INSTITUTE FOR BIOMEDICAL RES", ,2016,,273446
"Administrative Core","NCI","8997433",5P01CA080111-18,5,P01,CA,080111,18,,6671,"1891586","WEINBERG, ROBERT A",Not Applicable,"WHITEHEAD INSTITUTE FOR BIOMEDICAL RES", ,2016,,29962
"Mechanisms of Breast Development and Carcinogenesis","NCI","8997425",5P01CA080111-18,5,P01,CA,080111,18,,,"1891586","WEINBERG, ROBERT A",Not Applicable,"WHITEHEAD INSTITUTE FOR BIOMEDICAL RES", ,2016,1870658,
"Induction of Mesechymal and Stem-Cell Traits in Breast Cancer Cells Via Heteroty","NCI","8933764",5P01CA080111-17,5,P01,CA,080111,17,,6665,"1891586","WEINBERG, ROBERT A",Not Applicable,"WHITEHEAD INSTITUTE FOR BIOMEDICAL RES", ,2015,,274076
"Administrative Core","NCI","8933770",5P01CA080111-17,5,P01,CA,080111,17,,6671,"1891586","WEINBERG, ROBERT A",Not Applicable,"WHITEHEAD INSTITUTE FOR BIOMEDICAL RES", ,2015,,30029
"Mechanisms of Breast Development and Carcinogenesis","NCI","8845171",5P01CA080111-17,5,P01,CA,080111,17,,,"1891586","WEINBERG, ROBERT A",Not Applicable,"WHITEHEAD INSTITUTE FOR BIOMEDICAL RES", ,2015,1843160,
"Induction of Mesechymal and Stem-Cell Traits in Breast Cancer Cells Via Heteroty","NCI","8633703",2P01CA080111-16,2,P01,CA,080111,16,,6665,"1891586","WEINBERG, ROBERT A",Not Applicable,"WHITEHEAD INSTITUTE FOR BIOMEDICAL RES", ,2014,,281039
"Administrative Core","NCI","8633712",2P01CA080111-16,2,P01,CA,080111,16,,6671,"1891586","WEINBERG, ROBERT A",Not Applicable,"WHITEHEAD INSTITUTE FOR BIOMEDICAL RES", ,2014,,30794
"Mechanisms of Breast Development and Carcinogenesis","NCI","8609151",2P01CA080111-16,2,P01,CA,080111,16,,,"1891586","WEINBERG, ROBERT A",Not Applicable,"WHITEHEAD INSTITUTE FOR BIOMEDICAL RES", ,2014,1894198,
"Recruitment of Stromal Cells to Mammary Tumors","NCI","8449503",5P01CA080111-15,5,P01,CA,080111,15,,8263,"1891586","WEINBERG, ROBERT A",Not Applicable,"WHITEHEAD INSTITUTE FOR BIOMEDICAL RES", ,2013,,275105
"Administrative Core","NCI","8449510",5P01CA080111-15,5,P01,CA,080111,15,,8271,"1891586","WEINBERG, ROBERT A",Not Applicable,"WHITEHEAD INSTITUTE FOR BIOMEDICAL RES", ,2013,,22621
"Mechanisms of Breast Development and Carcinogenesis","NCI","8449502",5P01CA080111-15,5,P01,CA,080111,15,,,"1891586","WEINBERG, ROBERT A",Not Applicable,"WHITEHEAD INSTITUTE FOR BIOMEDICAL RES", ,2013,1812302,
"Recruitment of Stromal Cells to Mammary Tumors","NCI","8374812",5P01CA080111-14,5,P01,CA,080111,14,,8263,"1891586","WEINBERG, ROBERT A",Not Applicable,"WHITEHEAD INSTITUTE FOR BIOMEDICAL RES", ,2012,,293849
"Administrative Core","NCI","8374824",5P01CA080111-14,5,P01,CA,080111,14,,8271,"1891586","WEINBERG, ROBERT A",Not Applicable,"WHITEHEAD INSTITUTE FOR BIOMEDICAL RES", ,2012,,24058
"Mechanisms of Breast Development and Carcinogenesis","NCI","8217196",5P01CA080111-14,5,P01,CA,080111,14,,,"1891586","WEINBERG, ROBERT A",Not Applicable,"WHITEHEAD INSTITUTE FOR BIOMEDICAL RES", ,2012,1940796,
"Recruitment of Stromal Cells to Mammary Tumors","NCI","8215972",5P01CA080111-13,5,P01,CA,080111,13,,8263,"1891586","WEINBERG, ROBERT A",Not Applicable,"WHITEHEAD INSTITUTE FOR BIOMEDICAL RES", ,2011,,295175
"Administrative Core","NCI","8215978",5P01CA080111-13,5,P01,CA,080111,13,,8271,"1891586","WEINBERG, ROBERT A",Not Applicable,"WHITEHEAD INSTITUTE FOR BIOMEDICAL RES", ,2011,,24058
"Mechanisms of Breast Development and Carcinogenesis","NCI","8050124",5P01CA080111-13,5,P01,CA,080111,13,,,"1891586","WEINBERG, ROBERT A",Not Applicable,"WHITEHEAD INSTITUTE FOR BIOMEDICAL RES", ,2011,1949619,
"Recruitment of Stromal Cells to Mammary Tumors","NCI","8050116",5P01CA080111-12,5,P01,CA,080111,12,,8263,"1891586","WEINBERG, ROBERT A",Not Applicable,"WHITEHEAD INSTITUTE FOR BIOMEDICAL RES", ,2010,,307473
"Administrative Core","NCI","8050122",5P01CA080111-12,5,P01,CA,080111,12,,8271,"1891586","WEINBERG, ROBERT A",Not Applicable,"WHITEHEAD INSTITUTE FOR BIOMEDICAL RES", ,2010,,24943
"Mechanisms of Breast Development and Carcinogenesis","NCI","7778930",5P01CA080111-12,5,P01,CA,080111,12,,,"1891586","WEINBERG, ROBERT A",Not Applicable,"WHITEHEAD INSTITUTE FOR BIOMEDICAL RES", ,2010,2029421,
"Mechanisms of Breast Development and Carcinogenesis","NCI","7915900",3P01CA080111-11S2,3,P01,CA,080111,11,S2,,"1891586","WEINBERG, ROBERT A",Not Applicable,"WHITEHEAD INSTITUTE FOR BIOMEDICAL RES",YES,2009,556963,
"Mechanisms of Breast Development and Carcinogenesis","NCI","7847330",3P01CA080111-11S1,3,P01,CA,080111,11,S1,,"1891586","WEINBERG, ROBERT A",Not Applicable,"WHITEHEAD INSTITUTE FOR BIOMEDICAL RES",YES,2009,8190,
"Recruitment of Stromal Cells to Mammary Tumors","NCI","7617416",2P01CA080111-11,2,P01,CA,080111,11,,8263,"1891586","WEINBERG, ROBERT A",Not Applicable,"WHITEHEAD INSTITUTE FOR BIOMEDICAL RES", ,2009,,308837
"Administrative Core","NCI","7617425",2P01CA080111-11,2,P01,CA,080111,11,,8271,"1891586","WEINBERG, ROBERT A",Not Applicable,"WHITEHEAD INSTITUTE FOR BIOMEDICAL RES", ,2009,,25046
"Mechanisms of Breast Development and Carcinogenesis","NCI","7561778",2P01CA080111-11,2,P01,CA,080111,11,,,"1891586","WEINBERG, ROBERT A",Not Applicable,"WHITEHEAD INSTITUTE FOR BIOMEDICAL RES", ,2009,2040926,
"Mouse and Human Models of Breast Development and Neoplasia","NCI","7576098",5P01CA080111-10,5,P01,CA,080111,10,,0001,"1891586","WEINBERG, ROBERT A",Not Applicable,"WHITEHEAD INSTITUTE FOR BIOMEDICAL RES", ,2008,,333966
"MECHANISM OF BREAST DEVELOPMENT AND CARCINOGENESIS","NCI","7342485",5P01CA080111-10,5,P01,CA,080111,10,,,"1891586","WEINBERG, ROBERT A",Not Applicable,"WHITEHEAD INSTITUTE FOR BIOMEDICAL RES", ,2008,1959451,
"Mouse and Human Models of Breast Development and Neoplasia","NCI","7342478",5P01CA080111-09,5,P01,CA,080111,09,,0001,"1891586","WEINBERG, ROBERT A",Not Applicable,"WHITEHEAD INSTITUTE FOR BIOMEDICAL RES", ,2007,,329920
"MECHANISM OF BREAST DEVELOPMENT AND CARCINOGENESIS","NCI","7221175",5P01CA080111-09,5,P01,CA,080111,09,,,"1891586","WEINBERG, ROBERT A",Not Applicable,"WHITEHEAD INSTITUTE FOR BIOMEDICAL RES", ,2007,1945737,
"Mouse & Human Models of Breast Development and Neoplasia","NCI","7221168",5P01CA080111-08,5,P01,CA,080111,08,,0001,"1891586","WEINBERG, ROBERT A",Not Applicable,"WHITEHEAD INSTITUTE FOR BIOMEDICAL RES", ,2006,,226418
"MECHANISM OF BREAST DEVELOPMENT AND CARCINOGENESIS","NCI","7039173",5P01CA080111-08,5,P01,CA,080111,08,,,"1891586","WEINBERG, ROBERT A",Not Applicable,"WHITEHEAD INSTITUTE FOR BIOMEDICAL RES", ,2006,1951340,
"Mouse & Human Models of Breast Development and Neoplasia","NCI","7062984",5P01CA080111-07,5,P01,CA,080111,07,,0001,"1891586","WEINBERG, ROBERT A",Not Applicable,"WHITEHEAD INSTITUTE FOR BIOMEDICAL RES", ,2005,,219823
"MECHANISM OF BREAST DEVELOPMENT AND CARCINOGENESIS","NCI","6872947",5P01CA080111-07,5,P01,CA,080111,07,,,"1891586","WEINBERG, ROBERT A",Not Applicable,"WHITEHEAD INSTITUTE FOR BIOMEDICAL RES", ,2005,1931740,
"Mouse & Human Models of Breast Development and Neoplasia","NCI","6989380",2P01CA080111-06,2,P01,CA,080111,06,,0001,"1891586","WEINBERG, ROBERT A",Not Applicable,"WHITEHEAD INSTITUTE FOR BIOMEDICAL RES", ,2004,,216119
"Administrative Core","NCI","6989370",2P01CA080111-06,2,P01,CA,080111,06,,5562,"1891586","WEINBERG, ROBERT A",Not Applicable,"WHITEHEAD INSTITUTE FOR BIOMEDICAL RES", ,2004,,27883
"MECHANISM OF BREAST DEVELOPMENT AND CARCINOGENESIS","NCI","6709285",2P01CA080111-06,2,P01,CA,080111,06,,,"1891586","WEINBERG, ROBERT A",Not Applicable,"WHITEHEAD INSTITUTE FOR BIOMEDICAL RES", ,2004,1904821,
"MOUSE MODELS OF BREAST DEVELOPMENT AND NEOPLASIA","NCI","6713245",5P01CA080111-05,5,P01,CA,080111,05,,0001,"1891586","WEINBERG, ROBERT A",Not Applicable,"WHITEHEAD INSTITUTE FOR BIOMEDICAL RES", ,2003,,291807
"MECHANISMS OF BREAST DEVELOPMENT AND CARCINOGENESIS","NCI","6612760",5P01CA080111-05,5,P01,CA,080111,05,,,"1891586","WEINBERG, ROBERT A",Not Applicable,"WHITEHEAD INSTITUTE FOR BIOMEDICAL RES", ,2003,1687864,
"MOUSE MODELS OF BREAST DEVELOPMENT AND NEOPLASIA","NCI","6563942",5P01CA080111-04,5,P01,CA,080111,04,,0001,"1891586","WEINBERG, ROBERT A",Not Applicable,"WHITEHEAD INSTITUTE FOR BIOMEDICAL RES", ,2002,,291807
"MECHANISMS OF BREAST DEVELOPMENT AND CARCINOGENESIS","NCI","6497518",5P01CA080111-04,5,P01,CA,080111,04,,,"1891586","WEINBERG, ROBERT A",Not Applicable,"WHITEHEAD INSTITUTE FOR BIOMEDICAL RES", ,2002,1721821,
"MOUSE MODELS OF BREAST DEVELOPMENT AND NEOPLASIA","NCI","6423090",3P01CA080111-03S1,3,P01,CA,080111,03,S1,0001,"1891586","WEINBERG, ROBERT A",Not Applicable,"WHITEHEAD INSTITUTE FOR BIOMEDICAL RES", ,2001,,291807
"MECHANISMS OF BREAST DEVELOPMENT AND CARCINOGENESIS","NCI","6418961",3P01CA080111-03S1,3,P01,CA,080111,03,S1,,"1891586","WEINBERG, ROBERT A",Not Applicable,"WHITEHEAD INSTITUTE FOR BIOMEDICAL RES", ,2001,59482,
"MECHANISMS OF BREAST DEVELOPMENT AND CARCINOGENESIS","NCI","6350343",5P01CA080111-03,5,P01,CA,080111,03,,,"1891586","WEINBERG, ROBERT A",Not Applicable,"WHITEHEAD INSTITUTE FOR BIOMEDICAL RES", ,2001,1559298,
"MECHANISMS OF BREAST DEVELOPMENT AND CARCINOGENESIS","NCI","6150363",5P01CA080111-02,5,P01,CA,080111,02,,,"1891586","WEINBERG, ROBERT A",Not Applicable,"WHITEHEAD INSTITUTE FOR BIOMEDICAL RES", ,2000,1575281,
"MOUSE MODELS OF BREAST DEVELOPMENT AND NEOPLASIA","NCI","6291711",3P01CA080111-01S1,3,P01,CA,080111,01,S1,0001,"1891586","WEINBERG, ROBERT A",Not Applicable,"WHITEHEAD INSTITUTE FOR BIOMEDICAL RES", ,1999,,,,,
"MECHANISMS OF BREAST DEVELOPMENT AND CARCINOGENESIS","NCI","6155942",3P01CA080111-01S1,3,P01,CA,080111,01,S1,,"1891586","WEINBERG, ROBERT A",Not Applicable,"WHITEHEAD INSTITUTE FOR BIOMEDICAL RES", ,1999,56066,
"MECHANISMS OF BREAST DEVELOPMENT AND CARCINOGENESIS","NCI","2744462",1P01CA080111-01,1,P01,CA,080111,01,,,"1891586","WEINBERG, ROBERT A",Not Applicable,"WHITEHEAD INSTITUTE FOR BIOMEDICAL RES", ,1999,1554758,
"GENETIC REQUIREMENTS FOR TUMORIGENIC COVERSION","NCI","6514634",5R21CA087081-02,5,R21,CA,087081,02,,,"1891586","WEINBERG, ROBERT A",Not Applicable,"WHITEHEAD INSTITUTE FOR BIOMEDICAL RES", ,2002,116250,
"GENETIC REQUIREMENTS FOR TUMORIGENIC COVERSION","NCI","6166313",1R21CA087081-01,1,R21,CA,087081,01,,,"1891586","WEINBERG, ROBERT A",Not Applicable,"WHITEHEAD INSTITUTE FOR BIOMEDICAL RES", ,2001,116250,
"Molecular Mechanisms of Metastasis in  Mammary Tumor Mod","NCI","6603978",5R21CA096689-02,5,R21,CA,096689,02,,,"1891586","WEINBERG, ROBERT A",Not Applicable,"WHITEHEAD INSTITUTE FOR BIOMEDICAL RES", ,2003,142500,
"Molecular Mechanisms of Metastasis in  Mammary Tumor Mod","NCI","6506972",1R21CA096689-01,1,R21,CA,096689,01,,,"1891586","WEINBERG, ROBERT A",Not Applicable,"WHITEHEAD INSTITUTE FOR BIOMEDICAL RES", ,2002,119250,
"Recruitment of Stromal Cells to the Tumor Microenvironment","NCI","8104119",5U54CA126515-05,5,U54,CA,126515,05,,0003,"1891586","WEINBERG, ROBERT A",Not Applicable,"MASSACHUSETTS INSTITUTE OF TECHNOLOGY", ,2010,,381340
"Recruitment of Stromal Cells to the Tumor Microenvironment","NCI","7879904",5U54CA126515-04,5,U54,CA,126515,04,,0003,"1891586","WEINBERG, ROBERT A",Not Applicable,"MASSACHUSETTS INSTITUTE OF TECHNOLOGY", ,2009,,626899
"Recruitment of Stromal Cells to the Tumor Microenvironment","NCI","7676160",5U54CA126515-03,5,U54,CA,126515,03,,0003,"1891586","WEINBERG, ROBERT A",Not Applicable,"MASSACHUSETTS INSTITUTE OF TECHNOLOGY", ,2008,,386165
"Recruitment of Stromal Cells to the Tumor Microenvironment","NCI","7491218",5U54CA126515-02,5,U54,CA,126515,02,,0003,"1891586","WEINBERG, ROBERT A",Not Applicable,"MASSACHUSETTS INSTITUTE OF TECHNOLOGY", ,2007,,438336
"Recruitment of Stromal Cells to the Tumor Microenvironment","NCI","7243898",1U54CA126515-01,1,U54,CA,126515,01,,0003,"1891586","WEINBERG, ROBERT A",Not Applicable,"MASSACHUSETTS INSTITUTE OF TECHNOLOGY", ,2006,,316167
"Stromal Cell Recruitment and the Pathogenesis of Metastasis","NCI","8906804",5U54CA163109-05,5,U54,CA,163109,05,,5394,"1891586","WEINBERG, ROBERT A",Not Applicable,"MASSACHUSETTS INSTITUTE OF TECHNOLOGY", ,2015,,200572
"Stromal Cell Recruitment and the Pathogenesis of Metastasis","NCI","8705472",5U54CA163109-04,5,U54,CA,163109,04,,5394,"1891586","WEINBERG, ROBERT A",Not Applicable,"MASSACHUSETTS INSTITUTE OF TECHNOLOGY", ,2014,,194557
"Stromal Cell Recruitment and the Pathogenesis of Metastasis","NCI","8567756",5U54CA163109-03,5,U54,CA,163109,03,,5394,"1891586","WEINBERG, ROBERT A",Not Applicable,"MASSACHUSETTS INSTITUTE OF TECHNOLOGY", ,2013,,187537
"Stromal Cell Recruitment and the Pathogenesis of Metastasis","NCI","8555485",5U54CA163109-02,5,U54,CA,163109,02,,5394,"1891586","WEINBERG, ROBERT A",Not Applicable,"MASSACHUSETTS INSTITUTE OF TECHNOLOGY", ,2012,,205263
"Creation of adult epithelial stem cells from differentiated epithelial","NIDCR","7936110",5RC1DE020817-02,5,RC1,DE,020817,02,,,"1891586","WEINBERG, ROBERT A",Not Applicable,"WHITEHEAD INSTITUTE FOR BIOMEDICAL RES",YES,2010,413985,
"Creation of adult epithelial stem cells from differentiated epithelial","NIDCR","7809340",1RC1DE020817-01,1,RC1,DE,020817,01,,,"1891586","WEINBERG, ROBERT A",Not Applicable,"WHITEHEAD INSTITUTE FOR BIOMEDICAL RES",YES,2009,398406,
"FluorImager/Storm System","NCRR","6440772",1S10RR016895-01,1,S10,RR,016895,01,,,"1891586","WEINBERG, ROBERT A",Not Applicable,"WHITEHEAD INSTITUTE FOR BIOMEDICAL RES", ,2002,108489,

