----------------------------------------------------------------------------------Search Criteria:  Search in: Projects 		AdminIC: All; Principal Investigator / Project Leader: HOBSON; ROBERT; Fiscal Year: 2016; 2015; 2014; 2013; 2012; 2011; 2010; 2009; 2008; 2007; 2006; 2005; 2004; 2003; 2002; 2001; 2000; 1999; 1998; 1997; 1996 ----------------------------------------------------------------------------------Project Title,Administering  IC,Application ID,Project Number,Type,Activity,IC,Serial Number,Support Year,Suffix,Subproject Number ,Contact PI  Person ID,Contact PI / Project Leader,Other PI or Project Leader(s),Organization Name,ARRA Indicator,FY,FY Total Cost ,FY Total Cost  (Sub Projects),
"VASCULAR DISEASE ACADEMIC AWARD","NHLBI","6043664",5K07HL003437-05,5,K07,HL,003437,05,,,"1875161","HOBSON, ROBERT W",Not Applicable,"UNIV OF MED/DENT OF NJ-NJ MEDICAL SCHOOL", ,1999,148323,
"VASCULAR DISEASE ACADEMIC AWARD","NHLBI","2750260",5K07HL003437-04,5,K07,HL,003437,04,,,"1875161","HOBSON, ROBERT W",Not Applicable,"UNIV OF MED/DENT OF NJ-NJ MEDICAL SCHOOL", ,1998,121363,
"VASCULAR DISEASE ACADEMIC AWARD","NHLBI","2459876",5K07HL003437-03,5,K07,HL,003437,03,,,"1875161","HOBSON, ROBERT W",Not Applicable,"UNIV OF MED/DENT OF NJ-NJ MEDICAL SCHOOL", ,1997,116841,
"VASCULAR DISEASE ACADEMIC AWARD","NHLBI","2027073",5K07HL003437-02,5,K07,HL,003437,02,,,"1875161","HOBSON, ROBERT W",Not Applicable,"UNIV OF MED/DENT OF NJ-NJ MEDICAL SCHOOL", ,1996,112348,
"Carotid Revascularization Endarterectomy vs Stenting Trial","NINDS","7214241",2R01NS038384-07,2,R01,NS,038384,07,,,"1875161","HOBSON, ROBERT W",Not Applicable,"UNIV OF MED/DENT OF NJ-NJ MEDICAL SCHOOL", ,2007,6693362,
"CAROTID REVASCULARIZATION ENDARTERECTOMY VS STENTING","NINDS","7127555",3R01NS038384-06S1,3,R01,NS,038384,06,S1,,"1875161","HOBSON, ROBERT W",Not Applicable,"UNIV OF MED/DENT OF NJ-NJ MEDICAL SCHOOL", ,2005,155500,
"CAROTID REVASCULARIZATION ENDARTERECTOMY VS STENTING","NINDS","7077792",5R01NS038384-06,5,R01,NS,038384,06,,,"1875161","HOBSON, ROBERT W",Not Applicable,"UNIV OF MED/DENT OF NJ-NJ MEDICAL SCHOOL", ,2005,5627255,
"CAROTID REVASCULARIZATION ENDARTERECTOMY VS STENTING","NINDS","6914696",3R01NS038384-05S1,3,R01,NS,038384,05,S1,,"1875161","HOBSON, ROBERT W",Not Applicable,"UNIV OF MED/DENT OF NJ-NJ MEDICAL SCHOOL", ,2004,4783605,
"CAROTID REVASCULARIZATION ENDARTERECTOMY VS STENTING","NINDS","6603838",5R01NS038384-05,5,R01,NS,038384,05,,,"1875161","HOBSON, ROBERT W",Not Applicable,"UNIV OF MED/DENT OF NJ-NJ MEDICAL SCHOOL", ,2003,4948335,
"CAROTID REVASCULARIZATION ENDARTERECTOMY VS STENTING","NINDS","6139579",5R01NS038384-02,5,R01,NS,038384,02,,,"1875161","HOBSON, ROBERT W",Not Applicable,"UNIV OF MED/DENT OF NJ-NJ MEDICAL SCHOOL", ,2000,5117671,
"CAROTID REVASCULARIZATION ENDARTERECTOMY VS STENTING","NINDS","2793068",1R01NS038384-01,1,R01,NS,038384,01,,,"1875161","HOBSON, ROBERT W",Not Applicable,"UNIV OF MED/DENT OF NJ-NJ MEDICAL SCHOOL", ,1999,636000,

