----------------------------------------------------------------------------------Search Criteria:  Search in: Projects 		AdminIC: All; Principal Investigator / Project Leader: DARNELL; ROBERT B; Fiscal Year: 2016; 2015; 2014; 2013; 2012; 2011; 2010; 2009; 2008; 2007; 2006; 2005; 2004; 2003; 2002; 2001; 2000; 1999; 1998; 1997; 1996 ----------------------------------------------------------------------------------Project Title,Administering  IC,Application ID,Project Number,Type,Activity,IC,Serial Number,Support Year,Suffix,Subproject Number ,Contact PI  Person ID,Contact PI / Project Leader,Other PI or Project Leader(s),Organization Name,ARRA Indicator,FY,FY Total Cost ,FY Total Cost  (Sub Projects),
"Molecular Pathways in Treatment Response and Flare in RA","NIAMS","9276492",5UH2AR067691-03,5,UH2,AR,067691,03,,,"10542080","BYKERK, VIVIAN P ","DARNELL, ROBERT B;IVASHKIV, LIONEL B;PERNIS, ALESSANDRA B","HOSPITAL FOR SPECIAL SURGERY", ,2016,44051,
"Molecular Pathways in Treatment Response and Flare in RA","NIAMS","8932657",5UH2AR067691-02,5,UH2,AR,067691,02,,,"10542080","BYKERK, VIVIAN P ","DARNELL, ROBERT B;IVASHKIV, LIONEL B;PERNIS, ALESSANDRA B","HOSPITAL FOR SPECIAL SURGERY", ,2015,750001,
"Molecular Pathways in Treatment Response and Flare in RA","NIAMS","8851814",1UH2AR067691-01,1,UH2,AR,067691,01,,,"10542080","BYKERK, VIVIAN P ","DARNELL, ROBERT B;IVASHKIV, LIONEL B;PERNIS, ALESSANDRA B","HOSPITAL FOR SPECIAL SURGERY", ,2014,350001,
"Tolerance versus tumor immunity in PND","NCI","6930412",5R01CA085784-05,5,R01,CA,085784,05,,,"1887046","DARNELL, ROBERT B",Not Applicable,"ROCKEFELLER UNIVERSITY", ,2005,292467,
"Tolerance versus tumor immunity in PND","NCI","6793675",5R01CA085784-04,5,R01,CA,085784,04,,,"1887046","DARNELL, ROBERT B",Not Applicable,"ROCKEFELLER UNIVERSITY", ,2004,285946,
"Tolerance versus tumor immunity in PND","NCI","6646470",5R01CA085784-03,5,R01,CA,085784,03,,,"1887046","DARNELL, ROBERT B",Not Applicable,"ROCKEFELLER UNIVERSITY", ,2003,279618,
"Tolerance versus tumor immunity in PND","NCI","6522585",5R01CA085784-02,5,R01,CA,085784,02,,,"1887046","DARNELL, ROBERT B",Not Applicable,"ROCKEFELLER UNIVERSITY", ,2002,273050,
"Tolerance versus tumor immunity in PND","NCI","6382833",1R01CA085784-01A2,1,R01,CA,085784,01,A2,,"1887046","DARNELL, ROBERT B",Not Applicable,"ROCKEFELLER UNIVERSITY", ,2001,282585,
"Prostate Cancer Immunotherapy","NCI","7237310",5R01CA093507-05,5,R01,CA,093507,05,,,"1887046","DARNELL, ROBERT B",Not Applicable,"ROCKEFELLER UNIVERSITY", ,2007,691169,
"Prostate Cancer Immunotherapy","NCI","7054703",5R01CA093507-04,5,R01,CA,093507,04,,,"1887046","DARNELL, ROBERT B",Not Applicable,"ROCKEFELLER UNIVERSITY", ,2006,693642,
"Prostate Cancer Immunotherapy","NCI","6908301",5R01CA093507-03,5,R01,CA,093507,03,,,"1887046","DARNELL, ROBERT B",Not Applicable,"ROCKEFELLER UNIVERSITY", ,2005,690294,
"Prostate Cancer Immunotherapy","NCI","6755960",5R01CA093507-02,5,R01,CA,093507,02,,,"1887046","DARNELL, ROBERT B",Not Applicable,"ROCKEFELLER UNIVERSITY", ,2004,678709,
"Prostate Cancer Immunotherapy","NCI","6613572",1R01CA093507-01A2,1,R01,CA,093507,01,A2,,"1887046","DARNELL, ROBERT B",Not Applicable,"ROCKEFELLER UNIVERSITY", ,2003,680424,
"New York Center for Collaborative Research in Common Disease Genomics","NHGRI","9295236",3UM1HG008901-01S1,3,UM1,HG,008901,01,S1,,"1887046","DARNELL, ROBERT B",Not Applicable,"NEW YORK GENOME CENTER", ,2016,4228192,
"New York Center for Collaborative Research in Common Disease Genomics","NHGRI","9050000",1UM1HG008901-01,1,UM1,HG,008901,01,,,"1887046","DARNELL, ROBERT B",Not Applicable,"NEW YORK GENOME CENTER", ,2016,10000000,
"Neurology and the molecular role of N-RBPs in the brain","NINDS","9128723",4R01NS034389-19,4,R01,NS,034389,19,,,"1887046","DARNELL, ROBERT B",Not Applicable,"ROCKEFELLER UNIVERSITY", ,2016,124413,
"Neurology and the molecular role of N-RBPs in the brain","NINDS","8898232",5R01NS034389-18,5,R01,NS,034389,18,,,"1887046","DARNELL, ROBERT B",Not Applicable,"ROCKEFELLER UNIVERSITY", ,2015,497650,
"Neurology and the molecular role of N-RBPs in the brain","NINDS","8720066",5R01NS034389-17,5,R01,NS,034389,17,,,"1887046","DARNELL, ROBERT B",Not Applicable,"ROCKEFELLER UNIVERSITY", ,2014,492801,
"Neurology and the molecular role of N-RBPs in the brain","NINDS","8441186",2R01NS034389-16A1,2,R01,NS,034389,16,A1,,"1887046","DARNELL, ROBERT B",Not Applicable,"ROCKEFELLER UNIVERSITY", ,2013,514897,
"Neurology and the molecular role of N-RBPs in the brain","NINDS","8478325",2R56NS034389-16,2,R56,NS,034389,16,,,"1887046","DARNELL, ROBERT B",Not Applicable,"ROCKEFELLER UNIVERSITY", ,2012,589719,
"Neurology and the molecular role of N-RBPs in the brain","NINDS","7871398",5R01NS034389-15,5,R01,NS,034389,15,,,"1887046","DARNELL, ROBERT B",Not Applicable,"ROCKEFELLER UNIVERSITY", ,2010,488146,
"Neurology and the molecular role of N-RBPs in the brain","NINDS","7848691",3R01NS034389-14S1,3,R01,NS,034389,14,S1,,"1887046","DARNELL, ROBERT B",Not Applicable,"ROCKEFELLER UNIVERSITY",YES,2009,5002,
"Neurology and the molecular role of N-RBPs in the brain","NINDS","7652314",5R01NS034389-14,5,R01,NS,034389,14,,,"1887046","DARNELL, ROBERT B",Not Applicable,"ROCKEFELLER UNIVERSITY", ,2009,478713,
"Neurology and the molecular role of N-RBPs in the brain","NINDS","7528235",2R01NS034389-13A1,2,R01,NS,034389,13,A1,,"1887046","DARNELL, ROBERT B",Not Applicable,"ROCKEFELLER UNIVERSITY", ,2008,462020,
"Neurology and the Molecular Role of N-RBPs in the Brain","NINDS","7100089",5R01NS034389-12,5,R01,NS,034389,12,,,"1887046","DARNELL, ROBERT B",Not Applicable,"ROCKEFELLER UNIVERSITY", ,2006,498564,
"Neurology and the Molecular Role of N-RBPs in the Brain","NINDS","6932360",5R01NS034389-11,5,R01,NS,034389,11,,,"1887046","DARNELL, ROBERT B",Not Applicable,"ROCKEFELLER UNIVERSITY", ,2005,495693,
"Neurology and the Molecular Role of N-RBPs in the Brain","NINDS","6783396",5R01NS034389-10,5,R01,NS,034389,10,,,"1887046","DARNELL, ROBERT B",Not Applicable,"ROCKEFELLER UNIVERSITY", ,2004,481256,
"Neurology and the Molecular Role of N-RBPs in the Brain","NINDS","6668592",5R01NS034389-09,5,R01,NS,034389,09,,,"1887046","DARNELL, ROBERT B",Not Applicable,"ROCKEFELLER UNIVERSITY", ,2003,467238,
"Neurology and the Molecular Role of N-RBPs in the Brain","NINDS","6584811",2R01NS034389-08A1,2,R01,NS,034389,08,A1,,"1887046","DARNELL, ROBERT B",Not Applicable,"ROCKEFELLER UNIVERSITY", ,2002,453629,
"NEUROLOGY AND THE MOLECULAR ROLE OF N-RBPS IN THE BRAIN","NINDS","6393733",5R01NS034389-07,5,R01,NS,034389,07,,,"1887046","DARNELL, ROBERT B",Not Applicable,"ROCKEFELLER UNIVERSITY", ,2001,416782,
"NEUROLOGY AND THE MOLECULAR ROLE OF N-RBPS IN THE BRAIN","NINDS","6187755",5R01NS034389-06,5,R01,NS,034389,06,,,"1887046","DARNELL, ROBERT B",Not Applicable,"ROCKEFELLER UNIVERSITY", ,2000,414123,
"NEUROLOGY AND THE MOLECULAR ROLE OF N-RBPS IN THE BRAIN","NINDS","6320320",3R01NS034389-05S1,3,R01,NS,034389,05,S1,,"1887046","DARNELL, ROBERT B",Not Applicable,"ROCKEFELLER UNIVERSITY", ,2000,50000,
"NEUROLOGY AND THE MOLECULAR ROLE OF N-RBPS IN THE BRAIN","NINDS","2892005",5R01NS034389-05,5,R01,NS,034389,05,,,"1887046","DARNELL, ROBERT B",Not Applicable,"ROCKEFELLER UNIVERSITY", ,1999,407141,
"NEUROLOGY AND THE MOLECULAR ROLE OF N-RBPS IN THE BRAIN","NINDS","2637744",2R01NS034389-04,2,R01,NS,034389,04,,,"1887046","DARNELL, ROBERT B",Not Applicable,"ROCKEFELLER UNIVERSITY", ,1998,398167,
"NEUROLOGY AND THE MOLECULAR ROLE OF N RBP'S IN THE BRAIN","NINDS","2445847",5R01NS034389-03,5,R01,NS,034389,03,,,"1887046","DARNELL, ROBERT B",Not Applicable,"ROCKEFELLER UNIVERSITY", ,1997,198298,
"NEUROLOGY AND THE MOLECULAR ROLE OF N RBP'S IN THE BRAIN","NINDS","2273606",5R01NS034389-02,5,R01,NS,034389,02,,,"1887046","DARNELL, ROBERT B",Not Applicable,"ROCKEFELLER UNIVERSITY", ,1996,198729,
"Structure/function studies of RBPs in neurologic disease","NINDS","6937748",5R01NS040955-05,5,R01,NS,040955,05,,,"1887046","DARNELL, ROBERT B",Not Applicable,"ROCKEFELLER UNIVERSITY", ,2005,681392,
"Structure/function studies of RBPs in neurologic disease","NINDS","6802685",5R01NS040955-04,5,R01,NS,040955,04,,,"1887046","DARNELL, ROBERT B",Not Applicable,"ROCKEFELLER UNIVERSITY", ,2004,661545,
"Structure/function studies of RBPs in neurologic disease","NINDS","6657329",5R01NS040955-03,5,R01,NS,040955,03,,,"1887046","DARNELL, ROBERT B",Not Applicable,"ROCKEFELLER UNIVERSITY", ,2003,656525,
"Structure/function studies of RBPs in neurologic disease","NINDS","6529662",5R01NS040955-02,5,R01,NS,040955,02,,,"1887046","DARNELL, ROBERT B",Not Applicable,"ROCKEFELLER UNIVERSITY", ,2002,639053,
"Structure/function studies of RBPs in neurologic disease","NINDS","6399213",1R01NS040955-01A1,1,R01,NS,040955,01,A1,,"1887046","DARNELL, ROBERT B",Not Applicable,"ROCKEFELLER UNIVERSITY", ,2001,629157,
"RNA Dysregulation in ALS","NINDS","7942819",5RC2NS069473-02,5,RC2,NS,069473,02,,,"1887046","DARNELL, ROBERT B",Not Applicable,"ROCKEFELLER UNIVERSITY",YES,2010,497586,
"RNA Dysregulation in ALS","NINDS","7854890",1RC2NS069473-01,1,RC2,NS,069473,01,,,"1887046","DARNELL, ROBERT B",Not Applicable,"ROCKEFELLER UNIVERSITY",YES,2009,502388,
"Mapping the mechanisms of protein synthesis-dependent synaptic plasticity","NINDS","9113688",4R01NS081706-05,4,R01,NS,081706,05,,,"1887046","DARNELL, ROBERT B",Not Applicable,"ROCKEFELLER UNIVERSITY", ,2016,1095202,
"Mapping the mechanisms of protein synthesis-dependent synaptic plasticity","NINDS","8898256",5R01NS081706-04,5,R01,NS,081706,04,,,"1887046","DARNELL, ROBERT B",Not Applicable,"ROCKEFELLER UNIVERSITY", ,2015,1085876,
"Mapping the mechanisms of protein synthesis-dependent synaptic plasticity","NINDS","8703829",5R01NS081706-03,5,R01,NS,081706,03,,,"1887046","DARNELL, ROBERT B",Not Applicable,"ROCKEFELLER UNIVERSITY", ,2014,1075323,
"Mapping the mechanisms of protein synthesis-dependent synaptic plasticity","NINDS","8554392",5R01NS081706-02,5,R01,NS,081706,02,,,"1887046","DARNELL, ROBERT B",Not Applicable,"ROCKEFELLER UNIVERSITY", ,2013,1033843,
"Mapping the mechanisms of protein synthesis-dependent synaptic plasticity","NINDS","8412332",1R01NS081706-01,1,R01,NS,081706,01,,,"1887046","DARNELL, ROBERT B",Not Applicable,"ROCKEFELLER UNIVERSITY", ,2012,1056588,
"TOLERANCE VERSUS TUMOR IMMUNITY IN PND","NCRR","7206988",2M01RR000102-41,2,M01,RR,000102,41,,0316,"1887046","DARNELL, ROBERT B",Not Applicable,"ROCKEFELLER UNIVERSITY", ,2005,,3967
"IMMUNOTHERAPY OF THE PARANEOPLASTIC SYNDROMES","NCRR","7206980",2M01RR000102-41,2,M01,RR,000102,41,,0348,"1887046","DARNELL, ROBERT B",Not Applicable,"ROCKEFELLER UNIVERSITY", ,2005,,59178
"AUTOLOGOUS DCS PULSED WITH APOPTOTIC TUMOR CELLS IN PROSTATE CANCER","NCRR","7207005",2M01RR000102-41,2,M01,RR,000102,41,,0406,"1887046","DARNELL, ROBERT B",Not Applicable,"ROCKEFELLER UNIVERSITY", ,2005,,132240
"PRECLINICAL STUDIES FOR THE DEVELOPMENT OF PRIMARY BRAIN TUMOR VACCINES","NCRR","7207019",2M01RR000102-41,2,M01,RR,000102,41,,0421,"1887046","DARNELL, ROBERT B",Not Applicable,"ROCKEFELLER UNIVERSITY", ,2005,,662
"Autologous DCs pulsed with apoptotic tumor cells in prostate cancer","NCRR","7041503",5M01RR000102-40,5,M01,RR,000102,40,,0406,"1887046","DARNELL, ROBERT B",Not Applicable,"ROCKEFELLER UNIVERSITY", ,2004,,723
"Preclinical studies for the development of primary brain tumor vaccines","NCRR","7041519",5M01RR000102-40,5,M01,RR,000102,40,,0421,"1887046","DARNELL, ROBERT B",Not Applicable,"ROCKEFELLER UNIVERSITY", ,2004,,2890
"Immunotherapy of the Paraneoplastic Syndromes","NCRR","7041471",5M01RR000102-40,5,M01,RR,000102,40,,8003,"1887046","DARNELL, ROBERT B",Not Applicable,"ROCKEFELLER UNIVERSITY", ,2004,,14087
"Tolerance Versus Tumor Immunity in PND","NCRR","7041477",5M01RR000102-40,5,M01,RR,000102,40,,8009,"1887046","DARNELL, ROBERT B",Not Applicable,"ROCKEFELLER UNIVERSITY", ,2004,,6862
"KILLER T CELL ACTIVITY IN PARANEOPLASTIC NEUROLOGIC SYNDROME","NCRR","6115887",3M01RR000102-35S1,3,M01,RR,000102,35,S1,0316,"1887046","DARNELL, ROBERT B",Not Applicable,"ROCKEFELLER UNIVERSITY", ,1999,,45395
"IMMUNOTHERAPY OF PARANEOPLASTIC SYNDROMES","NCRR","6264658",3M01RR000102-35S1,3,M01,RR,000102,35,S1,0348,"1887046","DARNELL, ROBERT B",Not Applicable,"ROCKEFELLER UNIVERSITY", ,1999,,45395
"TUMOR IMMUNITY TO PARANEOPLASTIC NEUROLOGIC DISEASE ANTIGENS","NCRR","6264671",3M01RR000102-35S1,3,M01,RR,000102,35,S1,0361,"1887046","DARNELL, ROBERT B",Not Applicable,"ROCKEFELLER UNIVERSITY", ,1999,,45395
"KILLER T CELL ACTIVITY IN PARANEOPLASTIC NEUROLOGIC SYNDROME","NCRR","6277121",5M01RR000102-35,5,M01,RR,000102,35,,0316,"1887046","DARNELL, ROBERT B",Not Applicable,"ROCKEFELLER UNIVERSITY", ,1998,,58414
"IMMUNOTHERAPY OF THE PARANEOPLASTIC HU SYNDROME","NCRR","6246994",5M01RR000102-34,5,M01,RR,000102,34,,0315,"1887046","DARNELL, ROBERT B",Not Applicable,"ROCKEFELLER UNIVERSITY", ,1997,,58575
"KILLER T CELL ACTIVITY IN PARANEOPLASTIC NEUROLOGIC SYNDROME","NCRR","6246995",5M01RR000102-34,5,M01,RR,000102,34,,0316,"1887046","DARNELL, ROBERT B",Not Applicable,"ROCKEFELLER UNIVERSITY", ,1997,,58575

