----------------------------------------------------------------------------------Search Criteria:  Search in: Projects 		AdminIC: All; Principal Investigator / Project Leader: LOOS; RUTH JF; Fiscal Year: 2016; 2015; 2014; 2013; 2012; 2011; 2010; 2009; 2008; 2007; 2006; 2005; 2004; 2003; 2002; 2001; 2000; 1999; 1998; 1997; 1996 ----------------------------------------------------------------------------------Project Title,Administering  IC,Application ID,Project Number,Type,Activity,IC,Serial Number,Support Year,Suffix,Subproject Number ,Contact PI  Person ID,Contact PI / Project Leader,Other PI or Project Leader(s),Organization Name,ARRA Indicator,FY,FY Total Cost ,FY Total Cost  (Sub Projects),
"Study of coding variants in human obesity and their functional characterization using human iPSC-derived cellular models","NIDDK","9157691",1R01DK110113-01,1,R01,DK,110113,01,,,"11307605","LOOS, RUTH JF",Not Applicable,"ICAHN SCHOOL OF MEDICINE AT MOUNT SINAI", ,2016,549409,
"Diverse ancestry biobank to map biomedical traits and elucidate health disparitie","NHGRI","9095372",4U01HG007417-04,4,U01,HG,007417,04,,,"11307605","LOOS, RUTH JF",Not Applicable,"ICAHN SCHOOL OF MEDICINE AT MOUNT SINAI", ,2016,645031,
"Diverse ancestry biobank to map biomedical traits and elucidate health disparitie","NHGRI","8879181",5U01HG007417-03,5,U01,HG,007417,03,,,"11307605","LOOS, RUTH JF",Not Applicable,"ICAHN SCHOOL OF MEDICINE AT MOUNT SINAI", ,2015,628905,
"Diverse ancestry biobank to map biomedical traits and elucidate health disparitie","NHGRI","8728993",5U01HG007417-02,5,U01,HG,007417,02,,,"11307605","LOOS, RUTH JF",Not Applicable,"ICAHN SCHOOL OF MEDICINE AT MOUNT SINAI", ,2014,632132,
"Diverse ancestry biobank to map biomedical traits and elucidate health disparitie","NHGRI","8573203",1U01HG007417-01,1,U01,HG,007417,01,,,"11307605","LOOS, RUTH JF",Not Applicable,"ICAHN SCHOOL OF MEDICINE AT MOUNT SINAI", ,2013,938603,
"Leveraging ancestral diversity to map adiposity loci in Hispanics","NIDDK","9127221",5R01DK101855-03,5,R01,DK,101855,03,,,"7368797","NORTH, KARI E ","HAIMAN, CHRISTOPHER ALAN;LOOS, RUTH JF","UNIV OF NORTH CAROLINA CHAPEL HILL", ,2016,684404,
"Leveraging ancestral diversity to map adiposity loci in Hispanics","NIDDK","8912466",5R01DK101855-02,5,R01,DK,101855,02,,,"7368797","NORTH, KARI E ","HAIMAN, CHRISTOPHER ALAN;LOOS, RUTH JF","UNIV OF NORTH CAROLINA CHAPEL HILL", ,2015,698814,
"Leveraging ancestral diversity to map adiposity loci in Hispanics","NIDDK","8673745",1R01DK101855-01,1,R01,DK,101855,01,,,"7368797","NORTH, KARI E ","HAIMAN, CHRISTOPHER ALAN;LOOS, RUTH JF","UNIV OF NORTH CAROLINA CHAPEL HILL", ,2014,722187,

