----------------------------------------------------------------------------------Search Criteria:  Search in: Projects 		AdminIC: All; Principal Investigator / Project Leader: MIRKIN; SERGEI M; Fiscal Year: 2016; 2015; 2014; 2013; 2012; 2011; 2010; 2009; 2008; 2007; 2006; 2005; 2004; 2003; 2002; 2001; 2000; 1999; 1998; 1997; 1996 ----------------------------------------------------------------------------------Project Title,Administering  IC,Application ID,Project Number,Type,Activity,IC,Serial Number,Support Year,Suffix,Subproject Number ,Contact PI  Person ID,Contact PI / Project Leader,Other PI or Project Leader(s),Organization Name,ARRA Indicator,FY,FY Total Cost ,FY Total Cost  (Sub Projects),
"TRANSCRIPTIONALLY DEPENDENT REARRANGEMENTS IN DNA","NIGMS","2910250",5R01GM054247-04,5,R01,GM,054247,04,,,"1893643","MIRKIN, SERGEI M.",Not Applicable,"UNIVERSITY OF ILLINOIS AT CHICAGO", ,1999,179583,
"TRANSCRIPTIONALLY DEPENDENT REARRANGEMENTS IN DNA","NIGMS","2701755",5R01GM054247-03,5,R01,GM,054247,03,,,"1893643","MIRKIN, SERGEI M.",Not Applicable,"UNIVERSITY OF ILLINOIS AT CHICAGO", ,1998,172791,
"TRANSCRIPTIONALLY DEPENDENT REARRANGEMENTS IN DNA","NIGMS","2415379",5R01GM054247-02,5,R01,GM,054247,02,,,"1893643","MIRKIN, SERGEI M.",Not Applicable,"UNIVERSITY OF ILLINOIS AT CHICAGO", ,1997,169011,
"TRANSCRIPTIONALLY DEPENDENT REARRANGEMENTS IN DNA","NIGMS","2193637",1R01GM054247-01,1,R01,GM,054247,01,,,"1893643","MIRKIN, SERGEI M.",Not Applicable,"UNIVERSITY OF ILLINOIS AT CHICAGO", ,1996,169982,
"Replication of Simple DNA Repeats","NIGMS","7169564",7R01GM060987-07,7,R01,GM,060987,07,,,"1893643","MIRKIN, SERGEI M.",Not Applicable,"TUFTS UNIVERSITY MEDFORD", ,2007,273646,
"Replication of Simple DNA Repeats","NIGMS","7007723",5R01GM060987-06,5,R01,GM,060987,06,,,"1893643","MIRKIN, SERGEI M.",Not Applicable,"UNIVERSITY OF ILLINOIS AT CHICAGO", ,2006,273542,
"Replication of Simple DNA Repeats","NIGMS","7115043",3R01GM060987-05S1,3,R01,GM,060987,05,S1,,"1893643","MIRKIN, SERGEI M.",Not Applicable,"UNIVERSITY OF ILLINOIS AT CHICAGO", ,2005,19060,
"Replication of Simple DNA Repeats","NIGMS","6873450",2R01GM060987-05,2,R01,GM,060987,05,,,"1893643","MIRKIN, SERGEI M.",Not Applicable,"UNIVERSITY OF ILLINOIS AT CHICAGO", ,2005,269949,
"REPLICATION OF SIMPLE DNA REPEATS","NIGMS","6699331",5R01GM060987-04,5,R01,GM,060987,04,,,"1893643","MIRKIN, SERGEI M.",Not Applicable,"UNIVERSITY OF ILLINOIS AT CHICAGO", ,2004,230721,
"REPLICATION OF SIMPLE DNA REPEATS","NIGMS","6628913",5R01GM060987-03,5,R01,GM,060987,03,,,"1893643","MIRKIN, SERGEI M.",Not Applicable,"UNIVERSITY OF ILLINOIS AT CHICAGO", ,2003,230721,
"REPLICATION OF SIMPLE DNA REPEATS","NIGMS","6498839",5R01GM060987-02,5,R01,GM,060987,02,,,"1893643","MIRKIN, SERGEI M.",Not Applicable,"UNIVERSITY OF ILLINOIS AT CHICAGO", ,2002,230721,
"REPLICATION OF SIMPLE DNA REPEATS","NIGMS","6266318",1R01GM060987-01A1,1,R01,GM,060987,01,A1,,"1893643","MIRKIN, SERGEI M.",Not Applicable,"UNIVERSITY OF ILLINOIS AT CHICAGO", ,2001,219189,

