----------------------------------------------------------------------------------Search Criteria:  Search in: Projects 		AdminIC: All; Principal Investigator / Project Leader: CROOK; SHARON MARIE; Fiscal Year: 2016; 2015; 2014; 2013; 2012; 2011; 2010; 2009; 2008; 2007; 2006; 2005; 2004; 2003; 2002; 2001; 2000; 1999; 1998; 1997; 1996 ----------------------------------------------------------------------------------Project Title,Administering  IC,Application ID,Project Number,Type,Activity,IC,Serial Number,Support Year,Suffix,Subproject Number ,Contact PI  Person ID,Contact PI / Project Leader,Other PI or Project Leader(s),Organization Name,ARRA Indicator,FY,FY Total Cost ,FY Total Cost  (Sub Projects),
"CRCNS Data Sharing: NeuroML Database for Multiscale Neuroscience Models","NIBIB","8538240",5R01EB014640-03,5,R01,EB,014640,03,,,"1875568","CROOK, SHARON MARIE",Not Applicable,"ARIZONA STATE UNIVERSITY-TEMPE CAMPUS", ,2013,89645,
"CRCNS Data Sharing: NeuroML Database for Multiscale Neuroscience Models","NIBIB","8313860",5R01EB014640-02,5,R01,EB,014640,02,,,"1875568","CROOK, SHARON MARIE",Not Applicable,"ARIZONA STATE UNIVERSITY-TEMPE CAMPUS", ,2012,95328,
"CRCNS Data Sharing: NeuroML Database for Multiscale Neuroscience Models","NIBIB","8257628",1R01EB014640-01,1,R01,EB,014640,01,,,"1875568","CROOK, SHARON MARIE",Not Applicable,"ARIZONA STATE UNIVERSITY-TEMPE CAMPUS", ,2011,80385,
"NeuroML: Standards and Tools for Multiscale Model Specification and Exchange","NIMH","8070488",5R01MH081905-03,5,R01,MH,081905,03,,,"1875568","CROOK, SHARON MARIE",Not Applicable,"ARIZONA STATE UNIVERSITY-TEMPE CAMPUS", ,2011,294302,
"NeuroML: Standards and Tools for Multiscale Model Specification and Exchange","NIMH","7880643",5R01MH081905-02,5,R01,MH,081905,02,,,"1875568","CROOK, SHARON MARIE",Not Applicable,"ARIZONA STATE UNIVERSITY-TEMPE CAMPUS", ,2010,298127,
"NeuroML: Standards and Tools for Multiscale Model Specification and Exchange","NIMH","7730438",1R01MH081905-01A1,1,R01,MH,081905,01,A1,,"1875568","CROOK, SHARON MARIE",Not Applicable,"ARIZONA STATE UNIVERSITY-TEMPE CAMPUS", ,2009,298880,
"Tools for Model Discovery; Validation and Selection in Neuroscience with NeuroML","NIMH","9148205",5R01MH106674-02,5,R01,MH,106674,02,,,"1875568","CROOK, SHARON MARIE",Not Applicable,"ARIZONA STATE UNIVERSITY-TEMPE CAMPUS", ,2016,376632,
"Tools for Model Discovery; Validation and Selection in Neuroscience with NeuroML","NIMH","9043657",1R01MH106674-01A1,1,R01,MH,106674,01,A1,,"1875568","CROOK, SHARON MARIE",Not Applicable,"ARIZONA STATE UNIVERSITY-TEMPE CAMPUS", ,2015,377345,
"MECHANISTIC BASIS OF NEURAL ENCODING","NINDS","2796993",5F32NS010545-02,5,F32,NS,010545,02,,,"1875568","CROOK, SHARON MARIE",Not Applicable,"MONTANA STATE UNIVERSITY (BOZEMAN)", ,1998,26176,
"MECHANISTIC BASIS OF NEURAL ENCODING","NINDS","2521938",1F32NS010545-01,1,F32,NS,010545,01,,,"1875568","CROOK, SHARON MARIE",Not Applicable,"MONTANA STATE UNIVERSITY (BOZEMAN)", ,1997,24292,

