----------------------------------------------------------------------------------Search Criteria:  Search in: Projects 		AdminIC: All; Principal Investigator / Project Leader: LEVIN; SIMON A; Fiscal Year: 2016; 2015; 2014; 2013; 2012; 2011; 2010; 2009; 2008; 2007; 2006; 2005; 2004; 2003; 2002; 2001; 2000; 1999; 1998; 1997; 1996 ----------------------------------------------------------------------------------Project Title,Administering  IC,Application ID,Project Number,Type,Activity,IC,Serial Number,Support Year,Suffix,Subproject Number ,Contact PI  Person ID,Contact PI / Project Leader,Other PI or Project Leader(s),Organization Name,ARRA Indicator,FY,FY Total Cost ,FY Total Cost  (Sub Projects),
"POPULATION BIOLOGY AND EVOLUTION OF INFLUENZA A","NIGMS","6627236",5R01GM060729-04,5,R01,GM,060729,04,,,"6133176","LEVIN, SIMON A",Not Applicable,"PRINCETON UNIVERSITY", ,2003,177486,
"POPULATION BIOLOGY AND EVOLUTION OF INFLUENZA A","NIGMS","6490174",5R01GM060729-03,5,R01,GM,060729,03,,,"6133176","LEVIN, SIMON A",Not Applicable,"PRINCETON UNIVERSITY", ,2002,183622,
"POPULATION BIOLOGY AND EVOLUTION OF INFLUENZA A","NIGMS","6343112",5R01GM060729-02,5,R01,GM,060729,02,,,"6133176","LEVIN, SIMON A",Not Applicable,"PRINCETON UNIVERSITY", ,2001,192803,
"POPULATION BIOLOGY AND EVOLUTION OF INFLUENZA A","NIGMS","6052765",1R01GM060729-01,1,R01,GM,060729,01,,,"6133176","LEVIN, SIMON A",Not Applicable,"PRINCETON UNIVERSITY", ,2000,171701,

