----------------------------------------------------------------------------------Search Criteria:  Search in: Projects 		AdminIC: All; Principal Investigator / Project Leader: BONNEAU; RICHARD A; Fiscal Year: 2016; 2015; 2014; 2013; 2012; 2011; 2010; 2009; 2008; 2007; 2006; 2005; 2004; 2003; 2002; 2001; 2000; 1999; 1998; 1997; 1996 ----------------------------------------------------------------------------------Project Title,Administering  IC,Application ID,Project Number,Type,Activity,IC,Serial Number,Support Year,Suffix,Subproject Number ,Contact PI  Person ID,Contact PI / Project Leader,Other PI or Project Leader(s),Organization Name,ARRA Indicator,FY,FY Total Cost ,FY Total Cost  (Sub Projects),
"HUMAN PROTEOME FOLDING PROJECT (HPF)","NCRR","8171349",5P41RR011823-15,5,P41,RR,011823,15,,7263,"8490352","BONNEAU, RICHARD A",Not Applicable,"UNIVERSITY OF WASHINGTON", ,2010,,56468
"HUMAN PROTEOME FOLDING PROJECT (HPF)","NCRR","7723735",5P41RR011823-13,5,P41,RR,011823,13,,5953,"8490352","BONNEAU, RICHARD A",Not Applicable,"UNIVERSITY OF WASHINGTON", ,2008,,9265
"HUMAN PROTEOME FOLDING PROJECT (HPF)","NCRR","7602084",5P41RR011823-12,5,P41,RR,011823,12,,8129,"8490352","BONNEAU, RICHARD A",Not Applicable,"UNIVERSITY OF WASHINGTON", ,2007,,63469
"Elucidation of the transcriptional network underlying the Th17 lineage program","NIAID","8676593",3RC4AI092765-01S1,3,RC4,AI,092765,01,S1,,"1872627","LITTMAN, DAN  ","BONNEAU, RICHARD A","NEW YORK UNIVERSITY SCHOOL OF MEDICINE", ,2013,107541,
"Elucidation of the transcriptional network underlying the Th17 lineage program.","NIAID","8047317",1RC4AI092765-01,1,RC4,AI,092765,01,,,"1872627","LITTMAN, DAN  ","BONNEAU, RICHARD A","NEW YORK UNIVERSITY SCHOOL OF MEDICINE",YES,2010,4731086,
"A network model of the gut host-microbe ecosystem in Inflammatory Bowel Disease","NIDDK","9087224",5R01DK103358-03,5,R01,DK,103358,03,,,"1872627","LITTMAN, DAN  ","BONNEAU, RICHARD A","NEW YORK UNIVERSITY SCHOOL OF MEDICINE", ,2016,636092,
"A network model of the gut host-microbe ecosystem in Inflammatory Bowel Disease","NIDDK","8915168",5R01DK103358-02,5,R01,DK,103358,02,,,"1872627","LITTMAN, DAN  ","BONNEAU, RICHARD A","NEW YORK UNIVERSITY SCHOOL OF MEDICINE", ,2015,631837,
"A network model of the gut host-microbe ecosystem in Inflammatory Bowel Disease","NIDDK","8767160",1R01DK103358-01,1,R01,DK,103358,01,,,"1872627","LITTMAN, DAN  ","BONNEAU, RICHARD A","NEW YORK UNIVERSITY SCHOOL OF MEDICINE", ,2014,631590,

