----------------------------------------------------------------------------------Search Criteria:  Search in: Projects 		AdminIC: All; Principal Investigator / Project Leader: MAYFIELD; STEPHEN P; Fiscal Year: 2016; 2015; 2014; 2013; 2012; 2011; 2010; 2009; 2008; 2007; 2006; 2005; 2004; 2003; 2002; 2001; 2000; 1999; 1998; 1997; 1996 ----------------------------------------------------------------------------------Project Title,Administering  IC,Application ID,Project Number,Type,Activity,IC,Serial Number,Support Year,Suffix,Subproject Number ,Contact PI  Person ID,Contact PI / Project Leader,Other PI or Project Leader(s),Organization Name,ARRA Indicator,FY,FY Total Cost ,FY Total Cost  (Sub Projects),
"Production of Antibodies in Algae for Biodefense","NIAID","7319648",5R01AI059614-04,5,R01,AI,059614,04,,,"1922359","MAYFIELD, STEPHEN P",Not Applicable,"SCRIPPS RESEARCH INSTITUTE", ,2008,396601,
"Production of Antibodies in Algae for Biodefense","NIAID","7152530",5R01AI059614-03,5,R01,AI,059614,03,,,"1922359","MAYFIELD, STEPHEN P",Not Applicable,"SCRIPPS RESEARCH INSTITUTE", ,2007,396601,
"Production of Antibodies in Algae for Biodefense","NIAID","6984841",5R01AI059614-02,5,R01,AI,059614,02,,,"1922359","MAYFIELD, STEPHEN P",Not Applicable,"SCRIPPS RESEARCH INSTITUTE", ,2006,408446,
"Production of Antibodies in Algae for Biodefense","NIAID","6873852",1R01AI059614-01A1,1,R01,AI,059614,01,A1,,"1922359","MAYFIELD, STEPHEN P",Not Applicable,"SCRIPPS RESEARCH INSTITUTE", ,2005,418275,
"Protein/RNA Interactions in Translational Regulation","NIGMS","6819998",5R01GM054659-08,5,R01,GM,054659,08,,,"1922359","MAYFIELD, STEPHEN P",Not Applicable,"SCRIPPS RESEARCH INSTITUTE", ,2005,333360,
"Protein/RNA Interactions in Translational Regulation","NIGMS","6680909",5R01GM054659-07,5,R01,GM,054659,07,,,"1922359","MAYFIELD, STEPHEN P",Not Applicable,"SCRIPPS RESEARCH INSTITUTE", ,2004,333360,
"Protein/RNA Interactions in Translational Regulation","NIGMS","6620126",5R01GM054659-06,5,R01,GM,054659,06,,,"1922359","MAYFIELD, STEPHEN P",Not Applicable,"SCRIPPS RESEARCH INSTITUTE", ,2003,333360,
"Protein/RNA Interactions in Translational Regulation","NIGMS","6370525",2R01GM054659-05A1,2,R01,GM,054659,05,A1,,"1922359","MAYFIELD, STEPHEN P",Not Applicable,"SCRIPPS RESEARCH INSTITUTE", ,2002,333360,
"PROTEIN/RNA INTERACTIONS IN TRANSLATIONAL REGULATION","NIGMS","6413342",3R01GM054659-04S1,3,R01,GM,054659,04,S1,,"1922359","MAYFIELD, STEPHEN P",Not Applicable,"SCRIPPS RESEARCH INSTITUTE", ,2001,91196,
"PROTEIN/RNA INTERACTIONS IN TRANSLATIONAL REGULATION","NIGMS","6181044",5R01GM054659-04,5,R01,GM,054659,04,,,"1922359","MAYFIELD, STEPHEN P",Not Applicable,"SCRIPPS RESEARCH INSTITUTE", ,2000,273539,
"PROTEIN/RNA INTERACTIONS IN TRANSLATIONAL REGULATION","NIGMS","2910266",5R01GM054659-03,5,R01,GM,054659,03,,,"1922359","MAYFIELD, STEPHEN P",Not Applicable,"SCRIPPS RESEARCH INSTITUTE", ,1999,265774,
"PROTEIN/RNA INTERACTIONS IN TRANSLATIONAL REGULATION","NIGMS","2701776",5R01GM054659-02,5,R01,GM,054659,02,,,"1922359","MAYFIELD, STEPHEN P",Not Applicable,"SCRIPPS RESEARCH INSTITUTE", ,1998,258235,
"PROTEIN/RNA INTERACTIONS IN TRANSLATIONAL REGULATION","NIGMS","2023485",1R01GM054659-01A1,1,R01,GM,054659,01,A1,,"1922359","MAYFIELD, STEPHEN P",Not Applicable,"SCRIPPS RESEARCH INSTITUTE", ,1997,262417,
"PROTEOMIC CHARACTERIZATION OF CHLAMYDOMONAS REINHARDTII","NCRR","6979579",5P41RR011823-09,5,P41,RR,011823,09,,0133,"1922359","MAYFIELD, STEPHEN P",Not Applicable,"UNIVERSITY OF WASHINGTON", ,2004,,3615
"STRUCTURAL CHARACTERIZATION OF A CHLOROPLAST RIBOSOME","NCRR","7602739",2P41RR017573-06,2,P41,RR,017573,06,,8783,"1922359","MAYFIELD, STEPHEN P",Not Applicable,"SCRIPPS RESEARCH INSTITUTE", ,2007,,17890
"STRUCTURAL CHARACTERIZATION OF A CHLOROPLAST RIBOSOME","NCRR","7369617",5P41RR017573-05,5,P41,RR,017573,05,,7494,"1922359","MAYFIELD, STEPHEN P",Not Applicable,"SCRIPPS RESEARCH INSTITUTE", ,2006,,12594
"STRUCTURAL CHARACTERIZATION OF A CHLOROPLAST RIBOSOME","NCRR","7183099",5P41RR017573-04,5,P41,RR,017573,04,,6003,"1922359","MAYFIELD, STEPHEN P",Not Applicable,"SCRIPPS RESEARCH INSTITUTE", ,2005,,13054

