----------------------------------------------------------------------------------Search Criteria:  Search in: Projects 		AdminIC: All; Principal Investigator / Project Leader: PHELPS; STEVEN M; Fiscal Year: 2016; 2015; 2014; 2013; 2012; 2011; 2010; 2009; 2008; 2007; 2006; 2005; 2004; 2003; 2002; 2001; 2000; 1999; 1998; 1997; 1996 ----------------------------------------------------------------------------------Project Title,Administering  IC,Application ID,Project Number,Type,Activity,IC,Serial Number,Support Year,Suffix,Subproject Number ,Contact PI  Person ID,Contact PI / Project Leader,Other PI or Project Leader(s),Organization Name,ARRA Indicator,FY,FY Total Cost ,FY Total Cost  (Sub Projects),
"An animal model of parental care: Manipulating social environments with V1aR-RNAi","NICHD","7924728",5R21HD059092-02,5,R21,HD,059092,02,,,"1876356","PHELPS, STEVEN M",Not Applicable,"UNIVERSITY OF FLORIDA",YES,2010,182210,
"An animal model of parental care: Manipulating social environments with V1aR-RNAi","NICHD","7658533",1R21HD059092-01A1,1,R21,HD,059092,01,A1,,"1876356","PHELPS, STEVEN M",Not Applicable,"UNIVERSITY OF FLORIDA",YES,2009,201004,
"AGGRESSIVE BEHAVIOR AND ANDROGEN SURGES","NIMH","2519691",5F31MH011194-03,5,F31,MH,011194,03,,,"1876356","PHELPS, STEVEN M",Not Applicable,"UNIVERSITY OF TEXAS AUSTIN", ,1997,14496,
"AGGRESSIVE BEHAVIOR AND ANDROGEN SURGES","NIMH","2242739",5F31MH011194-02,5,F31,MH,011194,02,,,"1876356","PHELPS, STEVEN M",Not Applicable,"UNIVERSITY OF TEXAS AUSTIN", ,1996,13008,

