----------------------------------------------------------------------------------Search Criteria:  Search in: Projects 		AdminIC: All; Principal Investigator / Project Leader: HYMAN; STEVEN E; Fiscal Year: 2016; 2015; 2014; 2013; 2012; 2011; 2010; 2009; 2008; 2007; 2006; 2005; 2004; 2003; 2002; 2001; 2000; 1999; 1998; 1997; 1996 ----------------------------------------------------------------------------------Project Title,Administering  IC,Application ID,Project Number,Type,Activity,IC,Serial Number,Support Year,Suffix,Subproject Number ,Contact PI  Person ID,Contact PI / Project Leader,Other PI or Project Leader(s),Organization Name,ARRA Indicator,FY,FY Total Cost ,FY Total Cost  (Sub Projects),
"MOLECULAR AND CELLULAR APPROACHES TO SUBSTANCE ABUSE","NIDA","2119687",5T32DA007282-04,5,T32,DA,007282,04,,,"2403126","HYMAN, STEVEN E",Not Applicable,"HARVARD UNIVERSITY (MEDICAL SCHOOL)", ,1996,135122,
"FUNCTIONAL MAGNETIC RESONANCE IMAGING","NIDA","6104128",5P01DA009467-05,5,P01,DA,009467,05,,0003,"2403126","HYMAN, STEVEN E",Not Applicable,"MASSACHUSETTS GENERAL HOSPITAL", ,1998,,184831
"FUNCTIONAL MAGNETIC RESONANCE IMAGING","NIDA","6238024",3P01DA009467-04,3,P01,DA,009467,04,,0003,"2403126","HYMAN, STEVEN E",Not Applicable,"MASSACHUSETTS GENERAL HOSPITAL", ,1997,,177121
"FUNCTIONAL MAGNETIC RESONANCE IMAGING","NIDA","5209760",5P01DA009467-03,5,P01,DA,009467,03,,0003,"2403126","HYMAN, STEVEN E",Not Applicable,"", ,1996,,,,,
"CYTOKINE REGULATION OF PROENKEPHALIN GENE EXPRESSION","NIDA","6201626",5P01DA010160-05,5,P01,DA,010160,05,,0002,"2403126","HYMAN, STEVEN E",Not Applicable,"YALE UNIVERSITY", ,1999,,265922
"CYTOKINE REGULATION OF PROENKEPHALIN GENE EXPRESSION","NIDA","6104151",7P01DA010160-04,7,P01,DA,010160,04,,0002,"2403126","HYMAN, STEVEN E",Not Applicable,"YALE UNIVERSITY", ,1998,,265922
"CYTOKINE REGULATION OF PROENKEPHALIN GENE EXPRESSION","NIDA","6238047",1P01DA010160-03,1,P01,DA,010160,03,,0002,"2403126","HYMAN, STEVEN E",Not Applicable,"HARVARD UNIVERSITY (MEDICAL SCHOOL)", ,1997,,260662
"CYTOKINE REGULATION OF PROENKEPHALIN GENE EXPRESSION","NIDA","5209783",5P01DA010160-02,5,P01,DA,010160,02,,0002,"2403126","HYMAN, STEVEN E",Not Applicable,"", ,1996,,,,,
"REGULATION OF STRIATAL GENE EXPRESSION BY DOPAMINE AND GLUTAMATE","NINDS","6290675",1Z01NS002966-02,1,Z01,NS,002966,02,,,"2403126","HYMAN, STEVEN E",Not Applicable,"", ,1999,,,,,
"REGULATION OF STRIATAL GENE EXPRESSION BY DOPAMINE AND GLUTAMATE","NINDS","6111974",1Z01NS002966-01,1,Z01,NS,002966,01,,,"2403126","HYMAN, STEVEN E",Not Applicable,"", ,1998,,,,,
"FUNCTIONAL MAPPING OF COCAINE CRAVING; ACTIVATION AND WITHDRAWAL","NCRR","6250184",5M01RR001066-20,5,M01,RR,001066,20,,0218,"2403126","HYMAN, STEVEN E",Not Applicable,"MASSACHUSETTS GENERAL HOSPITAL", ,1997,,22420
"FUNCTIONAL MAPPING OF COCAINE CRAVING; ACTIVATION AND WITHDRAWAL","NCRR","5222288",5M01RR001066-19,5,M01,RR,001066,19,,0218,"2403126","HYMAN, STEVEN E",Not Applicable,"", ,1996,,,,,
"Enhancement of Human Subject Protection Training","NCRR","6780071",2S07RR018170-02,2,S07,RR,018170,02,,,"2403126","HYMAN, STEVEN E",Not Applicable,"HARVARD UNIVERSITY (MEDICAL SCHOOL)", ,2003,250000,
"HIRBERT: Harvard IRB Electronic Reporting Tool","NCRR","6591387",1S07RR018170-01,1,S07,RR,018170,01,,,"2403126","HYMAN, STEVEN E",Not Applicable,"HARVARD UNIVERSITY (MEDICAL SCHOOL)", ,2002,250000,
"Regulation Of Striatal Gene Expression By Dopamine And G","NINDS","6671397",1Z01NS002966-05,1,Z01,NS,002966,05,,,"2403126","HYMAN, STEVEN E.",Not Applicable,"", ,2002,,,,,
"Regulation Of Striatal Gene Expression By Dopamine And G","NINDS","6548726",1Z01NS002966-04,1,Z01,NS,002966,04,,,"2403126","HYMAN, STEVEN E.",Not Applicable,"", ,2001,,,,,
"REGULATION OF STRIATAL GENE EXPRESSION BY DOPAMINE AND GLUTAMATE","NINDS","6432935",1Z01NS002966-03,1,Z01,NS,002966,03,,,"2403126","HYMAN, STEVEN E.",Not Applicable,"", ,2000,,,,,

