----------------------------------------------------------------------------------Search Criteria:  Search in: Projects 		AdminIC: All; Principal Investigator / Project Leader: ANAND; SUDARSHAN; Fiscal Year: 2016; 2015; 2014; 2013; 2012; 2011; 2010; 2009; 2008; 2007; 2006; 2005; 2004; 2003; 2002; 2001; 2000; 1999; 1998; 1997; 1996 ----------------------------------------------------------------------------------Project Title,Administering  IC,Application ID,Project Number,Type,Activity,IC,Serial Number,Support Year,Suffix,Subproject Number ,Contact PI  Person ID,Contact PI / Project Leader,Other PI or Project Leader(s),Organization Name,ARRA Indicator,FY,FY Total Cost ,FY Total Cost  (Sub Projects),
"MicroRNA Regulation Of Cell Survival In Angiogenesis & Vessel Maturation","NHLBI","9047313",5R00HL112962-05,5,R00,HL,112962,05,,,"10267748","ANAND, SUDARSHAN ",Not Applicable,"OREGON HEALTH & SCIENCE UNIVERSITY", ,2016,238996,
"MicroRNA Regulation Of Cell Survival In Angiogenesis & Vessel Maturation","NHLBI","8843530",5R00HL112962-04,5,R00,HL,112962,04,,,"10267748","ANAND, SUDARSHAN ",Not Applicable,"OREGON HEALTH & SCIENCE UNIVERSITY", ,2015,244862,
"MicroRNA Regulation Of Cell Survival In Angiogenesis & Vessel Maturation","NHLBI","8828397",4R00HL112962-03,4,R00,HL,112962,03,,,"10267748","ANAND, SUDARSHAN ",Not Applicable,"OREGON HEALTH & SCIENCE UNIVERSITY", ,2014,249000,
"MicroRNA Regulation Of Cell Survival In Angiogenesis & Vessel Maturation","NHLBI","8472527",5K99HL112962-02,5,K99,HL,112962,02,,,"10267748","ANAND, SUDARSHAN ",Not Applicable,"UNIVERSITY OF CALIFORNIA, SAN DIEGO", ,2013,97871,
"MicroRNA regulation of cell survival in angiogenesis and vessel maturation","NHLBI","8279906",1K99HL112962-01,1,K99,HL,112962,01,,,"10267748","ANAND, SUDARSHAN ",Not Applicable,"UNIVERSITY OF CALIFORNIA, SAN DIEGO", ,2012,97871,

