----------------------------------------------------------------------------------Search Criteria:  Search in: Projects 		AdminIC: All; Principal Investigator / Project Leader: GIBSON; SUSAN; Fiscal Year: 2016; 2015; 2014; 2013; 2012; 2011; 2010; 2009; 2008; 2007; 2006; 2005; 2004; 2003; 2002; 2001; 2000; 1999; 1998; 1997; 1996 ----------------------------------------------------------------------------------Project Title,Administering  IC,Application ID,Project Number,Type,Activity,IC,Serial Number,Support Year,Suffix,Subproject Number ,Contact PI  Person ID,Contact PI / Project Leader,Other PI or Project Leader(s),Organization Name,ARRA Indicator,FY,FY Total Cost ,FY Total Cost  (Sub Projects),
"MORPHOLOGICAL STUDIES OF SQUIRREL MONKEY PLACENTA","NCRR","6575188",5P40RR001254-22,5,P40,RR,001254,22,,0005,"6244033","GIBSON, SUSAN V",Not Applicable,"UNIVERSITY OF SOUTH ALABAMA", ,2002,,248088
"RISK FACTORS ASSOC W/ PREGNANCY RELATED MORTALITY & MORBIDITY IN SQUIRREL MONKEY","NCRR","6575189",5P40RR001254-22,5,P40,RR,001254,22,,0006,"6244033","GIBSON, SUSAN V",Not Applicable,"UNIVERSITY OF SOUTH ALABAMA", ,2002,,248088
"SQUIRREL MONKEY AS MODEL OF PELVIC RELAXATION--AGING","NCRR","6575190",5P40RR001254-22,5,P40,RR,001254,22,,0007,"6244033","GIBSON, SUSAN V",Not Applicable,"UNIVERSITY OF SOUTH ALABAMA", ,2002,,248088
"EFFECT OF WEIGHT; BODY SIZE & PELVIMETRY ON REPRODUCTIVE OUTCOME","NCRR","6575191",5P40RR001254-22,5,P40,RR,001254,22,,0008,"6244033","GIBSON, SUSAN V",Not Applicable,"UNIVERSITY OF SOUTH ALABAMA", ,2002,,248088
"MORPHOLOGICAL STUDIES OF SQUIRREL MONKEY PLACENTA","NCRR","6574798",3P40RR001254-21S2,3,P40,RR,001254,21,S2,0005,"6244033","GIBSON, SUSAN V",Not Applicable,"UNIVERSITY OF SOUTH ALABAMA", ,2002,,248088
"RISK FACTORS ASSOC W/ PREGNANCY RELATED MORTALITY & MORBIDITY IN SQUIRREL MONKEY","NCRR","6574799",3P40RR001254-21S2,3,P40,RR,001254,21,S2,0006,"6244033","GIBSON, SUSAN V",Not Applicable,"UNIVERSITY OF SOUTH ALABAMA", ,2002,,248088
"SQUIRREL MONKEY AS MODEL OF PELVIC RELAXATION--AGING","NCRR","6574800",3P40RR001254-21S2,3,P40,RR,001254,21,S2,0007,"6244033","GIBSON, SUSAN V",Not Applicable,"UNIVERSITY OF SOUTH ALABAMA", ,2002,,248088
"EFFECT OF WEIGHT; BODY SIZE & PELVIMETRY ON REPRODUCTIVE OUTCOME","NCRR","6574801",3P40RR001254-21S2,3,P40,RR,001254,21,S2,0008,"6244033","GIBSON, SUSAN V",Not Applicable,"UNIVERSITY OF SOUTH ALABAMA", ,2002,,248088
"MORPHOLOGICAL STUDIES OF SQUIRREL MONKEY PLACENTA","NCRR","6492364",3P40RR001254-21S1,3,P40,RR,001254,21,S1,0005,"6244033","GIBSON, SUSAN V",Not Applicable,"UNIVERSITY OF SOUTH ALABAMA", ,2001,,248088
"RISK FACTORS ASSOC W/ PREGNANCY RELATED MORTALITY & MORBIDITY IN SQUIRREL MONKEY","NCRR","6492365",3P40RR001254-21S1,3,P40,RR,001254,21,S1,0006,"6244033","GIBSON, SUSAN V",Not Applicable,"UNIVERSITY OF SOUTH ALABAMA", ,2001,,248088
"SQUIRREL MONKEY AS MODEL OF PELVIC RELAXATION--AGING","NCRR","6492366",3P40RR001254-21S1,3,P40,RR,001254,21,S1,0007,"6244033","GIBSON, SUSAN V",Not Applicable,"UNIVERSITY OF SOUTH ALABAMA", ,2001,,248088
"EFFECT OF WEIGHT; BODY SIZE & PELVIMETRY ON REPRODUCTIVE OUTCOME","NCRR","6492367",3P40RR001254-21S1,3,P40,RR,001254,21,S1,0008,"6244033","GIBSON, SUSAN V",Not Applicable,"UNIVERSITY OF SOUTH ALABAMA", ,2001,,248088
"MORPHOLOGICAL STUDIES OF SQUIRREL MONKEY PLACENTA","NCRR","6445682",5P40RR001254-21,5,P40,RR,001254,21,,0005,"6244033","GIBSON, SUSAN V",Not Applicable,"UNIVERSITY OF SOUTH ALABAMA", ,2001,,16431
"RISK FACTORS ASSOC W/ PREGNANCY RELATED MORTALITY & MORBIDITY IN SQUIRREL MONKEY","NCRR","6445683",5P40RR001254-21,5,P40,RR,001254,21,,0006,"6244033","GIBSON, SUSAN V",Not Applicable,"UNIVERSITY OF SOUTH ALABAMA", ,2001,,16431
"SQUIRREL MONKEY AS MODEL OF PELVIC RELAXATION--AGING","NCRR","6445684",5P40RR001254-21,5,P40,RR,001254,21,,0007,"6244033","GIBSON, SUSAN V",Not Applicable,"UNIVERSITY OF SOUTH ALABAMA", ,2001,,16431
"EFFECT OF WEIGHT; BODY SIZE & PELVIMETRY ON REPRODUCTIVE OUTCOME","NCRR","6445685",5P40RR001254-21,5,P40,RR,001254,21,,0008,"6244033","GIBSON, SUSAN V",Not Applicable,"UNIVERSITY OF SOUTH ALABAMA", ,2001,,16431
"MORPHOLOGICAL STUDIES OF SQUIRREL MONKEY PLACENTA","NCRR","6349292",3P40RR001254-20S1,3,P40,RR,001254,20,S1,0005,"6244033","GIBSON, SUSAN V",Not Applicable,"UNIVERSITY OF SOUTH ALABAMA", ,2000,,16431
"RISK FACTORS ASSOC W/ PREGNANCY RELATED MORTALITY & MORBIDITY IN SQUIRREL MONKEY","NCRR","6349293",3P40RR001254-20S1,3,P40,RR,001254,20,S1,0006,"6244033","GIBSON, SUSAN V",Not Applicable,"UNIVERSITY OF SOUTH ALABAMA", ,2000,,16431
"SQUIRREL MONKEY AS MODEL OF PELVIC RELAXATION--AGING","NCRR","6349294",3P40RR001254-20S1,3,P40,RR,001254,20,S1,0007,"6244033","GIBSON, SUSAN V",Not Applicable,"UNIVERSITY OF SOUTH ALABAMA", ,2000,,16431
"EFFECT OF WEIGHT; BODY SIZE & PELVIMETRY ON REPRODUCTIVE OUTCOME","NCRR","6349295",3P40RR001254-20S1,3,P40,RR,001254,20,S1,0008,"6244033","GIBSON, SUSAN V",Not Applicable,"UNIVERSITY OF SOUTH ALABAMA", ,2000,,16431
"MORPHOLOGICAL STUDIES OF SQUIRREL MONKEY PLACENTA","NCRR","6308569",5P40RR001254-20,5,P40,RR,001254,20,,0005,"6244033","GIBSON, SUSAN V",Not Applicable,"UNIVERSITY OF SOUTH ALABAMA", ,2000,,23494
"RISK FACTORS ASSOC W/ PREGNANCY RELATED MORTALITY & MORBIDITY IN SQUIRREL MONKEY","NCRR","6308570",5P40RR001254-20,5,P40,RR,001254,20,,0006,"6244033","GIBSON, SUSAN V",Not Applicable,"UNIVERSITY OF SOUTH ALABAMA", ,2000,,23494
"SQUIRREL MONKEY AS MODEL OF PELVIC RELAXATION--AGING","NCRR","6308571",5P40RR001254-20,5,P40,RR,001254,20,,0007,"6244033","GIBSON, SUSAN V",Not Applicable,"UNIVERSITY OF SOUTH ALABAMA", ,2000,,23494
"EFFECT OF WEIGHT; BODY SIZE & PELVIMETRY ON REPRODUCTIVE OUTCOME","NCRR","6308572",5P40RR001254-20,5,P40,RR,001254,20,,0008,"6244033","GIBSON, SUSAN V",Not Applicable,"UNIVERSITY OF SOUTH ALABAMA", ,2000,,23494
"MORPHOLOGICAL STUDIES OF SQUIRREL MONKEY PLACENTA","NCRR","6280771",5P40RR001254-18,5,P40,RR,001254,18,,0005,"6244033","GIBSON, SUSAN V",Not Applicable,"UNIVERSITY OF SOUTH ALABAMA", ,1998,,51276
"RISK FACTORS ASSOC W/ PREGNANCY RELATED MORTALITY & MORBIDITY IN SQUIRREL MONKEY","NCRR","6280772",5P40RR001254-18,5,P40,RR,001254,18,,0006,"6244033","GIBSON, SUSAN V",Not Applicable,"UNIVERSITY OF SOUTH ALABAMA", ,1998,,51276
"SQUIRREL MONKEY AS MODEL OF PELVIC RELAXATION--AGING","NCRR","6280773",5P40RR001254-18,5,P40,RR,001254,18,,0007,"6244033","GIBSON, SUSAN V",Not Applicable,"UNIVERSITY OF SOUTH ALABAMA", ,1998,,51276
"EFFECT OF WEIGHT; BODY SIZE & PELVIMETRY ON REPRODUCTIVE OUTCOME","NCRR","6280774",5P40RR001254-18,5,P40,RR,001254,18,,0008,"6244033","GIBSON, SUSAN V",Not Applicable,"UNIVERSITY OF SOUTH ALABAMA", ,1998,,51276
"MORPHOLOGICAL STUDIES OF SQUIRREL MONKEY PLACENTA","NCRR","6251044",5P40RR001254-17,5,P40,RR,001254,17,,0005,"6244033","GIBSON, SUSAN V",Not Applicable,"UNIVERSITY OF SOUTH ALABAMA", ,1997,,45458
"RISK FACTORS ASSOC W/ PREGNANCY RELATED MORTALITY & MORBIDITY IN SQUIRREL MONKEY","NCRR","6251045",5P40RR001254-17,5,P40,RR,001254,17,,0006,"6244033","GIBSON, SUSAN V",Not Applicable,"UNIVERSITY OF SOUTH ALABAMA", ,1997,,45458
"SQUIRREL MONKEY AS MODEL OF PELVIC RELAXATION: AGING","NCRR","6251046",5P40RR001254-17,5,P40,RR,001254,17,,0007,"6244033","GIBSON, SUSAN V",Not Applicable,"UNIVERSITY OF SOUTH ALABAMA", ,1997,,45458
"EFFECT OF WEIGHT; BODY SIZE & PELVIMETRY ON REPRODUCTIVE OUTCOME","NCRR","6251047",5P40RR001254-17,5,P40,RR,001254,17,,0008,"6244033","GIBSON, SUSAN V",Not Applicable,"UNIVERSITY OF SOUTH ALABAMA", ,1997,,45458
"CORE--CLINICAL STUDIES OF REPRODUCTION","NCRR","6251052",5P40RR001254-17,5,P40,RR,001254,17,,9002,"6244033","GIBSON, SUSAN V",Not Applicable,"UNIVERSITY OF SOUTH ALABAMA", ,1997,,45458
"CORE--CLINICAL STUDIES OF REPRODUCTION","NCRR","5223054",5P40RR001254-16,5,P40,RR,001254,16,,9002,"6244033","GIBSON, SUSAN V",Not Applicable,"", ,1996,,,,,

