----------------------------------------------------------------------------------Search Criteria:  Search in: Projects 		AdminIC: All; Principal Investigator / Project Leader: INOUE; TAKANARI; Fiscal Year: 2016; 2015; 2014; 2013; 2012; 2011; 2010; 2009; 2008; 2007; 2006; 2005; 2004; 2003; 2002; 2001; 2000; 1999; 1998; 1997; 1996 ----------------------------------------------------------------------------------Project Title,Administering  IC,Application ID,Project Number,Type,Activity,IC,Serial Number,Support Year,Suffix,Subproject Number ,Contact PI  Person ID,Contact PI / Project Leader,Other PI or Project Leader(s),Organization Name,ARRA Indicator,FY,FY Total Cost ,FY Total Cost  (Sub Projects),
"Flow sensation by kidney cells","NIDDK","9043873",5R01DK102910-03,5,R01,DK,102910,03,,,"8775379","INOUE, TAKANARI ",Not Applicable,"JOHNS HOPKINS UNIVERSITY", ,2016,380447,
"Flow sensation by kidney cells","NIDDK","8912468",5R01DK102910-02,5,R01,DK,102910,02,,,"8775379","INOUE, TAKANARI ",Not Applicable,"JOHNS HOPKINS UNIVERSITY", ,2015,386807,
"Flow sensation by kidney cells","NIDDK","8763980",1R01DK102910-01,1,R01,DK,102910,01,,,"8775379","INOUE, TAKANARI ",Not Applicable,"JOHNS HOPKINS UNIVERSITY", ,2014,430683,
"Feedback and Crosstalk in Eukaryotic Chemotaxis","NIGMS","9145452",3R01GM092930-05S2,3,R01,GM,092930,05,S2,,"8775379","INOUE, TAKANARI ",Not Applicable,"JOHNS HOPKINS UNIVERSITY", ,2015,21097,
"Feedback and Crosstalk in Eukaryotic Chemotaxis- Administrative Supplement","NIGMS","8703909",3R01GM092930-05S1,3,R01,GM,092930,05,S1,,"8775379","INOUE, TAKANARI ",Not Applicable,"JOHNS HOPKINS UNIVERSITY", ,2014,39200,
"Feedback and Crosstalk in Eukaryotic Chemotaxis","NIGMS","8667468",5R01GM092930-05,5,R01,GM,092930,05,,,"8775379","INOUE, TAKANARI ",Not Applicable,"JOHNS HOPKINS UNIVERSITY", ,2014,308484,
"Feedback and Crosstalk in Eukaryotic Chemotaxis","NIGMS","8477210",5R01GM092930-04,5,R01,GM,092930,04,,,"8775379","INOUE, TAKANARI ",Not Applicable,"JOHNS HOPKINS UNIVERSITY", ,2013,297688,
"Feedback and Crosstalk in Eukaryotic Chemotaxis","NIGMS","8282785",5R01GM092930-03,5,R01,GM,092930,03,,,"8775379","INOUE, TAKANARI ",Not Applicable,"JOHNS HOPKINS UNIVERSITY", ,2012,308484,
"Feedback and Crosstalk in Eukaryotic Chemotaxis","NIGMS","8109302",5R01GM092930-02,5,R01,GM,092930,02,,,"8775379","INOUE, TAKANARI ",Not Applicable,"JOHNS HOPKINS UNIVERSITY", ,2011,308484,
"Feedback and Crosstalk in Eukaryotic Chemotaxis","NIGMS","7861444",1R01GM092930-01,1,R01,GM,092930,01,,,"8775379","INOUE, TAKANARI ",Not Applicable,"JOHNS HOPKINS UNIVERSITY", ,2010,311600,

