----------------------------------------------------------------------------------Search Criteria:  Search in: Projects 		AdminIC: All; Principal Investigator / Project Leader: RANDOLPH; THEODORE W; Fiscal Year: 2016; 2015; 2014; 2013; 2012; 2011; 2010; 2009; 2008; 2007; 2006; 2005; 2004; 2003; 2002; 2001; 2000; 1999; 1998; 1997; 1996 ----------------------------------------------------------------------------------Project Title,Administering  IC,Application ID,Project Number,Type,Activity,IC,Serial Number,Support Year,Suffix,Subproject Number ,Contact PI  Person ID,Contact PI / Project Leader,Other PI or Project Leader(s),Organization Name,ARRA Indicator,FY,FY Total Cost ,FY Total Cost  (Sub Projects),
"Biotechnology Research Partnerships Renewal:  Aggregation of Therapeutic Proteins","NIBIB","9005860",4R01EB006006-09,4,R01,EB,006006,09,,,"2494681","RANDOLPH, THEODORE W",Not Applicable,"UNIVERSITY OF COLORADO", ,2016,843392,
"Biotechnology Research Partnerships Renewal:  Aggregation of Therapeutic Proteins","NIBIB","8820267",5R01EB006006-08,5,R01,EB,006006,08,,,"2494681","RANDOLPH, THEODORE W",Not Applicable,"UNIVERSITY OF COLORADO", ,2015,834791,
"Biotechnology Research Partnerships Renewal:  Aggregation of Therapeutic Proteins","NIBIB","8616755",5R01EB006006-07,5,R01,EB,006006,07,,,"2494681","RANDOLPH, THEODORE W",Not Applicable,"UNIVERSITY OF COLORADO", ,2014,826561,
"Biotechnology Research Partnerships Renewal:  Aggregation of Therapeutic Proteins","NIBIB","8439790",2R01EB006006-06,2,R01,EB,006006,06,,,"2494681","RANDOLPH, THEODORE W",Not Applicable,"UNIVERSITY OF COLORADO", ,2013,899050,
"Aggregation of Protein Therapeutics: Mechanisms; Stability; and Interdiction","NIBIB","7922043",5R01EB006006-05,5,R01,EB,006006,05,,,"2494681","RANDOLPH, THEODORE W",Not Applicable,"UNIVERSITY OF COLORADO", ,2010,573791,
"Aggregation of Protein Therapeutics: Mechanisms; Stability; and Interdiction","NIBIB","7678907",5R01EB006006-04,5,R01,EB,006006,04,,,"2494681","RANDOLPH, THEODORE W",Not Applicable,"UNIVERSITY OF COLORADO", ,2009,563593,
"Aggregation of Protein Therapeutics: Mechanisms; Stability; and Interdiction","NIBIB","7881116",3R01EB006006-03S1,3,R01,EB,006006,03,S1,,"2494681","RANDOLPH, THEODORE W",Not Applicable,"UNIVERSITY OF COLORADO",YES,2009,126713,
"Aggregation of Protein Therapeutics: Mechanisms; Stability; and Interdiction","NIBIB","7484079",5R01EB006006-03,5,R01,EB,006006,03,,,"2494681","RANDOLPH, THEODORE W",Not Applicable,"UNIVERSITY OF COLORADO", ,2008,548076,
"Leadership Training in Pharmaceutical Biotechnology","NIGMS","8895342",5T32GM008732-15,5,T32,GM,008732,15,,,"2494681","RANDOLPH, THEODORE W",Not Applicable,"UNIVERSITY OF COLORADO", ,2015,72507,
"Leadership Training in Pharmaceutical Biotechnology","NIGMS","8692803",5T32GM008732-14,5,T32,GM,008732,14,,,"2494681","RANDOLPH, THEODORE W",Not Applicable,"UNIVERSITY OF COLORADO", ,2014,219846,
"Leadership Training in Pharmaceutical Biotechnology","NIGMS","8496803",5T32GM008732-13,5,T32,GM,008732,13,,,"2494681","RANDOLPH, THEODORE W",Not Applicable,"UNIVERSITY OF COLORADO", ,2013,216969,
"Leadership Training in Pharmaceutical Biotechnology","NIGMS","8288043",5T32GM008732-12,5,T32,GM,008732,12,,,"2494681","RANDOLPH, THEODORE W",Not Applicable,"UNIVERSITY OF COLORADO", ,2012,216969,
"Leadership Training in Pharmaceutical Biotechnology","NIGMS","8078208",2T32GM008732-11,2,T32,GM,008732,11,,,"2494681","RANDOLPH, THEODORE W",Not Applicable,"UNIVERSITY OF COLORADO", ,2011,214168,
"Leadership Training in Pharmaceutical Biotechnology","NIGMS","7871443",5T32GM008732-10,5,T32,GM,008732,10,,,"2494681","RANDOLPH, THEODORE W",Not Applicable,"UNIVERSITY OF COLORADO", ,2010,96736,
"Leadership Training in Pharmaceutical Biotechnology","NIGMS","7667822",5T32GM008732-09,5,T32,GM,008732,09,,,"2494681","RANDOLPH, THEODORE W",Not Applicable,"UNIVERSITY OF COLORADO", ,2009,222588,
"Leadership Training in Pharmaceutical Biotechnology","NIGMS","7475770",5T32GM008732-08,5,T32,GM,008732,08,,,"2494681","RANDOLPH, THEODORE W",Not Applicable,"UNIVERSITY OF COLORADO", ,2008,221267,
"Aggregation of Protein Therapeutics: Mechanisms; Stability; and Interdiction","NIBIB","7287793",5R01EB006006-02,5,R01,EB,006006,02,,,"2494681","RANDOLPH, THEODORE W.",Not Applicable,"UNIVERSITY OF COLORADO", ,2007,590706,
"Aggregation of Protein Therapeutics: Mechanisms; Stability; and Interdiction","NIBIB","7069903",1R01EB006006-01,1,R01,EB,006006,01,,,"2494681","RANDOLPH, THEODORE W.",Not Applicable,"UNIVERSITY OF COLORADO AT BOULDER", ,2006,572625,
"Leadership Training in Pharmaceutical Biotechnology","NIGMS","7271402",5T32GM008732-07,5,T32,GM,008732,07,,,"2494681","RANDOLPH, THEODORE W.",Not Applicable,"UNIVERSITY OF COLORADO", ,2007,221266,
"Leadership Training in Pharmaceutical Biotechnology","NIGMS","7066460",2T32GM008732-06,2,T32,GM,008732,06,,,"2494681","RANDOLPH, THEODORE W.",Not Applicable,"UNIVERSITY OF COLORADO AT BOULDER", ,2006,75061,
"LEADERSHIP TRAINING IN PHARMACEUTICAL BIOTECHNOLOGY","NIGMS","6901083",5T32GM008732-05,5,T32,GM,008732,05,,,"2494681","RANDOLPH, THEODORE W.",Not Applicable,"UNIVERSITY OF COLORADO AT BOULDER", ,2005,201647,
"LEADERSHIP TRAINING IN PHARMACEUTICAL BIOTECHNOLOGY","NIGMS","6753520",5T32GM008732-04,5,T32,GM,008732,04,,,"2494681","RANDOLPH, THEODORE W.",Not Applicable,"UNIVERSITY OF COLORADO AT BOULDER", ,2004,201647,
"LEADERSHIP TRAINING IN PHARMACEUTICAL BIOTECHNOLOGY","NIGMS","6605769",5T32GM008732-03,5,T32,GM,008732,03,,,"2494681","RANDOLPH, THEODORE W.",Not Applicable,"UNIVERSITY OF COLORADO AT BOULDER", ,2003,196437,
"LEADERSHIP TRAINING IN PHARMACEUTICAL BIOTECHNOLOGY","NIGMS","6498511",5T32GM008732-02,5,T32,GM,008732,02,,,"2494681","RANDOLPH, THEODORE W.",Not Applicable,"UNIVERSITY OF COLORADO AT BOULDER", ,2002,184695,
"LEADERSHIP TRAINING IN PHARMACEUTICAL BIOTECHNOLOGY","NIGMS","6215986",1T32GM008732-01A1,1,T32,GM,008732,01,A1,,"2494681","RANDOLPH, THEODORE W.",Not Applicable,"UNIVERSITY OF COLORADO AT BOULDER", ,2001,172668,

