----------------------------------------------------------------------------------Search Criteria:  Search in: Projects 		AdminIC: All; Principal Investigator / Project Leader: CASAVANT; THOMAS L; Fiscal Year: 2016; 2015; 2014; 2013; 2012; 2011; 2010; 2009; 2008; 2007; 2006; 2005; 2004; 2003; 2002; 2001; 2000; 1999; 1998; 1997; 1996 ----------------------------------------------------------------------------------Project Title,Administering  IC,Application ID,Project Number,Type,Activity,IC,Serial Number,Support Year,Suffix,Subproject Number ,Contact PI  Person ID,Contact PI / Project Leader,Other PI or Project Leader(s),Organization Name,ARRA Indicator,FY,FY Total Cost ,FY Total Cost  (Sub Projects),
"Quantitative Imaging to Assess Response in Cancer Therapy Trials","NCI","9150504",5U01CA140206-07,5,U01,CA,140206,07,,,"1968180","BUATTI, JOHN M. ","CASAVANT, THOMAS L.;GRAHAM, MICHAEL M.;SONKA, MILAN ","UNIVERSITY OF IOWA", ,2016,622467,
"Quantitative Imaging to Assess Response in Cancer Therapy Trials","NCI","8964178",2U01CA140206-06,2,U01,CA,140206,06,,,"1968180","BUATTI, JOHN M. ","CASAVANT, THOMAS L.;GRAHAM, MICHAEL M.;SONKA, MILAN ","UNIVERSITY OF IOWA", ,2015,617490,
"Quantitative Imaging to Assess Response in Cancer Therapy Trials","NCI","8636907",5U01CA140206-05,5,U01,CA,140206,05,,,"1968180","BUATTI, JOHN M. ","CASAVANT, THOMAS L.;GRAHAM, MICHAEL M.;SONKA, MILAN ","UNIVERSITY OF IOWA", ,2014,501587,
"Quantitative Imaging to Assess Response in Cancer Therapy Trials","NCI","8456899",5U01CA140206-04,5,U01,CA,140206,04,,,"1968180","BUATTI, JOHN M. ","CASAVANT, THOMAS L.;GRAHAM, MICHAEL M.;SONKA, MILAN ","UNIVERSITY OF IOWA", ,2013,499351,
"Quantitative Imaging to Assess Response in Cancer Therapy Trials","NCI","8244350",5U01CA140206-03,5,U01,CA,140206,03,,,"1968180","BUATTI, JOHN M. ","CASAVANT, THOMAS L.;GRAHAM, MICHAEL M.;SONKA, MILAN ","UNIVERSITY OF IOWA", ,2012,545255,
"Quantitative Imaging to Assess Response in Cancer Therapy Trials","NCI","8034225",5U01CA140206-02,5,U01,CA,140206,02,,,"1968180","BUATTI, JOHN M. ","CASAVANT, THOMAS L.;GRAHAM, MICHAEL M.;SONKA, MILAN ","UNIVERSITY OF IOWA", ,2011,560046,
"Quantitative Imaging to Assess Response in Cancer Therapy Trials","NCI","7891013",1U01CA140206-01A1,1,U01,CA,140206,01,A1,,"1968180","BUATTI, JOHN M. ","CASAVANT, THOMAS L.;GRAHAM, MICHAEL M.;SONKA, MILAN ","UNIVERSITY OF IOWA", ,2010,607188,
"Cluster A: 4 Bioinformatics","NCI","9072955",2P30CA086862-16,2,P30,CA,086862,16,,7660,"6096191","CASAVANT, THOMAS L.",Not Applicable,"UNIVERSITY OF IOWA", ,2016,,77902
"Bioinformatics Training in the Life Sciences and Biomedicine","NIGMS","8501534",5T32GM082729-05,5,T32,GM,082729,05,,,"6096191","CASAVANT, THOMAS L.",Not Applicable,"UNIVERSITY OF IOWA", ,2013,137448,
"Bioinformatics Training in the Life Sciences and Biomedicine","NIGMS","8289444",5T32GM082729-04,5,T32,GM,082729,04,,,"6096191","CASAVANT, THOMAS L.",Not Applicable,"UNIVERSITY OF IOWA", ,2012,137574,
"Bioinformatics Training in the Life Sciences and Biomedicine","NIGMS","8103863",5T32GM082729-03,5,T32,GM,082729,03,,,"6096191","CASAVANT, THOMAS L.",Not Applicable,"UNIVERSITY OF IOWA", ,2011,135706,
"Bioinformatics Training in the Life Sciences and Biomedicine","NIGMS","7879220",5T32GM082729-02,5,T32,GM,082729,02,,,"6096191","CASAVANT, THOMAS L.",Not Applicable,"UNIVERSITY OF IOWA", ,2010,66946,
"Bioinformatics Training in the Life Sciences and Biomedicine","NIGMS","7509213",1T32GM082729-01A1,1,T32,GM,082729,01,A1,,"6096191","CASAVANT, THOMAS L.",Not Applicable,"UNIVERSITY OF IOWA", ,2009,66505,
"NHLBI Shared Microarray Facilities","NHLBI","6931177",5R01HL072288-04,5,R01,HL,072288,04,,,"6096191","CASAVANT, THOMAS L.",Not Applicable,"UNIVERSITY OF IOWA", ,2005,733326,

