----------------------------------------------------------------------------------Search Criteria:  Search in: Projects 		AdminIC: All; Principal Investigator / Project Leader: RYAN; TIMOTHY A; Fiscal Year: 2016; 2015; 2014; 2013; 2012; 2011; 2010; 2009; 2008; 2007; 2006; 2005; 2004; 2003; 2002; 2001; 2000; 1999; 1998; 1997; 1996 ----------------------------------------------------------------------------------Project Title,Administering  IC,Application ID,Project Number,Type,Activity,IC,Serial Number,Support Year,Suffix,Subproject Number ,Contact PI  Person ID,Contact PI / Project Leader,Other PI or Project Leader(s),Organization Name,ARRA Indicator,FY,FY Total Cost ,FY Total Cost  (Sub Projects),
"THE PRESYNAPTIC VESICLE CYCLE FOR SLOW ACTING NEUROTRANSMITTER SECRETION","NIDA","8097372",5P01DA010154-15,5,P01,DA,010154,15,,0006,"2090870","RYAN, TIMOTHY AIDAN",Not Applicable,"UNIVERSITY OF CALIFORNIA, SAN FRANCISCO", ,2010,,145923
"The Presynaptic Vesicle Cycle for the Slow Acting Neurotransmitter Secretion","NIDA","8097376",5P01DA010154-15,5,P01,DA,010154,15,,0010,"2090870","RYAN, TIMOTHY AIDAN",Not Applicable,"UNIVERSITY OF CALIFORNIA, SAN FRANCISCO", ,2010,,135785
"THE PRESYNAPTIC VESICLE CYCLE FOR SLOW ACTING NEUROTRANSMITTER SECRETION","NIDA","7883612",5P01DA010154-14,5,P01,DA,010154,14,,0006,"2090870","RYAN, TIMOTHY AIDAN",Not Applicable,"UNIVERSITY OF CALIFORNIA, SAN FRANCISCO", ,2009,,144977
"The Presynaptic Vesicle Cycle for the Slow Acting Neurotransmitter Secretion","NIDA","7883616",5P01DA010154-14,5,P01,DA,010154,14,,0010,"2090870","RYAN, TIMOTHY AIDAN",Not Applicable,"UNIVERSITY OF CALIFORNIA, SAN FRANCISCO", ,2009,,142747
"THE PRESYNAPTIC VESICLE CYCLE FOR SLOW ACTING NEUROTRANSMITTER SECRETION","NIDA","7633286",5P01DA010154-13,5,P01,DA,010154,13,,0006,"2090870","RYAN, TIMOTHY AIDAN",Not Applicable,"UNIVERSITY OF CALIFORNIA, SAN FRANCISCO", ,2008,,155453
"The Presynaptic Vesicle Cycle for the Slow Acting Neurotransmitter Secretion","NIDA","7633290",5P01DA010154-13,5,P01,DA,010154,13,,0010,"2090870","RYAN, TIMOTHY AIDAN",Not Applicable,"UNIVERSITY OF CALIFORNIA, SAN FRANCISCO", ,2008,,153018
"THE PRESYNAPTIC VESICLE CYCLE FOR SLOW ACTING NEUROTRANSMITTER SECRETION","NIDA","7596710",5P01DA010154-12,5,P01,DA,010154,12,,0006,"2090870","RYAN, TIMOTHY AIDAN",Not Applicable,"UNIVERSITY OF CALIFORNIA SAN FRANCISCO", ,2007,,142387
"The Presynaptic Vesicle Cycle for the Slow Acting Neurotransmitter Secretion","NIDA","7513689",5P01DA010154-12,5,P01,DA,010154,12,,0010,"2090870","RYAN, TIMOTHY AIDAN",Not Applicable,"UNIVERSITY OF CALIFORNIA SAN FRANCISCO", ,2007,,138259
"THE PRESYNAPTIC VESICLE CYCLE FOR SLOW ACTING NEUROTRANSMITTER SECRETION","NIDA","7088092",2P01DA010154-11A1,2,P01,DA,010154,11,A1,0006,"2090870","RYAN, TIMOTHY AIDAN",Not Applicable,"UNIVERSITY OF CALIFORNIA SAN FRANCISCO", ,2006,,170488
"Tri-Institutional Training Program in Chemical Biology","NIGMS","7452240",5T32GM070369-05,5,T32,GM,070369,05,,,"2090870","RYAN, TIMOTHY AIDAN",Not Applicable,"WEILL MEDICAL COLL OF CORNELL UNIV", ,2008,167748,
"Tri-Institutional Training Program in Chemical Biology","NIGMS","7251488",5T32GM070369-04,5,T32,GM,070369,04,,,"2090870","RYAN, TIMOTHY AIDAN",Not Applicable,"WEILL MEDICAL COLL OF CORNELL UNIV", ,2007,178559,
"Tri-Institutional Training Program in Chemical Biology","NIGMS","7088803",5T32GM070369-03,5,T32,GM,070369,03,,,"2090870","RYAN, TIMOTHY AIDAN",Not Applicable,"WEILL MEDICAL COLLEGE OF CORNELL UNIV", ,2006,178559,
"Tri-Institutional Training Program in Chemical Biology","NIGMS","6913560",5T32GM070369-02,5,T32,GM,070369,02,,,"2090870","RYAN, TIMOTHY AIDAN",Not Applicable,"WEILL MEDICAL COLLEGE OF CORNELL UNIV", ,2005,178559,
"Tri-Institutional Training Program in Chemical Biology","NIGMS","6748404",1T32GM070369-01,1,T32,GM,070369,01,,,"2090870","RYAN, TIMOTHY AIDAN",Not Applicable,"WEILL MEDICAL COLLEGE OF CORNELL UNIV", ,2004,133919,
"Quantitative mapping of molecules and release properties at nerve terminals","NIMH","8989158",5R01MH085783-07,5,R01,MH,085783,07,,,"2090870","RYAN, TIMOTHY AIDAN",Not Applicable,"WEILL MEDICAL COLL OF CORNELL UNIV", ,2016,466618,
"Quantitative mapping of molecules and release properties at nerve terminals","NIMH","8825287",2R01MH085783-06,2,R01,MH,085783,06,,,"2090870","RYAN, TIMOTHY AIDAN",Not Applicable,"WEILL MEDICAL COLL OF CORNELL UNIV", ,2015,466618,
"Quantitative Mapping of Molecules and Release Properties at Nerve Terminals","NIMH","8586902",5R01MH085783-05,5,R01,MH,085783,05,,,"2090870","RYAN, TIMOTHY AIDAN",Not Applicable,"WEILL MEDICAL COLL OF CORNELL UNIV", ,2014,418275,
"Quantitative Mapping of Molecules and Release Properties at Nerve Terminals","NIMH","8389677",5R01MH085783-04,5,R01,MH,085783,04,,,"2090870","RYAN, TIMOTHY AIDAN",Not Applicable,"WEILL MEDICAL COLL OF CORNELL UNIV", ,2013,401544,
"Quantitative Mapping of Molecules and Release Properties at Nerve Terminals","NIMH","8196919",5R01MH085783-03,5,R01,MH,085783,03,,,"2090870","RYAN, TIMOTHY AIDAN",Not Applicable,"WEILL MEDICAL COLL OF CORNELL UNIV", ,2012,418275,
"Quantitative Mapping of Molecules and Release Properties at Nerve Terminals","NIMH","7995505",5R01MH085783-02,5,R01,MH,085783,02,,,"2090870","RYAN, TIMOTHY AIDAN",Not Applicable,"WEILL MEDICAL COLL OF CORNELL UNIV", ,2011,418275,
"Quantitative Mapping of Molecules and Release Properties at Nerve Terminals","NIMH","7781100",1R01MH085783-01A1,1,R01,MH,085783,01,A1,,"2090870","RYAN, TIMOTHY AIDAN",Not Applicable,"WEILL MEDICAL COLL OF CORNELL UNIV", ,2010,422500,
"Physiology of single synaptic CNS terminals","NINDS","9103343",2R37NS036942-18A1,2,R37,NS,036942,18,A1,,"2090870","RYAN, TIMOTHY AIDAN",Not Applicable,"WEILL MEDICAL COLL OF CORNELL UNIV", ,2016,469840,
"Physiology of Single Synaptic CNS Terminals","NINDS","8658151",5R01NS036942-17,5,R01,NS,036942,17,,,"2090870","RYAN, TIMOTHY AIDAN",Not Applicable,"WEILL MEDICAL COLL OF CORNELL UNIV", ,2014,365991,
"Physiology of Single Synaptic CNS Terminals","NINDS","8467059",5R01NS036942-16,5,R01,NS,036942,16,,,"2090870","RYAN, TIMOTHY AIDAN",Not Applicable,"WEILL MEDICAL COLL OF CORNELL UNIV", ,2013,356749,
"Physiology of Single Synaptic CNS Terminals","NINDS","8269871",5R01NS036942-15,5,R01,NS,036942,15,,,"2090870","RYAN, TIMOTHY AIDAN",Not Applicable,"WEILL MEDICAL COLL OF CORNELL UNIV", ,2012,369688,
"Physiology of Single Synaptic CNS Terminals","NINDS","8198044",2R01NS036942-14A1,2,R01,NS,036942,14,A1,,"2090870","RYAN, TIMOTHY AIDAN",Not Applicable,"WEILL MEDICAL COLL OF CORNELL UNIV", ,2011,369688,
"Physiology of Single Synaptic CNS Terminals","NINDS","7741202",5R01NS036942-13,5,R01,NS,036942,13,,,"2090870","RYAN, TIMOTHY AIDAN",Not Applicable,"WEILL MEDICAL COLL OF CORNELL UNIV", ,2010,363826,
"Physiology of Single Synaptic CNS Terminals","NINDS","7873127",3R01NS036942-12S1,3,R01,NS,036942,12,S1,,"2090870","RYAN, TIMOTHY AIDAN",Not Applicable,"WEILL MEDICAL COLL OF CORNELL UNIV", ,2009,33000,
"Physiology of Single Synaptic CNS Terminals","NINDS","7536077",5R01NS036942-12,5,R01,NS,036942,12,,,"2090870","RYAN, TIMOTHY AIDAN",Not Applicable,"WEILL MEDICAL COLL OF CORNELL UNIV", ,2009,367500,
"Physiology of Single Synaptic CNS Terminals","NINDS","7342828",5R01NS036942-11,5,R01,NS,036942,11,,,"2090870","RYAN, TIMOTHY AIDAN",Not Applicable,"WEILL MEDICAL COLL OF CORNELL UNIV", ,2008,367500,
"Physiology of Single Synaptic CNS Terminals","NINDS","7196914",2R01NS036942-10,2,R01,NS,036942,10,,,"2090870","RYAN, TIMOTHY AIDAN",Not Applicable,"WEILL MEDICAL COLL OF CORNELL UNIV", ,2007,367500,
"Physiology of single Presynaptic CNS Terminals","NINDS","6989054",5R01NS036942-09,5,R01,NS,036942,09,,,"2090870","RYAN, TIMOTHY AIDAN",Not Applicable,"WEILL MEDICAL COLLEGE OF CORNELL UNIV", ,2006,353792,
"Physiology of single Presynaptic CNS Terminals","NINDS","6832830",5R01NS036942-08,5,R01,NS,036942,08,,,"2090870","RYAN, TIMOTHY AIDAN",Not Applicable,"WEILL MEDICAL COLLEGE OF CORNELL UNIV", ,2005,362306,
"Physiology of single Presynaptic CNS Terminals","NINDS","6685980",5R01NS036942-07,5,R01,NS,036942,07,,,"2090870","RYAN, TIMOTHY AIDAN",Not Applicable,"WEILL MEDICAL COLLEGE OF CORNELL UNIV", ,2004,362306,
"Physiology of single Presynaptic CNS Terminals","NINDS","6621776",5R01NS036942-06,5,R01,NS,036942,06,,,"2090870","RYAN, TIMOTHY AIDAN",Not Applicable,"WEILL MEDICAL COLLEGE OF CORNELL UNIV", ,2003,362306,
"Physiology of single Presynaptic CNS Terminals","NINDS","6436670",2R01NS036942-05,2,R01,NS,036942,05,,,"2090870","RYAN, TIMOTHY AIDAN",Not Applicable,"WEILL MEDICAL COLLEGE OF CORNELL UNIV", ,2002,362306,
"PHYSIOLOGY OF SINGLE PRESYNAPTIC CNS TERMINALS","NINDS","6330511",5R01NS036942-04,5,R01,NS,036942,04,,,"2090870","RYAN, TIMOTHY AIDAN",Not Applicable,"WEILL MEDICAL COLLEGE OF CORNELL UNIV", ,2001,277507,
"PHYSIOLOGY OF SINGLE PRESYNAPTIC CNS TERMINALS","NINDS","6126384",5R01NS036942-03,5,R01,NS,036942,03,,,"2090870","RYAN, TIMOTHY AIDAN",Not Applicable,"WEILL MEDICAL COLLEGE OF CORNELL UNIV", ,2000,269423,
"PHYSIOLOGY OF SINGLE PRESYNAPTIC CNS TERMINALS","NINDS","2839421",5R01NS036942-02,5,R01,NS,036942,02,,,"2090870","RYAN, TIMOTHY AIDAN",Not Applicable,"WEILL MEDICAL COLLEGE OF CORNELL UNIV", ,1999,261576,
"PHYSIOLOGY OF SINGLE PRESYNAPTIC CNS TERMINALS","NINDS","2445888",1R01NS036942-01,1,R01,NS,036942,01,,,"2090870","RYAN, TIMOTHY AIDAN",Not Applicable,"WEILL MEDICAL COLLEGE OF CORNELL UNIV", ,1998,249102,
"Development of a Synaptic ATP Reporter","NINDS","8066969",5R21NS071293-02,5,R21,NS,071293,02,,,"2090870","RYAN, TIMOTHY AIDAN",Not Applicable,"WEILL MEDICAL COLL OF CORNELL UNIV", ,2011,202877,
"Development of a Synaptic ATP Reporter","NINDS","7977318",1R21NS071293-01,1,R21,NS,071293,01,,,"2090870","RYAN, TIMOTHY AIDAN",Not Applicable,"WEILL MEDICAL COLL OF CORNELL UNIV", ,2010,249391,
"Identification of synaptic alpha2delta binding partners","NINDS","8660359",5R21NS083355-02,5,R21,NS,083355,02,,,"2090870","RYAN, TIMOTHY AIDAN",Not Applicable,"WEILL MEDICAL COLL OF CORNELL UNIV", ,2014,209138,
"Identification of synaptic alpha2delta binding partners","NINDS","8597614",1R21NS083355-01A1,1,R21,NS,083355,01,A1,,"2090870","RYAN, TIMOTHY AIDAN",Not Applicable,"WEILL MEDICAL COLL OF CORNELL UNIV", ,2013,253500,
"Physiology of Single Presynaptic Terminals","FIC","7107949",5R03TW007024-02,5,R03,TW,007024,02,,,"2090870","RYAN, TIMOTHY AIDAN",Not Applicable,"WEILL MEDICAL COLLEGE OF CORNELL UNIV", ,2006,32010,
"Physiology of Single Presynaptic Terminals","FIC","6988744",1R03TW007024-01A1,1,R03,TW,007024,01,A1,,"2090870","RYAN, TIMOTHY AIDAN",Not Applicable,"WEILL MEDICAL COLLEGE OF CORNELL UNIV", ,2005,40320,

