----------------------------------------------------------------------------------Search Criteria:  Search in: Projects 		AdminIC: All; Principal Investigator / Project Leader: SALTZMAN; W MARK; Fiscal Year: 2016; 2015; 2014; 2013; 2012; 2011; 2010; 2009; 2008; 2007; 2006; 2005; 2004; 2003; 2002; 2001; 2000; 1999; 1998; 1997; 1996 ----------------------------------------------------------------------------------Project Title,Administering  IC,Application ID,Project Number,Type,Activity,IC,Serial Number,Support Year,Suffix,Subproject Number ,Contact PI  Person ID,Contact PI / Project Leader,Other PI or Project Leader(s),Organization Name,ARRA Indicator,FY,FY Total Cost ,FY Total Cost  (Sub Projects),
"MODELING OF DRUG TRANSPORT FOR BRAIN TUMOR THERAPY","NCI","6396798",3U19CA052857-10S1,3,U19,CA,052857,10,S1,0003,"6214835","SALTZMAN, W MARK",Not Applicable,"JOHNS HOPKINS UNIVERSITY", ,1999,,,,,
"MODELING OF DRUG TRANSPORT FOR BRAIN TUMOR THERAPY","NCI","6395689",5U19CA052857-10,5,U19,CA,052857,10,,0003,"6214835","SALTZMAN, W MARK",Not Applicable,"JOHNS HOPKINS UNIVERSITY", ,1999,,,,,
"MODELING OF DRUG TRANSPORT FOR BRAIN TUMOR THERAPY","NCI","6102627",3U19CA052857-09S3,3,U19,CA,052857,09,S3,0003,"6214835","SALTZMAN, W MARK",Not Applicable,"JOHNS HOPKINS UNIVERSITY", ,1998,,,,,
"MODELING OF DRUG TRANSPORT FOR BRAIN TUMOR THERAPY","NCI","6296000",3U19CA052857-09S2,3,U19,CA,052857,09,S2,0003,"6214835","SALTZMAN, W MARK",Not Applicable,"JOHNS HOPKINS UNIVERSITY", ,1998,,,,,
"MODELING OF DRUG TRANSPORT FOR BRAIN TUMOR THERAPY","NCI","6296006",3U19CA052857-09S1,3,U19,CA,052857,09,S1,0003,"6214835","SALTZMAN, W MARK",Not Applicable,"JOHNS HOPKINS UNIVERSITY", ,1998,,,,,
"MODELING OF DRUG TRANSPORT FOR BRAIN TUMOR THERAPY","NCI","6269444",3U19CA052857-09,3,U19,CA,052857,09,,0003,"6214835","SALTZMAN, W MARK",Not Applicable,"JOHNS HOPKINS UNIVERSITY", ,1998,,154552
"MODELING OF DRUG TRANSPORT FOR BRAIN TUMOR THERAPY","NCI","6237139",3U19CA052857-08,3,U19,CA,052857,08,,0003,"6214835","SALTZMAN, W MARK",Not Applicable,"JOHNS HOPKINS UNIVERSITY", ,1997,,157139
"MODELING OF DRUG TRANSPORT FOR BRAIN TUMOR THERAPY","NCI","5209078",5U19CA052857-07,5,U19,CA,052857,07,,0003,"6214835","SALTZMAN, W MARK",Not Applicable,"", ,1996,,,,,
"Micro-and Nano-engineering of Biomineralized Materials","NIDCR","7111055",5R01DE014097-05,5,R01,DE,014097,05,,,"6214835","SALTZMAN, W MARK",Not Applicable,"YALE UNIVERSITY", ,2006,272599,
"Micro-and Nano-engineering of Biomineralized Materials","NIDCR","6932040",5R01DE014097-04,5,R01,DE,014097,04,,,"6214835","SALTZMAN, W MARK",Not Applicable,"YALE UNIVERSITY", ,2005,277064,
"Micro-and Nano-engineering of Biomineralized Materials","NIDCR","6779715",5R01DE014097-03,5,R01,DE,014097,03,,,"6214835","SALTZMAN, W MARK",Not Applicable,"YALE UNIVERSITY", ,2004,276034,
"Micro-and Nano-engineering of Biomineralized Materials","NIDCR","6656337",5R01DE014097-02,5,R01,DE,014097,02,,,"6214835","SALTZMAN, W MARK",Not Applicable,"YALE UNIVERSITY", ,2003,275026,
"Micro-and Nano-engineering of Biomineralized Materials","NIDCR","6547548",1R01DE014097-01A2,1,R01,DE,014097,01,A2,,"6214835","SALTZMAN, W MARK",Not Applicable,"YALE UNIVERSITY", ,2002,302702,
"Interdisciplinary Pre-doctoral Training Program in Neuroengineering(RMI)","NIDDK","7269479",5T90DK070068-04,5,T90,DK,070068,04,,,"6214835","SALTZMAN, W MARK",Not Applicable,"YALE UNIVERSITY", ,2007,401959,
"Pre-doctoral Training Program in Neuroengineering","NIDDK","7288160",3T90DK070068-03S1,3,T90,DK,070068,03,S1,,"6214835","SALTZMAN, W MARK",Not Applicable,"YALE UNIVERSITY", ,2006,43752,
"Pre-doctoral Training Program in Neuroengineering","NIDDK","7121555",5T90DK070068-03,5,T90,DK,070068,03,,,"6214835","SALTZMAN, W MARK",Not Applicable,"YALE UNIVERSITY", ,2006,437518,
"Pre-doctoral Training Program in Neuroengineering(RMI)","NIDDK","6951382",5T90DK070068-02,5,T90,DK,070068,02,,,"6214835","SALTZMAN, W MARK",Not Applicable,"YALE UNIVERSITY", ,2005,426718,
"Pre-doctoral Training Program in Neuroengineering (RMI)","NIDDK","6874097",1T90DK070068-01,1,T90,DK,070068,01,,,"6214835","SALTZMAN, W MARK",Not Applicable,"YALE UNIVERSITY", ,2004,218759,
"Interdisciplinary Pre-doctoral Training Program in Neuroengineering(RMI)","NIDDK","7271212",5R90DK071501-04,5,R90,DK,071501,04,,,"6214835","SALTZMAN, W MARK",Not Applicable,"YALE UNIVERSITY", ,2007,9455,
"Interdisciplinary Pre-doctoral Training Program in Neur*","NIDDK","7121572",5R90DK071501-03,5,R90,DK,071501,03,,,"6214835","SALTZMAN, W MARK",Not Applicable,"YALE UNIVERSITY", ,2006,10924,
"Interdisciplinary Pre-doctoral Train Program Neur*(RMI)","NIDDK","6951833",5R90DK071501-02,5,R90,DK,071501,02,,,"6214835","SALTZMAN, W MARK",Not Applicable,"YALE UNIVERSITY", ,2005,17157,
"Pre-doctoral Training Program in Neuroengineering (RMI)","NIDDK","6950578",1R90DK071501-01,1,R90,DK,071501,01,,,"6214835","SALTZMAN, W MARK",Not Applicable,"YALE UNIVERSITY", ,2004,10924,
"Molecular and cellular transport in mucus","NIBIB","7097940",5R01EB000487-17,5,R01,EB,000487,17,,,"6214835","SALTZMAN, W MARK",Not Applicable,"YALE UNIVERSITY", ,2006,329232,
"Molecular and cellular transport in mucus","NIBIB","6918557",5R01EB000487-16,5,R01,EB,000487,16,,,"6214835","SALTZMAN, W MARK",Not Applicable,"YALE UNIVERSITY", ,2005,340442,
"Molecular and cellular transport in mucus","NIBIB","6777538",5R01EB000487-15,5,R01,EB,000487,15,,,"6214835","SALTZMAN, W MARK",Not Applicable,"YALE UNIVERSITY", ,2004,343897,
"Molecular and cellular transport in mucus","NIBIB","6653100",5R01EB000487-14,5,R01,EB,000487,14,,,"6214835","SALTZMAN, W MARK",Not Applicable,"YALE UNIVERSITY", ,2003,347066,
"Molecular and cellular transport in mucus","NIBIB","6547706",9R01EB000487-13,9,R01,EB,000487,13,,,"6214835","SALTZMAN, W MARK",Not Applicable,"YALE UNIVERSITY", ,2002,366388,
"MOLECULAR AND CELLULAR TRANSPORT IN MUCUS","NIGMS","6329720",5R01GM043873-12,5,R01,GM,043873,12,,,"6214835","SALTZMAN, W MARK",Not Applicable,"CORNELL UNIVERSITY", ,2001,294716,
"MOLECULAR AND CELLULAR TRANSPORT IN MUCUS","NIGMS","6125431",5R01GM043873-11,5,R01,GM,043873,11,,,"6214835","SALTZMAN, W MARK",Not Applicable,"CORNELL UNIVERSITY", ,2000,286603,
"MOLECULAR AND CELLULAR TRANSPORT IN MUCUS","NIGMS","2838569",5R01GM043873-10,5,R01,GM,043873,10,,,"6214835","SALTZMAN, W MARK",Not Applicable,"CORNELL UNIVERSITY ITHACA", ,1999,278708,
"MOLECULAR AND CELLULAR TRANSPORT IN MUCUS","NIGMS","2471277",2R01GM043873-09,2,R01,GM,043873,09,,,"6214835","SALTZMAN, W MARK",Not Applicable,"CORNELL UNIVERSITY ITHACA", ,1998,280190,
"MOLECULAR AND CELLULAR TRANSPORT IN MUCUS","NIGMS","2022371",5R01GM043873-08,5,R01,GM,043873,08,,,"6214835","SALTZMAN, W MARK",Not Applicable,"CORNELL UNIVERSITY ITHACA", ,1997,230113,
"MOLECULAR AND CELLULAR TRANSPORT IN MUCUS","NIGMS","2182239",7R01GM043873-07,7,R01,GM,043873,07,,,"6214835","SALTZMAN, W MARK",Not Applicable,"CORNELL UNIVERSITY ITHACA", ,1996,94484,
"MOLECULAR AND CELLULAR TRANSPORT IN MUCUS","NIGMS","2182238",5R01GM043873-06,5,R01,GM,043873,06,,,"6214835","SALTZMAN, W MARK",Not Applicable,"JOHNS HOPKINS UNIVERSITY", ,1996,135675,
"Optimizing Revascularization by EC Transplantation","NHLBI","7276626",5R01HL085416-02,5,R01,HL,085416,02,,,"6214835","SALTZMAN, W MARK",Not Applicable,"YALE UNIVERSITY", ,2007,390886,
"Optimizing Revascularization by EC Transplantation","NHLBI","7135566",1R01HL085416-01,1,R01,HL,085416,01,,,"6214835","SALTZMAN, W MARK",Not Applicable,"YALE UNIVERSITY", ,2006,402989,
"CONSTRUCTING NEUROTROPHIN FIELDS IN THE BRAIN","NINDS","6540064",5R01NS038470-04,5,R01,NS,038470,04,,,"6214835","SALTZMAN, W MARK",Not Applicable,"CORNELL UNIVERSITY ITHACA", ,2002,185897,
"CONSTRUCTING NEUROTROPHIN FIELDS IN THE BRAIN","NINDS","6394088",5R01NS038470-03,5,R01,NS,038470,03,,,"6214835","SALTZMAN, W MARK",Not Applicable,"CORNELL UNIVERSITY ITHACA", ,2001,180487,
"CONSTRUCTING NEUROTROPHIN FIELDS IN THE BRAIN","NINDS","6187801",5R01NS038470-02,5,R01,NS,038470,02,,,"6214835","SALTZMAN, W MARK",Not Applicable,"CORNELL UNIVERSITY ITHACA", ,2000,175230,
"CONSTRUCTING NEUROTROPHIN FIELDS IN THE BRAIN","NINDS","2827418",1R01NS038470-01,1,R01,NS,038470,01,,,"6214835","SALTZMAN, W MARK",Not Applicable,"CORNELL UNIVERSITY ITHACA", ,1999,170124,
"Microfluidic/controlled systems on brain microprobes","NINDS","7215674",5R01NS045236-05,5,R01,NS,045236,05,,,"6214835","SALTZMAN, W MARK",Not Applicable,"YALE UNIVERSITY", ,2007,250816,
"Microfluidic/controlled systems on brain microprobes","NINDS","7033011",5R01NS045236-04,5,R01,NS,045236,04,,,"6214835","SALTZMAN, W MARK",Not Applicable,"YALE UNIVERSITY", ,2006,256577,
"Microfluidic/controlled systems on brain microprobes","NINDS","6849265",5R01NS045236-03,5,R01,NS,045236,03,,,"6214835","SALTZMAN, W MARK",Not Applicable,"YALE UNIVERSITY", ,2005,261077,
"Microfluidic/controlled systems on brain microprobes","NINDS","6709382",5R01NS045236-02,5,R01,NS,045236,02,,,"6214835","SALTZMAN, W MARK",Not Applicable,"YALE UNIVERSITY", ,2004,259459,
"Microfluidic/controlled systems on brain microprobes","NINDS","6559741",1R01NS045236-01,1,R01,NS,045236,01,,,"6214835","SALTZMAN, W MARK",Not Applicable,"YALE UNIVERSITY", ,2003,273770,

