----------------------------------------------------------------------------------Search Criteria:  Search in: Projects 		AdminIC: All; Principal Investigator / Project Leader: CHIU; WAH; Org(Contains):BAYLOR COLLEGE OF MEDICINE; Fiscal Year: 2016; 2015; 2014; 2013; 2012; 2011; 2010; 2009; 2008; 2007; 2006; 2005; 2004; 2003; 2002; 2001; 2000; 1999; 1998; 1997; 1996 ----------------------------------------------------------------------------------Project Title,Administering  IC,Application ID,Project Number,Type,Activity,IC,Serial Number,Support Year,Suffix,Subproject Number ,Contact PI  Person ID,Contact PI / Project Leader,Other PI or Project Leader(s),Organization Name,ARRA Indicator,FY,FY Total Cost ,FY Total Cost  (Sub Projects),
"Structural Studies of Herpesvirus Capsids","NIAID","6860135",5R01AI038469-10,5,R01,AI,038469,10,,,"7353710","CHIU, WAH ",Not Applicable,"BAYLOR COLLEGE OF MEDICINE", ,2005,376250,
"Structural Studies of Herpesvirus Capsids","NIAID","6706947",5R01AI038469-09,5,R01,AI,038469,09,,,"7353710","CHIU, WAH ",Not Applicable,"BAYLOR COLLEGE OF MEDICINE", ,2004,376250,
"Structural Studies of Herpesvirus Capsids","NIAID","6631808",5R01AI038469-08,5,R01,AI,038469,08,,,"7353710","CHIU, WAH ",Not Applicable,"BAYLOR COLLEGE OF MEDICINE", ,2003,376250,
"Structural Studies of Herpesvirus Capsids","NIAID","6510470",5R01AI038469-07,5,R01,AI,038469,07,,,"7353710","CHIU, WAH ",Not Applicable,"BAYLOR COLLEGE OF MEDICINE", ,2002,376250,
"Structural Studies of Herpesvirus Capsids","NIAID","6326759",2R01AI038469-06A1,2,R01,AI,038469,06,A1,,"7353710","CHIU, WAH ",Not Applicable,"BAYLOR COLLEGE OF MEDICINE", ,2001,370000,
"STRUCTURAL STUDIES OF HERPESVIRUS CAPSIDS","NIAID","2887064",5R01AI038469-05,5,R01,AI,038469,05,,,"7353710","CHIU, WAH ",Not Applicable,"BAYLOR COLLEGE OF MEDICINE", ,1999,171075,
"STRUCTURAL STUDIES OF HERPESVIRUS CAPSIDS","NIAID","2672570",5R01AI038469-04,5,R01,AI,038469,04,,,"7353710","CHIU, WAH ",Not Applicable,"BAYLOR COLLEGE OF MEDICINE", ,1998,164496,
"STRUCTURAL STUDIES OF HERPESVIRUS CAPSIDS","NIAID","2457837",5R01AI038469-03,5,R01,AI,038469,03,,,"7353710","CHIU, WAH ",Not Applicable,"BAYLOR COLLEGE OF MEDICINE", ,1997,158169,
"STRUCTURAL STUDIES OF HERPESVIRUS CAPSIDS","NIAID","2075520",5R01AI038469-02,5,R01,AI,038469,02,,,"7353710","CHIU, WAH ",Not Applicable,"BAYLOR COLLEGE OF MEDICINE", ,1996,152085,
"STRUCTURAL BASIS OF BACTERIOPHAGE P22 ASSEMBLY","NIAID","6511059",5R01AI043656-04,5,R01,AI,043656,04,,,"7353710","CHIU, WAH ",Not Applicable,"BAYLOR COLLEGE OF MEDICINE", ,2002,225079,
"STRUCTURAL BASIS OF BACTERIOPHAGE P22 ASSEMBLY","NIAID","6362369",5R01AI043656-03,5,R01,AI,043656,03,,,"7353710","CHIU, WAH ",Not Applicable,"BAYLOR COLLEGE OF MEDICINE", ,2001,218526,
"STRUCTURAL BASIS OF BACTERIOPHAGE P22 ASSEMBLY","NIAID","6163963",5R01AI043656-02,5,R01,AI,043656,02,,,"7353710","CHIU, WAH ",Not Applicable,"BAYLOR COLLEGE OF MEDICINE", ,2000,212160,
"STRUCTURAL BASIS OF BACTERIOPHAGE P22 ASSEMBLY","NIAID","2850433",1R01AI043656-01A1,1,R01,AI,043656,01,A1,,"7353710","CHIU, WAH ",Not Applicable,"BAYLOR COLLEGE OF MEDICINE", ,1999,204258,
"High throughput icosahedral particle reconstruction","NIAID","6659804",5R21AI053737-02,5,R21,AI,053737,02,,,"7353710","CHIU, WAH ",Not Applicable,"BAYLOR COLLEGE OF MEDICINE", ,2003,225750,
"High throughput icosahedral particle reconstruction","NIAID","6571684",1R21AI053737-01,1,R21,AI,053737,01,,,"7353710","CHIU, WAH ",Not Applicable,"BAYLOR COLLEGE OF MEDICINE", ,2002,225750,
"Structures of the portal vertex in dsDNA viruses and virus-infected cells","NIAID","8332955",2R56AI075208-03,2,R56,AI,075208,03,,,"7353710","CHIU, WAH ",Not Applicable,"BAYLOR COLLEGE OF MEDICINE", ,2011,506965,
"Structures of the portal vertex in dsDNA viruses and virus-infected cells","NIAID","7847601",5R01AI075208-02,5,R01,AI,075208,02,,,"7353710","CHIU, WAH ",Not Applicable,"BAYLOR COLLEGE OF MEDICINE",YES,2010,505805,
"Structures of the portal vertex in dsDNA viruses and virus-infected cells","NIAID","7526288",1R01AI075208-01A1,1,R01,AI,075208,01,A1,,"7353710","CHIU, WAH ",Not Applicable,"BAYLOR COLLEGE OF MEDICINE",YES,2009,505805,
"Center for Protein Folding Machinery","NEI","9145293",3PN2EY016525-11S1,3,PN2,EY,016525,11,S1,,"7353710","CHIU, WAH ",Not Applicable,"BAYLOR COLLEGE OF MEDICINE", ,2015,29999,
"Center for Protein Folding Machinery","NEI","8710226",5PN2EY016525-11,5,PN2,EY,016525,11,,,"7353710","CHIU, WAH ",Not Applicable,"BAYLOR COLLEGE OF MEDICINE", ,2014,3699998,
"Center for Protein Folding Machinery","NEI","8523876",5PN2EY016525-10,5,PN2,EY,016525,10,,,"7353710","CHIU, WAH  ","GRAEF, ISABELLA A;LEVITT, MICHAEL ;MOERNER, WILLIAM E;PANDE, VIJAY S","BAYLOR COLLEGE OF MEDICINE", ,2013,3771300,
"Center for Protein Folding Machinery","NEI","8323956",5PN2EY016525-09,5,PN2,EY,016525,09,,,"7353710","CHIU, WAH  ","GRAEF, ISABELLA A;LEVITT, MICHAEL ;MOERNER, WILLIAM E;PANDE, VIJAY S","BAYLOR COLLEGE OF MEDICINE", ,2012,3650000,
"Center for Protein Folding Machinery","NEI","8146937",5PN2EY016525-08,5,PN2,EY,016525,08,,,"7353710","CHIU, WAH  ","GRAEF, ISABELLA A;LEVITT, MICHAEL ;MOERNER, WILLIAM E;PANDE, VIJAY S","BAYLOR COLLEGE OF MEDICINE", ,2011,3676277,
"Center for Protein Folding Machinery","NEI","8125644",2PN2EY016525-07,2,PN2,EY,016525,07,,,"7353710","CHIU, WAH  ","GRAEF, ISABELLA A;LEVITT, MICHAEL ;MOERNER, WILLIAM E;PANDE, VIJAY S","BAYLOR COLLEGE OF MEDICINE", ,2010,3865000,
"Center for Protein Folding Machinery (RMI)","NEI","7690726",5PN2EY016525-06,5,PN2,EY,016525,06,,,"7353710","CHIU, WAH ",Not Applicable,"BAYLOR COLLEGE OF MEDICINE", ,2009,4490471,
"Center for Protein Folding Machinery (RMI)","NEI","7777479",3PN2EY016525-05S1,3,PN2,EY,016525,05,S1,,"7353710","CHIU, WAH ",Not Applicable,"BAYLOR COLLEGE OF MEDICINE", ,2009,337700,
"Center for Protein Folding Machinery (RMI)","NEI","7498984",5PN2EY016525-05,5,PN2,EY,016525,05,,,"7353710","CHIU, WAH ",Not Applicable,"BAYLOR COLLEGE OF MEDICINE", ,2008,5110000,
"Center for Protein Folding Machinery (RMI)","NEI","7649616",3PN2EY016525-04S1,3,PN2,EY,016525,04,S1,,"7353710","CHIU, WAH ",Not Applicable,"BAYLOR COLLEGE OF MEDICINE", ,2008,337700,
"Center for Protein Folding Machinery (RMI)","NEI","7293531",5PN2EY016525-04,5,PN2,EY,016525,04,,,"7353710","CHIU, WAH ",Not Applicable,"BAYLOR COLLEGE OF MEDICINE", ,2007,1626757,
"Center for Protein Folding Machinery (RMI)","NEI","7426028",3PN2EY016525-03S2,3,PN2,EY,016525,03,S2,,"7353710","CHIU, WAH ",Not Applicable,"BAYLOR COLLEGE OF MEDICINE", ,2007,150000,
"Center for Protein Folding Machinery (RMI)","NEI","7356568",3PN2EY016525-03S1,3,PN2,EY,016525,03,S1,,"7353710","CHIU, WAH ",Not Applicable,"BAYLOR COLLEGE OF MEDICINE", ,2007,30000,
"Center for Protein Folding Machinery (RMI)","NEI","7128113",5PN2EY016525-03,5,PN2,EY,016525,03,,,"7353710","CHIU, WAH ",Not Applicable,"BAYLOR COLLEGE OF MEDICINE", ,2006,1210679,
"Center for Protein Folding Machinery (RMI)","NEI","7280976",3PN2EY016525-02S1,3,PN2,EY,016525,02,S1,,"7353710","CHIU, WAH ",Not Applicable,"BAYLOR COLLEGE OF MEDICINE", ,2006,200000,
"Center for Protein Folding Machinery (RMI)","NEI","7098597",2PN2EY016525-02,2,PN2,EY,016525,02,,,"7353710","CHIU, WAH ",Not Applicable,"BAYLOR COLLEGE OF MEDICINE", ,2005,1410267,
"Center for Protein Folding Machinery (RMI)","NEI","6930881",1PN1EY016525-01,1,PN1,EY,016525,01,,,"7353710","CHIU, WAH ",Not Applicable,"BAYLOR COLLEGE OF MEDICINE", ,2004,67055,
"Icosahedral Particle Reconstruction Software","NIGMS","7060727",5R01GM070557-03,5,R01,GM,070557,03,,,"7353710","CHIU, WAH ",Not Applicable,"BAYLOR COLLEGE OF MEDICINE", ,2006,220445,
"Icosahedral Particle Reconstruction Software","NIGMS","6890331",5R01GM070557-02,5,R01,GM,070557,02,,,"7353710","CHIU, WAH ",Not Applicable,"BAYLOR COLLEGE OF MEDICINE", ,2005,225750,
"Icosahedral Particle Reconstruction Software","NIGMS","6758168",1R01GM070557-01,1,R01,GM,070557,01,,,"7353710","CHIU, WAH ",Not Applicable,"BAYLOR COLLEGE OF MEDICINE", ,2004,225750,
"Unified Data Resource for 3DEM","NIGMS","9070454",4R01GM079429-09,4,R01,GM,079429,09,,,"7353710","CHIU, WAH ",Not Applicable,"BAYLOR COLLEGE OF MEDICINE", ,2016,994066,
"Unified Data Resource for 3DEM","NIGMS","9131440",3R01GM079429-08S1,3,R01,GM,079429,08,S1,,"7353710","CHIU, WAH ",Not Applicable,"BAYLOR COLLEGE OF MEDICINE", ,2015,296593,
"Unified Data Resource for 3DEM","NIGMS","8870374",5R01GM079429-08,5,R01,GM,079429,08,,,"7353710","CHIU, WAH ",Not Applicable,"BAYLOR COLLEGE OF MEDICINE", ,2015,895202,
"Unified Data Resource for 3DEM","NIGMS","8663286",5R01GM079429-07,5,R01,GM,079429,07,,,"7353710","CHIU, WAH ",Not Applicable,"BAYLOR COLLEGE OF MEDICINE", ,2014,895202,
"Unified Data Resource for 3DEM","NIGMS","8504061",2R01GM079429-06A1,2,R01,GM,079429,06,A1,,"7353710","CHIU, WAH ",Not Applicable,"BAYLOR COLLEGE OF MEDICINE", ,2013,923450,
"Unified Data Resource for Large Complexes Determined by Cryo-Electron Microscopy","NIGMS","8536056",3R01GM079429-05S1,3,R01,GM,079429,05,S1,,"7353710","CHIU, WAH ",Not Applicable,"BAYLOR COLLEGE OF MEDICINE", ,2012,378906,
"Unified Data Resource for Large Complexes Determined by Cryo-Electron Microscopy","NIGMS","8102764",5R01GM079429-05,5,R01,GM,079429,05,,,"7353710","CHIU, WAH ",Not Applicable,"BAYLOR COLLEGE OF MEDICINE", ,2011,890910,
"Unified Data Resource for Large Complexes Determined by Cryo-Electron Microscopy","NIGMS","7919373",5R01GM079429-04,5,R01,GM,079429,04,,,"7353710","CHIU, WAH ",Not Applicable,"BAYLOR COLLEGE OF MEDICINE", ,2010,911681,
"Unified Data Resource for Large Complexes Determined by Cryo-Electron Microscopy","NIGMS","7634414",5R01GM079429-03,5,R01,GM,079429,03,,,"7353710","CHIU, WAH ",Not Applicable,"BAYLOR COLLEGE OF MEDICINE", ,2009,926154,
"Unified Data Resource for Large Complexes Determined by Cryo-Electron Microscopy","NIGMS","7485143",5R01GM079429-02,5,R01,GM,079429,02,,,"7353710","CHIU, WAH ",Not Applicable,"BAYLOR COLLEGE OF MEDICINE", ,2008,863930,
"Unified Data Resource for Large Complexes Determined by Cryo-Electron Microscopy","NIGMS","7318242",1R01GM079429-01A1,1,R01,GM,079429,01,A1,,"7353710","CHIU, WAH ",Not Applicable,"BAYLOR COLLEGE OF MEDICINE", ,2007,910286,
"3 D Electron Microscopy of Macromolecules","NIGMS","9332537",3P41GM103832-31S1,3,P41,GM,103832,31,S1,,"7353710","CHIU, WAH ",Not Applicable,"BAYLOR COLLEGE OF MEDICINE", ,2016,64974,
"3 D Electron Microscopy of Macromolecules","NIGMS","9015811",5P41GM103832-31,5,P41,GM,103832,31,,,"7353710","CHIU, WAH ",Not Applicable,"BAYLOR COLLEGE OF MEDICINE", ,2016,1899229,
"3 D Electron Microscopy of Macromolecules","NIGMS","8743504",2P41GM103832-30,2,P41,GM,103832,30,,,"7353710","CHIU, WAH ",Not Applicable,"BAYLOR COLLEGE OF MEDICINE", ,2015,1884602,
"3 D Electron Microscopy of Macromolecules","NIGMS","8857642",3P41GM103832-29S1,3,P41,GM,103832,29,S1,,"7353710","CHIU, WAH ",Not Applicable,"BAYLOR COLLEGE OF MEDICINE", ,2014,3916,
"3 D Electron Microscopy of Macromolecules","NIGMS","8603247",5P41GM103832-29,5,P41,GM,103832,29,,,"7353710","CHIU, WAH ",Not Applicable,"BAYLOR COLLEGE OF MEDICINE", ,2014,1970048,
"3 D Electron Microscopy of Macromolecules","NIGMS","8423725",5P41GM103832-28,5,P41,GM,103832,28,,,"7353710","CHIU, WAH ",Not Applicable,"BAYLOR COLLEGE OF MEDICINE", ,2013,2086332,
"3 D ELECTRON MICROSCOPY OF MACROMOLECULES (5P41RR002250-27)","NIGMS","8416523",3P41GM103832-27S1,3,P41,GM,103832,27,S1,,"7353710","CHIU, WAH ",Not Applicable,"BAYLOR COLLEGE OF MEDICINE", ,2012,222150,
"3 D Electron Microscopy of Macromolecules","NIGMS","8206599",8P41GM103832-27,8,P41,GM,103832,27,,,"7353710","CHIU, WAH ",Not Applicable,"BAYLOR COLLEGE OF MEDICINE", ,2012,1891593,
"CryoEM Data Collection Facility Consortium at NCMI","NIGMS","9000209",1U24GM116787-01,1,U24,GM,116787,01,,,"7353710","CHIU, WAH  ","BULLITT, ESTHER ;GOGOL, EDWARD PETER;KELLY, DEBORAH F;LI, HUILIN ;SHERMAN, MICHAEL ;STEWART, PHOEBE L;XIAO, CHUAN ;ZHANG, JUNJIE ","BAYLOR COLLEGE OF MEDICINE", ,2016,1054750,
"Acquisition of a 300 kV Electron Microscope for Structural Biology","OD","9075213",1S10OD021600-01,1,S10,OD,021600,01,,,"7353710","CHIU, WAH ",Not Applicable,"BAYLOR COLLEGE OF MEDICINE", ,2016,1,
"3 D Electron Microscopy of Macromolecules","NCRR","8302880",3P41RR002250-26S1,3,P41,RR,002250,26,S1,,"7353710","CHIU, WAH ",Not Applicable,"BAYLOR COLLEGE OF MEDICINE", ,2011,600000,
"RADIATION DAMAGE AT DIFFERENT SPECIMEN TEMPERATURES","NCRR","8361048",5P41RR002250-26,5,P41,RR,002250,26,,5207,"7353710","CHIU, WAH ",Not Applicable,"BAYLOR COLLEGE OF MEDICINE", ,2011,,24512
"EVALUATION OF  10K CCD CAMERA FOR 300 KV MICROSCOPE","NCRR","8361049",5P41RR002250-26,5,P41,RR,002250,26,,5208,"7353710","CHIU, WAH ",Not Applicable,"BAYLOR COLLEGE OF MEDICINE", ,2011,,36793
"SINGLE PARTICLE IMAGE DATA COLLECTION AUTOMATION","NCRR","8361050",5P41RR002250-26,5,P41,RR,002250,26,,5209,"7353710","CHIU, WAH ",Not Applicable,"BAYLOR COLLEGE OF MEDICINE", ,2011,,24512
"IMAGE RECONSTRUCTION OF ICOSAHEDRAL PARTICLES (MPSA)","NCRR","8361052",5P41RR002250-26,5,P41,RR,002250,26,,5211,"7353710","CHIU, WAH ",Not Applicable,"BAYLOR COLLEGE OF MEDICINE", ,2011,,61306
"VISUALIZATION TOOL DEVELOPMENT","NCRR","8361054",5P41RR002250-26,5,P41,RR,002250,26,,5213,"7353710","CHIU, WAH ",Not Applicable,"BAYLOR COLLEGE OF MEDICINE", ,2011,,49049
"PRE & POST DOCTORAL TRAINING","NCRR","8361066",5P41RR002250-26,5,P41,RR,002250,26,,5225,"7353710","CHIU, WAH ",Not Applicable,"BAYLOR COLLEGE OF MEDICINE", ,2011,,73562
"WORKSHOPS; TRAINING AND DISSEMINATION","NCRR","8361067",5P41RR002250-26,5,P41,RR,002250,26,,5226,"7353710","CHIU, WAH ",Not Applicable,"BAYLOR COLLEGE OF MEDICINE", ,2011,,49049
"INFRASTRUCTURE FOR REMOTE COLLABORATION & COMMUNICATION","NCRR","8361076",5P41RR002250-26,5,P41,RR,002250,26,,5235,"7353710","CHIU, WAH ",Not Applicable,"BAYLOR COLLEGE OF MEDICINE", ,2011,,24512
"ZERNIKE PHASE PLATE CRYOEM IN OKAZAKI","NCRR","8361098",5P41RR002250-26,5,P41,RR,002250,26,,5257,"7353710","CHIU, WAH ",Not Applicable,"BAYLOR COLLEGE OF MEDICINE", ,2011,,24512
"NUCLEAR PORE","NCRR","8361124",5P41RR002250-26,5,P41,RR,002250,26,,5283,"7353710","CHIU, WAH ",Not Applicable,"BAYLOR COLLEGE OF MEDICINE", ,2011,,12256
"ZERNIKE PHASE PLATE CRYO-EM AT NCMI","NCRR","8361128",5P41RR002250-26,5,P41,RR,002250,26,,5287,"7353710","CHIU, WAH ",Not Applicable,"BAYLOR COLLEGE OF MEDICINE", ,2011,,61306
"NANO-PARTICLE CHARACTERIZATION FOR HOUSTON GO GRANT","NCRR","8361129",5P41RR002250-26,5,P41,RR,002250,26,,5288,"7353710","CHIU, WAH ",Not Applicable,"BAYLOR COLLEGE OF MEDICINE", ,2011,,24512
"CRYOEM ROBOTICS","NCRR","8361133",5P41RR002250-26,5,P41,RR,002250,26,,5292,"7353710","CHIU, WAH ",Not Applicable,"BAYLOR COLLEGE OF MEDICINE", ,2011,,12256
"TESTING 3200FSC PERFORMANCE","NCRR","8361134",5P41RR002250-26,5,P41,RR,002250,26,,5293,"7353710","CHIU, WAH ",Not Applicable,"BAYLOR COLLEGE OF MEDICINE", ,2011,,12256
"AGSA","NCRR","8361137",5P41RR002250-26,5,P41,RR,002250,26,,5296,"7353710","CHIU, WAH ",Not Applicable,"BAYLOR COLLEGE OF MEDICINE", ,2011,,24512
"DIRECT ELECTRON DETECTOR","NCRR","8361142",5P41RR002250-26,5,P41,RR,002250,26,,5301,"7353710","CHIU, WAH ",Not Applicable,"BAYLOR COLLEGE OF MEDICINE", ,2011,,12256
"3 D Electron Microscopy of Macromolecules","NCRR","8013519",5P41RR002250-26,5,P41,RR,002250,26,,,"7353710","CHIU, WAH ",Not Applicable,"BAYLOR COLLEGE OF MEDICINE", ,2011,1881000,
"3 D Electron Microscopy of Macromolecules","NCRR","8127135",3P41RR002250-25S1,3,P41,RR,002250,25,S1,,"7353710","CHIU, WAH ",Not Applicable,"BAYLOR COLLEGE OF MEDICINE", ,2010,250000,
"RADIATION DAMAGE AT DIFFERENT SPECIMEN TEMPERATURES","NCRR","8168517",2P41RR002250-25,2,P41,RR,002250,25,,8336,"7353710","CHIU, WAH ",Not Applicable,"BAYLOR COLLEGE OF MEDICINE", ,2010,,43000
"EVALUATION OF  CCD CAMERA FOR 300 KV MICROSCOPES","NCRR","8168518",2P41RR002250-25,2,P41,RR,002250,25,,8337,"7353710","CHIU, WAH ",Not Applicable,"BAYLOR COLLEGE OF MEDICINE", ,2010,,21500
"SINGLE PARTICLE IMAGE DATA COLLECTION AUTOMATION","NCRR","8168519",2P41RR002250-25,2,P41,RR,002250,25,,8338,"7353710","CHIU, WAH ",Not Applicable,"BAYLOR COLLEGE OF MEDICINE", ,2010,,32250
"CRYO-SPECIMEN FREEZING APPARATUS","NCRR","8168520",2P41RR002250-25,2,P41,RR,002250,25,,8339,"7353710","CHIU, WAH ",Not Applicable,"BAYLOR COLLEGE OF MEDICINE", ,2010,,21500
"IMAGE RECONSTRUCTION OF ICOSAHEDRAL PARTICLES","NCRR","8168522",2P41RR002250-25,2,P41,RR,002250,25,,8341,"7353710","CHIU, WAH ",Not Applicable,"BAYLOR COLLEGE OF MEDICINE", ,2010,,43000
"PRE & POST DOCTORAL TRAINING","NCRR","8168536",2P41RR002250-25,2,P41,RR,002250,25,,8355,"7353710","CHIU, WAH ",Not Applicable,"BAYLOR COLLEGE OF MEDICINE", ,2010,,64500
"WORKSHOPS; TRAINING AND DISSEMINATION","NCRR","8168537",2P41RR002250-25,2,P41,RR,002250,25,,8356,"7353710","CHIU, WAH ",Not Applicable,"BAYLOR COLLEGE OF MEDICINE", ,2010,,43000
"INFRASTRUCTURE FOR REMOTE COLLABORATION & COMMUNICATION","NCRR","8168550",2P41RR002250-25,2,P41,RR,002250,25,,8369,"7353710","CHIU, WAH ",Not Applicable,"BAYLOR COLLEGE OF MEDICINE", ,2010,,21500
"ZERNIKE PHASE PLATE","NCRR","8168589",2P41RR002250-25,2,P41,RR,002250,25,,8408,"7353710","CHIU, WAH ",Not Applicable,"BAYLOR COLLEGE OF MEDICINE", ,2010,,43000
"3 D Electron Microscopy of Macromolecules","NCRR","7700413",2P41RR002250-25,2,P41,RR,002250,25,,,"7353710","CHIU, WAH ",Not Applicable,"BAYLOR COLLEGE OF MEDICINE", ,2010,1900000,
"3 D Electron Microscopy of Macromolecules","NCRR","7883922",3P41RR002250-24S1,3,P41,RR,002250,24,S1,,"7353710","CHIU, WAH ",Not Applicable,"BAYLOR COLLEGE OF MEDICINE",YES,2009,892860,
"RADIATION DAMAGE AT DIFFERENT SPECIMEN TEMPERATURES","NCRR","7953745",5P41RR002250-24,5,P41,RR,002250,24,,7878,"7353710","CHIU, WAH ",Not Applicable,"BAYLOR COLLEGE OF MEDICINE", ,2009,,34780
"EVALUATION OF A 4KX4K CCD CAMERA FOR 300 KV MICROSCOPES","NCRR","7953746",5P41RR002250-24,5,P41,RR,002250,24,,7879,"7353710","CHIU, WAH ",Not Applicable,"BAYLOR COLLEGE OF MEDICINE", ,2009,,34780
"SINGLE PARTICLE IMAGE DATA COLLECTION AUTOMATION","NCRR","7953747",5P41RR002250-24,5,P41,RR,002250,24,,7880,"7353710","CHIU, WAH ",Not Applicable,"BAYLOR COLLEGE OF MEDICINE", ,2009,,34780
"CRYO-SPECIMEN FREEZING APPARATUS","NCRR","7953748",5P41RR002250-24,5,P41,RR,002250,24,,7881,"7353710","CHIU, WAH ",Not Applicable,"BAYLOR COLLEGE OF MEDICINE", ,2009,,17381
"IMAGE RECONSTRUCTION OF ICOSAHEDRAL PARTICLES","NCRR","7953750",5P41RR002250-24,5,P41,RR,002250,24,,7883,"7353710","CHIU, WAH ",Not Applicable,"BAYLOR COLLEGE OF MEDICINE", ,2009,,34780
"PRE & POST DOCTORAL TRAINING","NCRR","7953764",5P41RR002250-24,5,P41,RR,002250,24,,7897,"7353710","CHIU, WAH ",Not Applicable,"BAYLOR COLLEGE OF MEDICINE", ,2009,,52162
"WORKSHOPS; TRAINING AND DISSEMINATION","NCRR","7953765",5P41RR002250-24,5,P41,RR,002250,24,,7898,"7353710","CHIU, WAH ",Not Applicable,"BAYLOR COLLEGE OF MEDICINE", ,2009,,34780
"INFRASTRUCTURE FOR REMOTE COLLABORATION & COMMUNICATION","NCRR","7953779",5P41RR002250-24,5,P41,RR,002250,24,,7912,"7353710","CHIU, WAH ",Not Applicable,"BAYLOR COLLEGE OF MEDICINE", ,2009,,17381
"ZERNIKE PHASE PLATE","NCRR","7953813",5P41RR002250-24,5,P41,RR,002250,24,,7946,"7353710","CHIU, WAH ",Not Applicable,"BAYLOR COLLEGE OF MEDICINE", ,2009,,34780
"3 D Electron Microscopy of Macromolecules","NCRR","7535269",5P41RR002250-24,5,P41,RR,002250,24,,,"7353710","CHIU, WAH ",Not Applicable,"BAYLOR COLLEGE OF MEDICINE", ,2009,1750395,
"PERFORMANCE OF LIQUID HELIUM ELECTRON CRYOMICROSCOPES","NCRR","7721119",5P41RR002250-23,5,P41,RR,002250,23,,7239,"7353710","CHIU, WAH ",Not Applicable,"BAYLOR COLLEGE OF MEDICINE", ,2008,,32462
"EVALUATION OF A 4KX4K CCD CAMERA FOR 300 KV MICROSCOPES","NCRR","7721120",5P41RR002250-23,5,P41,RR,002250,23,,7240,"7353710","CHIU, WAH ",Not Applicable,"BAYLOR COLLEGE OF MEDICINE", ,2008,,64942
"SINGLE PARTICLE IMAGE DATA COLLECTION AUTOMATION","NCRR","7721121",5P41RR002250-23,5,P41,RR,002250,23,,7241,"7353710","CHIU, WAH ",Not Applicable,"BAYLOR COLLEGE OF MEDICINE", ,2008,,32462
"CRYO-SPECIMEN FREEZING APPARATUS","NCRR","7721122",5P41RR002250-23,5,P41,RR,002250,23,,7242,"7353710","CHIU, WAH ",Not Applicable,"BAYLOR COLLEGE OF MEDICINE", ,2008,,24355
"MULTI-PATH SIMULATED ANNEALING FOR VIRUS PARTICLE RECONSTRUCTION","NCRR","7721124",5P41RR002250-23,5,P41,RR,002250,23,,7244,"7353710","CHIU, WAH ",Not Applicable,"BAYLOR COLLEGE OF MEDICINE", ,2008,,16231
"VISUALIZATION TOOL DEVELOPMENT","NCRR","7721127",5P41RR002250-23,5,P41,RR,002250,23,,7247,"7353710","CHIU, WAH ",Not Applicable,"BAYLOR COLLEGE OF MEDICINE", ,2008,,64942
"PRE & POST DOCTORAL TRAINING","NCRR","7721134",5P41RR002250-23,5,P41,RR,002250,23,,7254,"7353710","CHIU, WAH ",Not Applicable,"BAYLOR COLLEGE OF MEDICINE", ,2008,,16231
"WORKSHOPS; TRAINING AND DISSEMINATION","NCRR","7721135",5P41RR002250-23,5,P41,RR,002250,23,,7255,"7353710","CHIU, WAH ",Not Applicable,"BAYLOR COLLEGE OF MEDICINE", ,2008,,32462
"TECH R&D CORE SUPPORT FOR AIDS RESEARCH","NCRR","7721180",5P41RR002250-23,5,P41,RR,002250,23,,7300,"7353710","CHIU, WAH ",Not Applicable,"BAYLOR COLLEGE OF MEDICINE", ,2008,,71234
"3 D Electron Microscopy of Macromolecules","NCRR","7340125",5P41RR002250-23,5,P41,RR,002250,23,,,"7353710","CHIU, WAH ",Not Applicable,"BAYLOR COLLEGE OF MEDICINE", ,2008,1696045,
"PERFORMANCE OF LIQUID HELIUM ELECTRON CRYOMICROSCOPE (JEOL3000SFF)","NCRR","7598571",5P41RR002250-22,5,P41,RR,002250,22,,6477,"7353710","CHIU, WAH ",Not Applicable,"BAYLOR COLLEGE OF MEDICINE", ,2007,,16288
"EVALUATION OF A 4KX4K CCD CAMERA FOR 300 KV MICROSCOPES","NCRR","7598572",5P41RR002250-22,5,P41,RR,002250,22,,6478,"7353710","CHIU, WAH ",Not Applicable,"BAYLOR COLLEGE OF MEDICINE", ,2007,,32577
"SINGLE PARTICLE IMAGE DATA COLLECTION AUTOMATION","NCRR","7598573",5P41RR002250-22,5,P41,RR,002250,22,,6479,"7353710","CHIU, WAH ",Not Applicable,"BAYLOR COLLEGE OF MEDICINE", ,2007,,16288
"CRYO-SPECIMEN FREEZING APPARATUS","NCRR","7598574",5P41RR002250-22,5,P41,RR,002250,22,,6480,"7353710","CHIU, WAH ",Not Applicable,"BAYLOR COLLEGE OF MEDICINE", ,2007,,8145
"VISUALIZATION TOOL DEVELOPMENT","NCRR","7598579",5P41RR002250-22,5,P41,RR,002250,22,,6485,"7353710","CHIU, WAH ",Not Applicable,"BAYLOR COLLEGE OF MEDICINE", ,2007,,40723
"PRE & POST DOCTORAL TRAINING","NCRR","7598594",5P41RR002250-22,5,P41,RR,002250,22,,6500,"7353710","CHIU, WAH ",Not Applicable,"BAYLOR COLLEGE OF MEDICINE", ,2007,,48867
"WORKSHOPS; TRAINING AND DISSEMINATION","NCRR","7598595",5P41RR002250-22,5,P41,RR,002250,22,,6501,"7353710","CHIU, WAH ",Not Applicable,"BAYLOR COLLEGE OF MEDICINE", ,2007,,48867
"ELECTRON CRYO-TOMOGRAPHY","NCRR","7598598",5P41RR002250-22,5,P41,RR,002250,22,,6504,"7353710","CHIU, WAH ",Not Applicable,"BAYLOR COLLEGE OF MEDICINE", ,2007,,32578
"INFRASTRUCTURE FOR REMOTE COLLABORATION & COMMUNICATION","NCRR","7598620",5P41RR002250-22,5,P41,RR,002250,22,,6526,"7353710","CHIU, WAH ",Not Applicable,"BAYLOR COLLEGE OF MEDICINE", ,2007,,16289
"3 D Electron Microscopy of Macromolecules","NCRR","7161389",5P41RR002250-22,5,P41,RR,002250,22,,,"7353710","CHIU, WAH ",Not Applicable,"BAYLOR COLLEGE OF MEDICINE", ,2007,1649771,
"PERFORMANCE OF LIQUID HELIUM ELECTRON CRYOMICROSCOPE (JEOL3000SFF)","NCRR","7357763",5P41RR002250-21,5,P41,RR,002250,21,,7373,"7353710","CHIU, WAH ",Not Applicable,"BAYLOR COLLEGE OF MEDICINE", ,2006,,15059
"EVALUATION OF A 4KX4K CCD CAMERA FOR 300 KV MICROSCOPES","NCRR","7357764",5P41RR002250-21,5,P41,RR,002250,21,,7374,"7353710","CHIU, WAH ",Not Applicable,"BAYLOR COLLEGE OF MEDICINE", ,2006,,30117
"SINGLE PARTICLE IMAGE DATA COLLECTION AUTOMATION","NCRR","7357765",5P41RR002250-21,5,P41,RR,002250,21,,7375,"7353710","CHIU, WAH ",Not Applicable,"BAYLOR COLLEGE OF MEDICINE", ,2006,,15059
"CRYO-SPECIMEN FREEZING APPARATUS","NCRR","7357766",5P41RR002250-21,5,P41,RR,002250,21,,7376,"7353710","CHIU, WAH ",Not Applicable,"BAYLOR COLLEGE OF MEDICINE", ,2006,,7676
"VISUALIZATION TOOL DEVELOPMENT","NCRR","7357771",5P41RR002250-21,5,P41,RR,002250,21,,7381,"7353710","CHIU, WAH ",Not Applicable,"BAYLOR COLLEGE OF MEDICINE", ,2006,,37647
"PRE & POST DOCTORAL TRAINING","NCRR","7357786",5P41RR002250-21,5,P41,RR,002250,21,,7396,"7353710","CHIU, WAH ",Not Applicable,"BAYLOR COLLEGE OF MEDICINE", ,2006,,45176
"WORKSHOPS; TRAINING AND DISSEMINATION","NCRR","7357787",5P41RR002250-21,5,P41,RR,002250,21,,7397,"7353710","CHIU, WAH ",Not Applicable,"BAYLOR COLLEGE OF MEDICINE", ,2006,,45176
"ELECTRON CRYO-TOMOGRAPHY","NCRR","7357790",5P41RR002250-21,5,P41,RR,002250,21,,7400,"7353710","CHIU, WAH ",Not Applicable,"BAYLOR COLLEGE OF MEDICINE", ,2006,,30117
"INFRASTRUCTURE FOR REMOTE COLLABORATION & COMMUNICATION","NCRR","7357812",5P41RR002250-21,5,P41,RR,002250,21,,7422,"7353710","CHIU, WAH ",Not Applicable,"BAYLOR COLLEGE OF MEDICINE", ,2006,,15059
"3 D Electron Microscopy of Macromolecules","NCRR","6986222",5P41RR002250-21,5,P41,RR,002250,21,,,"7353710","CHIU, WAH ",Not Applicable,"BAYLOR COLLEGE OF MEDICINE", ,2006,1524157,
"PERFORMANCE OF LIQUID HELIUM ELECTRON CRYOMICROSCOPE","NCRR","7181067",2P41RR002250-20,2,P41,RR,002250,20,,0031,"7353710","CHIU, WAH ",Not Applicable,"BAYLOR COLLEGE OF MEDICINE", ,2005,,18469
"SINGLE PARTICLE IMAGE DATA COLLECTION AUTOMATION","NCRR","7181069",2P41RR002250-20,2,P41,RR,002250,20,,0033,"7353710","CHIU, WAH ",Not Applicable,"BAYLOR COLLEGE OF MEDICINE", ,2005,,18469
"CRYO-SPECIMEN FREEZING APPARATUS","NCRR","7181070",2P41RR002250-20,2,P41,RR,002250,20,,0034,"7353710","CHIU, WAH ",Not Applicable,"BAYLOR COLLEGE OF MEDICINE", ,2005,,9234
"TRAINING IN ELECTRON CRYOMICROSCOPY","NCRR","7181096",2P41RR002250-20,2,P41,RR,002250,20,,0064,"7353710","CHIU, WAH ",Not Applicable,"BAYLOR COLLEGE OF MEDICINE", ,2005,,73875
"PRE & POST DOCTORAL TRAINING","NCRR","7181099",2P41RR002250-20,2,P41,RR,002250,20,,0067,"7353710","CHIU, WAH ",Not Applicable,"BAYLOR COLLEGE OF MEDICINE", ,2005,,36938
"WORKSHOPS AND DISSEMINATION","NCRR","7181100",2P41RR002250-20,2,P41,RR,002250,20,,0069,"7353710","CHIU, WAH ",Not Applicable,"BAYLOR COLLEGE OF MEDICINE", ,2005,,55407
"ELECTRON CRYO-TOMOGRAPHY","NCRR","7181103",2P41RR002250-20,2,P41,RR,002250,20,,0072,"7353710","CHIU, WAH ",Not Applicable,"BAYLOR COLLEGE OF MEDICINE", ,2005,,36938
"SINGLE PARTICLE DATA COLLECTION WITH A 4KX4K CCD CAMERA","NCRR","7181068",2P41RR002250-20,2,P41,RR,002250,20,,0084,"7353710","CHIU, WAH ",Not Applicable,"BAYLOR COLLEGE OF MEDICINE", ,2005,,36938
"BACTERIOPHAGE P22","NCRR","7181077",2P41RR002250-20,2,P41,RR,002250,20,,0085,"7353710","CHIU, WAH ",Not Applicable,"BAYLOR COLLEGE OF MEDICINE", ,2005,,18469
"3 D Electron Microscopy of Macromolecules","NCRR","6811421",2P41RR002250-20,2,P41,RR,002250,20,,,"7353710","CHIU, WAH ",Not Applicable,"BAYLOR COLLEGE OF MEDICINE", ,2005,1846885,
"PERFORMANCE OF LIQUID HELIUM ELECTRON CRYOMICROSCOPE","NCRR","6980374",5P41RR002250-19,5,P41,RR,002250,19,,0031,"7353710","CHIU, WAH ",Not Applicable,"BAYLOR COLLEGE OF MEDICINE", ,2004,,10859
"SINGLE PARTICLE IMAGE DATA COLLECTION AUTOMATION","NCRR","6980376",5P41RR002250-19,5,P41,RR,002250,19,,0033,"7353710","CHIU, WAH ",Not Applicable,"BAYLOR COLLEGE OF MEDICINE", ,2004,,21696
"CRYO-SPECIMEN FREEZING APPARATUS","NCRR","6980377",5P41RR002250-19,5,P41,RR,002250,19,,0034,"7353710","CHIU, WAH ",Not Applicable,"BAYLOR COLLEGE OF MEDICINE", ,2004,,32545
"TRAINING IN ELECTRON CRYOMICROSCOPY","NCRR","6980407",5P41RR002250-19,5,P41,RR,002250,19,,0064,"7353710","CHIU, WAH ",Not Applicable,"BAYLOR COLLEGE OF MEDICINE", ,2004,,32545
"PRE & POST DOCTORAL TRAINING","NCRR","6980410",5P41RR002250-19,5,P41,RR,002250,19,,0067,"7353710","CHIU, WAH ",Not Applicable,"BAYLOR COLLEGE OF MEDICINE", ,2004,,10848
"WORKSHOPS","NCRR","6980412",5P41RR002250-19,5,P41,RR,002250,19,,0069,"7353710","CHIU, WAH ",Not Applicable,"BAYLOR COLLEGE OF MEDICINE", ,2004,,32545
"ELECTRON CRYO-TOMOGRAPHY","NCRR","6980415",5P41RR002250-19,5,P41,RR,002250,19,,0072,"7353710","CHIU, WAH ",Not Applicable,"BAYLOR COLLEGE OF MEDICINE", ,2004,,10848
"ALGORITHM DEVELOPMENT","NCRR","6980422",5P41RR002250-19,5,P41,RR,002250,19,,0079,"7353710","CHIU, WAH ",Not Applicable,"BAYLOR COLLEGE OF MEDICINE", ,2004,,10848
"3D ELECTRON MICROSCOPY OF MACROMOLECULES","NCRR","6686803",5P41RR002250-19,5,P41,RR,002250,19,,,"7353710","CHIU, WAH ",Not Applicable,"BAYLOR COLLEGE OF MEDICINE", ,2004,1084819,
"3D ELECTRON MICROSCOPY OF MACROMOLECULES","NCRR","6700907",3P41RR002250-18S1,3,P41,RR,002250,18,S1,,"7353710","CHIU, WAH ",Not Applicable,"BAYLOR COLLEGE OF MEDICINE", ,2003,79368,
"3D ELECTRON MICROSCOPY OF MACROMOLECULES","NCRR","6625586",5P41RR002250-18,5,P41,RR,002250,18,,,"7353710","CHIU, WAH ",Not Applicable,"BAYLOR COLLEGE OF MEDICINE", ,2003,1053659,
"CORRECTION OF STRUCTURE FACTORS OF SINGLE PARTICLE IMAGES","NCRR","6611293",3P41RR002250-17S1,3,P41,RR,002250,17,S1,0006,"7353710","CHIU, WAH ",Not Applicable,"BAYLOR COLLEGE OF MEDICINE", ,2002,,134676
"ELECTRON CRYSTALLOGRAPHY OF CROTOXIN COMPLEX","NCRR","6611295",3P41RR002250-17S1,3,P41,RR,002250,17,S1,0008,"7353710","CHIU, WAH ",Not Applicable,"BAYLOR COLLEGE OF MEDICINE", ,2002,,134676
"IMAGING VIRUS PARTICLES W/ 300 KEV ELECTRON CRYOMICROSCOPE","NCRR","6611296",3P41RR002250-17S1,3,P41,RR,002250,17,S1,0009,"7353710","CHIU, WAH ",Not Applicable,"BAYLOR COLLEGE OF MEDICINE", ,2002,,134676
"ELECTRON CRYSTALLOGRAPHY OF STREPTAVIDIN MONOLAYER CRYSTAL","NCRR","6611297",3P41RR002250-17S1,3,P41,RR,002250,17,S1,0010,"7353710","CHIU, WAH ",Not Applicable,"BAYLOR COLLEGE OF MEDICINE", ,2002,,134676
"BLUE TONGUE VIRUS","NCRR","6611281",3P41RR002250-17S1,3,P41,RR,002250,17,S1,0018,"7353710","CHIU, WAH ",Not Applicable,"BAYLOR COLLEGE OF MEDICINE", ,2002,,134676
"PRE DOCTORAL TRAINING","NCRR","6611303",3P41RR002250-17S1,3,P41,RR,002250,17,S1,0029,"7353710","CHIU, WAH ",Not Applicable,"BAYLOR COLLEGE OF MEDICINE", ,2002,,134676
"UNDERGRADUATE & HIGH SCHOOL STUDENT TRAINING","NCRR","6611304",3P41RR002250-17S1,3,P41,RR,002250,17,S1,0030,"7353710","CHIU, WAH ",Not Applicable,"BAYLOR COLLEGE OF MEDICINE", ,2002,,134676
"3D ELECTRON MICROSCOPY OF MACROMOLECULES","NCRR","6605153",3P41RR002250-17S1,3,P41,RR,002250,17,S1,,"7353710","CHIU, WAH ",Not Applicable,"BAYLOR COLLEGE OF MEDICINE", ,2002,2000000,
"CORRECTION OF STRUCTURE FACTORS OF SINGLE PARTICLE IMAGES","NCRR","6568624",5P41RR002250-17,5,P41,RR,002250,17,,0006,"7353710","CHIU, WAH ",Not Applicable,"BAYLOR COLLEGE OF MEDICINE", ,2002,,134676
"ELECTRON CRYSTALLOGRAPHY OF CROTOXIN COMPLEX","NCRR","6568626",5P41RR002250-17,5,P41,RR,002250,17,,0008,"7353710","CHIU, WAH ",Not Applicable,"BAYLOR COLLEGE OF MEDICINE", ,2002,,134676
"IMAGING VIRUS PARTICLES W/ 300 KEV ELECTRON CRYOMICROSCOPE","NCRR","6568627",5P41RR002250-17,5,P41,RR,002250,17,,0009,"7353710","CHIU, WAH ",Not Applicable,"BAYLOR COLLEGE OF MEDICINE", ,2002,,134676
"ELECTRON CRYSTALLOGRAPHY OF STREPTAVIDIN MONOLAYER CRYSTAL","NCRR","6568628",5P41RR002250-17,5,P41,RR,002250,17,,0010,"7353710","CHIU, WAH ",Not Applicable,"BAYLOR COLLEGE OF MEDICINE", ,2002,,134676
"BLUE TONGUE VIRUS","NCRR","6568612",5P41RR002250-17,5,P41,RR,002250,17,,0018,"7353710","CHIU, WAH ",Not Applicable,"BAYLOR COLLEGE OF MEDICINE", ,2002,,134676
"PRE DOCTORAL TRAINING","NCRR","6568634",5P41RR002250-17,5,P41,RR,002250,17,,0029,"7353710","CHIU, WAH ",Not Applicable,"BAYLOR COLLEGE OF MEDICINE", ,2002,,134676
"UNDERGRADUATE & HIGH SCHOOL STUDENT TRAINING","NCRR","6568635",5P41RR002250-17,5,P41,RR,002250,17,,0030,"7353710","CHIU, WAH ",Not Applicable,"BAYLOR COLLEGE OF MEDICINE", ,2002,,134676
"3D ELECTRON MICROSCOPY OF MACROMOLECULES","NCRR","6477358",5P41RR002250-17,5,P41,RR,002250,17,,,"7353710","CHIU, WAH ",Not Applicable,"BAYLOR COLLEGE OF MEDICINE", ,2002,1023407,
"CORRECTION OF STRUCTURE FACTORS OF SINGLE PARTICLE IMAGES","NCRR","6504533",3P41RR002250-16S2,3,P41,RR,002250,16,S2,0006,"7353710","CHIU, WAH ",Not Applicable,"BAYLOR COLLEGE OF MEDICINE", ,2001,,134676
"ELECTRON CRYSTALLOGRAPHY OF CROTOXIN COMPLEX","NCRR","6504535",3P41RR002250-16S2,3,P41,RR,002250,16,S2,0008,"7353710","CHIU, WAH ",Not Applicable,"BAYLOR COLLEGE OF MEDICINE", ,2001,,134676
"IMAGING VIRUS PARTICLES W/ 300 KEV ELECTRON CRYOMICROSCOPE","NCRR","6504536",3P41RR002250-16S2,3,P41,RR,002250,16,S2,0009,"7353710","CHIU, WAH ",Not Applicable,"BAYLOR COLLEGE OF MEDICINE", ,2001,,134676
"ELECTRON CRYSTALLOGRAPHY OF STREPTAVIDIN MONOLAYER CRYSTAL","NCRR","6504537",3P41RR002250-16S2,3,P41,RR,002250,16,S2,0010,"7353710","CHIU, WAH ",Not Applicable,"BAYLOR COLLEGE OF MEDICINE", ,2001,,134676
"BLUE TONGUE VIRUS","NCRR","6504521",3P41RR002250-16S2,3,P41,RR,002250,16,S2,0018,"7353710","CHIU, WAH ",Not Applicable,"BAYLOR COLLEGE OF MEDICINE", ,2001,,134676
"PRE DOCTORAL TRAINING","NCRR","6504543",3P41RR002250-16S2,3,P41,RR,002250,16,S2,0029,"7353710","CHIU, WAH ",Not Applicable,"BAYLOR COLLEGE OF MEDICINE", ,2001,,134676
"UNDERGRADUATE & HIGH SCHOOL STUDENT TRAINING","NCRR","6504544",3P41RR002250-16S2,3,P41,RR,002250,16,S2,0030,"7353710","CHIU, WAH ",Not Applicable,"BAYLOR COLLEGE OF MEDICINE", ,2001,,134676
"3D ELECTRON MICROSCOPY OF MACROMOLECULES","NCRR","6500172",3P41RR002250-16S2,3,P41,RR,002250,16,S2,,"7353710","CHIU, WAH ",Not Applicable,"BAYLOR COLLEGE OF MEDICINE", ,2001,313000,
"CORRECTION OF STRUCTURE FACTORS OF SINGLE PARTICLE IMAGES","NCRR","6486126",3P41RR002250-16S1,3,P41,RR,002250,16,S1,0006,"7353710","CHIU, WAH ",Not Applicable,"BAYLOR COLLEGE OF MEDICINE", ,2001,,134676
"ELECTRON CRYSTALLOGRAPHY OF CROTOXIN COMPLEX","NCRR","6486128",3P41RR002250-16S1,3,P41,RR,002250,16,S1,0008,"7353710","CHIU, WAH ",Not Applicable,"BAYLOR COLLEGE OF MEDICINE", ,2001,,134676
"IMAGING VIRUS PARTICLES W/ 300 KEV ELECTRON CRYOMICROSCOPE","NCRR","6486129",3P41RR002250-16S1,3,P41,RR,002250,16,S1,0009,"7353710","CHIU, WAH ",Not Applicable,"BAYLOR COLLEGE OF MEDICINE", ,2001,,134676
"ELECTRON CRYSTALLOGRAPHY OF STREPTAVIDIN MONOLAYER CRYSTAL","NCRR","6486130",3P41RR002250-16S1,3,P41,RR,002250,16,S1,0010,"7353710","CHIU, WAH ",Not Applicable,"BAYLOR COLLEGE OF MEDICINE", ,2001,,134676
"BLUE TONGUE VIRUS","NCRR","6486114",3P41RR002250-16S1,3,P41,RR,002250,16,S1,0018,"7353710","CHIU, WAH ",Not Applicable,"BAYLOR COLLEGE OF MEDICINE", ,2001,,134676
"PRE DOCTORAL TRAINING","NCRR","6486136",3P41RR002250-16S1,3,P41,RR,002250,16,S1,0029,"7353710","CHIU, WAH ",Not Applicable,"BAYLOR COLLEGE OF MEDICINE", ,2001,,134676
"UNDERGRADUATE & HIGH SCHOOL STUDENT TRAINING","NCRR","6486137",3P41RR002250-16S1,3,P41,RR,002250,16,S1,0030,"7353710","CHIU, WAH ",Not Applicable,"BAYLOR COLLEGE OF MEDICINE", ,2001,,134676
"3D ELECTRON MICROSCOPY OF MACROMOLECULES","NCRR","6484521",3P41RR002250-16S1,3,P41,RR,002250,16,S1,,"7353710","CHIU, WAH ",Not Applicable,"BAYLOR COLLEGE OF MEDICINE", ,2001,600000,
"3D ELECTRON MICROSCOPY OF MACROMOLECULES","NCRR","6330635",5P41RR002250-16,5,P41,RR,002250,16,,,"7353710","CHIU, WAH ",Not Applicable,"BAYLOR COLLEGE OF MEDICINE", ,2001,1038297,
"3D ELECTRON MICROSCOPY OF MACROMOLECULES","NCRR","6032722",2P41RR002250-15,2,P41,RR,002250,15,,,"7353710","CHIU, WAH ",Not Applicable,"BAYLOR COLLEGE OF MEDICINE", ,2000,888117,
"CORRECTION OF STRUCTURE FACTORS OF SINGLE PARTICLE IMAGES","NCRR","6120876",5P41RR002250-14,5,P41,RR,002250,14,,0007,"7353710","CHIU, WAH ",Not Applicable,"BAYLOR COLLEGE OF MEDICINE", ,1999,,15336
"PRE DOCTORAL TRAINING","NCRR","6120897",5P41RR002250-14,5,P41,RR,002250,14,,0028,"7353710","CHIU, WAH ",Not Applicable,"BAYLOR COLLEGE OF MEDICINE", ,1999,,30071
"UNDERGRADUATE STUDENT TRAINING","NCRR","6120898",5P41RR002250-14,5,P41,RR,002250,14,,0029,"7353710","CHIU, WAH ",Not Applicable,"BAYLOR COLLEGE OF MEDICINE", ,1999,,9021
"UNDERGRADUATE & HIGH SCHOOL STUDENT TRAINING","NCRR","6120899",5P41RR002250-14,5,P41,RR,002250,14,,0030,"7353710","CHIU, WAH ",Not Applicable,"BAYLOR COLLEGE OF MEDICINE", ,1999,,20047
"3 D ELECTRON MICROSCOPY OF MACROMOLECULES","NCRR","2839482",5P41RR002250-14,5,P41,RR,002250,14,,,"7353710","CHIU, WAH ",Not Applicable,"BAYLOR COLLEGE OF MEDICINE", ,1999,601418,
"CORRECTION OF STRUCTURE FACTORS OF SINGLE PARTICLE IMAGES","NCRR","6281494",5P41RR002250-13,5,P41,RR,002250,13,,0006,"7353710","CHIU, WAH ",Not Applicable,"BAYLOR COLLEGE OF MEDICINE", ,1998,,11146
"ELECTRON CRYSTALLOGRAPHY OF CROTOXIN COMPLEX","NCRR","6281496",5P41RR002250-13,5,P41,RR,002250,13,,0008,"7353710","CHIU, WAH ",Not Applicable,"BAYLOR COLLEGE OF MEDICINE", ,1998,,11146
"IMAGING VIRUS PARTICLES W/ 300 KEV ELECTRON CRYOMICROSCOPE","NCRR","6281497",5P41RR002250-13,5,P41,RR,002250,13,,0009,"7353710","CHIU, WAH ",Not Applicable,"BAYLOR COLLEGE OF MEDICINE", ,1998,,11146
"ELECTRON CRYSTALLOGRAPHY OF STREPTAVIDIN MONOLAYER CRYSTAL","NCRR","6281498",5P41RR002250-13,5,P41,RR,002250,13,,0010,"7353710","CHIU, WAH ",Not Applicable,"BAYLOR COLLEGE OF MEDICINE", ,1998,,11146
"BLUE TONGUE VIRUS","NCRR","6281506",5P41RR002250-13,5,P41,RR,002250,13,,0018,"7353710","CHIU, WAH ",Not Applicable,"BAYLOR COLLEGE OF MEDICINE", ,1998,,11146
"PRE DOCTORAL TRAINING","NCRR","6281517",5P41RR002250-13,5,P41,RR,002250,13,,0029,"7353710","CHIU, WAH ",Not Applicable,"BAYLOR COLLEGE OF MEDICINE", ,1998,,22291
"UNDERGRADUATE & HIGH SCHOOL STUDENT TRAINING","NCRR","6281518",5P41RR002250-13,5,P41,RR,002250,13,,0030,"7353710","CHIU, WAH ",Not Applicable,"BAYLOR COLLEGE OF MEDICINE", ,1998,,5573
"3 D ELECTRON MICROSCOPY OF MACROMOLECULES","NCRR","2609724",5P41RR002250-13,5,P41,RR,002250,13,,,"7353710","CHIU, WAH ",Not Applicable,"BAYLOR COLLEGE OF MEDICINE", ,1998,557279,
"CORRECTION OF STRUCTURE FACTORS OF SINGLE PARTICLE IMAGES","NCRR","6252013",5P41RR002250-12,5,P41,RR,002250,12,,0007,"7353710","CHIU, WAH ",Not Applicable,"BAYLOR COLLEGE OF MEDICINE", ,1997,,18714
"ELECTRON CRYSTALLOGRAPHY OF CROTOXIN COMPLEX","NCRR","6252015",5P41RR002250-12,5,P41,RR,002250,12,,0009,"7353710","CHIU, WAH ",Not Applicable,"BAYLOR COLLEGE OF MEDICINE", ,1997,,18714
"IMAGING VIRUS PARTICLES W/ 300 KEV FEG EM","NCRR","6252016",5P41RR002250-12,5,P41,RR,002250,12,,0010,"7353710","CHIU, WAH ",Not Applicable,"BAYLOR COLLEGE OF MEDICINE", ,1997,,18714
"ELECTRON CRYSTALLOGRAPHY OF STREPTAVIDIN MONOLAYER CRYSTAL","NCRR","6252017",5P41RR002250-12,5,P41,RR,002250,12,,0011,"7353710","CHIU, WAH ",Not Applicable,"BAYLOR COLLEGE OF MEDICINE", ,1997,,18714
"PRE DOCTORAL TRAINING","NCRR","6252035",5P41RR002250-12,5,P41,RR,002250,12,,0029,"7353710","CHIU, WAH ",Not Applicable,"BAYLOR COLLEGE OF MEDICINE", ,1997,,18714
"UNDERGRADUATE & HIGH SCHOOL STUDENT TRAINING","NCRR","6252036",5P41RR002250-12,5,P41,RR,002250,12,,0030,"7353710","CHIU, WAH ",Not Applicable,"BAYLOR COLLEGE OF MEDICINE", ,1997,,18714
"3 D ELECTRON MICROSCOPY OF MACROMOLECULES","NCRR","2039983",5P41RR002250-12,5,P41,RR,002250,12,,,"7353710","CHIU, WAH ",Not Applicable,"BAYLOR COLLEGE OF MEDICINE", ,1997,561433,
"3 D ELECTRON MICROSCOPY OF MACROMOLECULES","NCRR","2281633",5P41RR002250-11,5,P41,RR,002250,11,,,"7353710","CHIU, WAH ",Not Applicable,"BAYLOR COLLEGE OF MEDICINE", ,1996,533813,
"ELECTRON CRYSTALLOGRAPHY OF MACROMOLECULES","NCRR","2728673",1R13RR013610-01,1,R13,RR,013610,01,,,"7353710","CHIU, WAH ",Not Applicable,"BAYLOR COLLEGE OF MEDICINE", ,1999,15000,
"TOWARD A COMPUTATION CENTER FOR BIOMOLECULAR COMPLEXES","NCRR","7382206",5P20RR020647-03,5,P20,RR,020647,03,,7596,"7353710","CHIU, WAH ",Not Applicable,"BAYLOR COLLEGE OF MEDICINE", ,2006,,593210
"Computation Center for Biomolecular Complexes (RMI)","NCRR","7095904",5P20RR020647-03,5,P20,RR,020647,03,,,"7353710","CHIU, WAH ",Not Applicable,"BAYLOR COLLEGE OF MEDICINE", ,2006,593210,
"TOWARD A COMPUTATION CENTER FOR BIOMOLECULAR COMPLEXES","NCRR","7170407",5P20RR020647-02,5,P20,RR,020647,02,,0001,"7353710","CHIU, WAH ",Not Applicable,"BAYLOR COLLEGE OF MEDICINE", ,2005,,597097
"Computation Center for Biomolecular Complexes (RMI)","NCRR","6953214",5P20RR020647-02,5,P20,RR,020647,02,,,"7353710","CHIU, WAH ",Not Applicable,"BAYLOR COLLEGE OF MEDICINE", ,2005,597097,
"TOWARD A COMPUTATION CENTER FOR BIOMOLECULAR COMPLEXES","NCRR","6983026",1P20RR020647-01,1,P20,RR,020647,01,,0001,"7353710","CHIU, WAH ",Not Applicable,"BAYLOR COLLEGE OF MEDICINE", ,2004,,396597
"TOWARD A COMPUTATION CENTER FOR BIOMOLECULAR COMPLEXES: STRUCTURAL BIOLOGY","NCRR","6983027",1P20RR020647-01,1,P20,RR,020647,01,,0002,"7353710","CHIU, WAH ",Not Applicable,"BAYLOR COLLEGE OF MEDICINE", ,2004,,249402
" A Computation Center for Biomolecular Complexes (RMI)","NCRR","6863893",1P20RR020647-01,1,P20,RR,020647,01,,,"7353710","CHIU, WAH ",Not Applicable,"BAYLOR COLLEGE OF MEDICINE", ,2004,645999,

