----------------------------------------------------------------------------------Search Criteria:  Search in: Projects 		AdminIC: All; Principal Investigator / Project Leader: ANDERSON; WAYNE; Org(Contains):NORTHWESTERN UNIVERSITY; Fiscal Year: 2016; 2015; 2014; 2013; 2012; 2011; 2010; 2009; 2008; 2007; 2006; 2005; 2004; 2003; 2002; 2001; 2000; 1999; 1998; 1997; 1996 ----------------------------------------------------------------------------------Project Title,Administering  IC,Application ID,Project Number,Type,Activity,IC,Serial Number,Support Year,Suffix,Subproject Number ,Contact PI  Person ID,Contact PI / Project Leader,Other PI or Project Leader(s),Organization Name,ARRA Indicator,FY,FY Total Cost ,FY Total Cost  (Sub Projects),
"Structural Genomics Centers for Infectious Diseases ","NIAID","8503552",272200700058C-4-0-7,,N01,AI,,,,,"11473887","ANDERSON, WAYNE ",Not Applicable,"NORTHWESTERN UNIVERSITY", ,2012,389476,
"Structural Genomics Centers for Infectious Diseases ","NIAID","8503551",272200700058C-4-0-6,,N01,AI,,,,,"11473887","ANDERSON, WAYNE ",Not Applicable,"NORTHWESTERN UNIVERSITY", ,2012,389476,
"Structural Genomics Centers for Infectious Diseases ","NIAID","8503550",272200700058C-4-0-5,,N01,AI,,,,,"11473887","ANDERSON, WAYNE ",Not Applicable,"NORTHWESTERN UNIVERSITY", ,2012,97369,
"Structural Genomics Centers for Infectious Diseases ","NIAID","8503549",272200700058C-4-0-4,,N01,AI,,,,,"11473887","ANDERSON, WAYNE ",Not Applicable,"NORTHWESTERN UNIVERSITY", ,2012,194738,
"Structural Genomics Centers for Infectious Diseases ","NIAID","8503548",272200700058C-4-0-3,,N01,AI,,,,,"11473887","ANDERSON, WAYNE ",Not Applicable,"NORTHWESTERN UNIVERSITY", ,2012,97369,
"Structural Genomics Centers for Infectious Diseases ","NIAID","8503547",272200700058C-4-0-2,,N01,AI,,,,,"11473887","ANDERSON, WAYNE ",Not Applicable,"NORTHWESTERN UNIVERSITY", ,2012,194738,
"Structural Genomics Centers for Infectious Diseases","NIAID","8503546",272200700058C-4-0-1,,N01,AI,,,,,"11473887","ANDERSON, WAYNE ",Not Applicable,"NORTHWESTERN UNIVERSITY", ,2012,584214,
"Structural Genomics Centers for Infectious Diseases ","NIAID","8351345",272200700058C-3-0-7,,N01,AI,,,,,"11040761","ANDERSON, WAYNE ",Not Applicable,"NORTHWESTERN UNIVERSITY", ,2011,1637182,
"Structural Genomics Centers for Infectious Diseases ","NIAID","8351344",272200700058C-3-0-6,,N01,AI,,,,,"11040761","ANDERSON, WAYNE ",Not Applicable,"NORTHWESTERN UNIVERSITY", ,2011,1637177,
"Structural Genomics Centers for Infectious Diseases ","NIAID","8351343",272200700058C-3-0-5,,N01,AI,,,,,"11040761","ANDERSON, WAYNE ",Not Applicable,"NORTHWESTERN UNIVERSITY", ,2011,818588,
"Structural Genomics Centers for Infectious Diseases ","NIAID","8351342",272200700058C-3-0-4,,N01,AI,,,,,"11040761","ANDERSON, WAYNE ",Not Applicable,"NORTHWESTERN UNIVERSITY", ,2011,818588,
"Structural Genomics Centers for Infectious Diseases ","NIAID","8351341",272200700058C-3-0-3,,N01,AI,,,,,"11040761","ANDERSON, WAYNE ",Not Applicable,"NORTHWESTERN UNIVERSITY", ,2011,818588,
"Structural Genomics Centers for Infectious Diseases ","NIAID","8351340",272200700058C-3-0-2,,N01,AI,,,,,"11040761","ANDERSON, WAYNE ",Not Applicable,"NORTHWESTERN UNIVERSITY", ,2011,818588,
"Structural Genomics Centers for Infectious Diseases","NIAID","8303180",272200700058C-3-0-1,,N01,AI,,,,,"11040761","ANDERSON, WAYNE ",Not Applicable,"NORTHWESTERN UNIVERSITY", ,2011,1637177,
"STRUCTURAL GENOMICS CENTERS FOR INFECTIOUS DISEASES","NIAID","9280719",272201200026C-9-0-3,,N01,AI,,,,,"9684987","ANDERSON, WAYNE ",Not Applicable,"NORTHWESTERN UNIVERSITY AT CHICAGO", ,2016,68752,
"STRUCTURAL GENOMICS CENTERS FOR INFECTIOUS DISEASES","NIAID","9280718",272201200026C-9-0-2,,N01,AI,,,,,"9684987","ANDERSON, WAYNE ",Not Applicable,"NORTHWESTERN UNIVERSITY AT CHICAGO", ,2016,891026,
"STRUCTURAL GENOMICS CENTERS FOR INFECTIOUS DISEASES","NIAID","9365674",272201200026C-9-0-17,,N01,AI,,,,,"14545023","ANDERSON, WAYNE ",Not Applicable,"NORTHWESTERN UNIVERSITY AT CHICAGO", ,2016,891029,
"Structural Genomics Centers for Infectious Diseases","NIAID","9280732",272201200026C-9-0-16,,N01,AI,,,,,"14151013","ANDERSON, WAYNE ",Not Applicable,"NORTHWESTERN UNIVERSITY AT CHICAGO", ,2016,1386041,
"Structural Genomics Centers for Infectious Diseases","NIAID","9280731",272201200026C-9-0-15,,N01,AI,,,,,"14151013","ANDERSON, WAYNE ",Not Applicable,"NORTHWESTERN UNIVERSITY AT CHICAGO", ,2016,891026,
"STRUCTURAL GENOMICS CENTERS FOR INFECTIOUS DISEASES","NIAID","9280730",272201200026C-9-0-14,,N01,AI,,,,,"14151013","ANDERSON, WAYNE ",Not Applicable,"NORTHWESTERN UNIVERSITY AT CHICAGO", ,2016,891026,
"STRUCTURAL GENOMICS CENTERS FOR INFECTIOUS DISEASES","NIAID","9280729",272201200026C-9-0-13,,N01,AI,,,,,"14151013","ANDERSON, WAYNE ",Not Applicable,"NORTHWESTERN UNIVERSITY AT CHICAGO", ,2016,68752,
"STRUCTURAL GENOMICS CENTERS FOR INFECTIOUS DISEASES","NIAID","9280728",272201200026C-9-0-12,,N01,AI,,,,,"9684987","ANDERSON, WAYNE ",Not Applicable,"NORTHWESTERN UNIVERSITY AT CHICAGO", ,2016,137504,
"STRUCTURAL GENOMICS CENTERS FOR INFECTIOUS DISEASES","NIAID","9280727",272201200026C-9-0-11,,N01,AI,,,,,"9684987","ANDERSON, WAYNE ",Not Applicable,"NORTHWESTERN UNIVERSITY AT CHICAGO", ,2016,68752,
"STRUCTURAL GENOMICS CENTERS FOR INFECTIOUS DISEASES","NIAID","9280726",272201200026C-9-0-10,,N01,AI,,,,,"9684987","ANDERSON, WAYNE ",Not Applicable,"NORTHWESTERN UNIVERSITY AT CHICAGO", ,2016,68752,
"STRUCTURAL GENOMICS CENTERS FOR INFECTIOUS DISEASES","NIAID","9280717",272201200026C-9-0-1,,N01,AI,,,,,"9684987","ANDERSON, WAYNE ",Not Applicable,"NORTHWESTERN UNIVERSITY AT CHICAGO", ,2016,137504,
"STRUCTURAL GENOMICS CENTERS FOR INFECTIOUS DISEASES","NIAID","9098555",272201200026C-7-0-9,,N01,AI,,,,,"9684987","ANDERSON, WAYNE ",Not Applicable,"NORTHWESTERN UNIVERSITY AT CHICAGO", ,2015,257071,
"STRUCTURAL GENOMICS CENTERS FOR INFECTIOUS DISEASES","NIAID","9098554",272201200026C-7-0-8,,N01,AI,,,,,"9684987","ANDERSON, WAYNE ",Not Applicable,"NORTHWESTERN UNIVERSITY AT CHICAGO", ,2015,257071,
"STRUCTURAL GENOMICS CENTERS FOR INFECTIOUS DISEASES","NIAID","9098553",272201200026C-7-0-7,,N01,AI,,,,,"9684987","ANDERSON, WAYNE ",Not Applicable,"NORTHWESTERN UNIVERSITY AT CHICAGO", ,2015,1028286,
"STRUCTURAL GENOMICS CENTERS FOR INFECTIOUS DISEASES","NIAID","9098552",272201200026C-7-0-6,,N01,AI,,,,,"9684987","ANDERSON, WAYNE ",Not Applicable,"NORTHWESTERN UNIVERSITY AT CHICAGO", ,2015,257071,
"STRUCTURAL GENOMICS CENTERS FOR INFECTIOUS DISEASES","NIAID","9098551",272201200026C-7-0-5,,N01,AI,,,,,"9684987","ANDERSON, WAYNE ",Not Applicable,"NORTHWESTERN UNIVERSITY AT CHICAGO", ,2015,771214,
"STRUCTURAL GENOMICS CENTERS FOR INFECTIOUS DISEASES","NIAID","9098550",272201200026C-7-0-4,,N01,AI,,,,,"9684987","ANDERSON, WAYNE ",Not Applicable,"NORTHWESTERN UNIVERSITY AT CHICAGO", ,2015,25409,
"STRUCTURAL GENOMICS CENTERS FOR INFECTIOUS DISEASES","NIAID","9098549",272201200026C-7-0-3,,N01,AI,,,,,"9684987","ANDERSON, WAYNE ",Not Applicable,"NORTHWESTERN UNIVERSITY AT CHICAGO", ,2015,38115,
"STRUCTURAL GENOMICS CENTERS FOR INFECTIOUS DISEASES","NIAID","9098548",272201200026C-7-0-2,,N01,AI,,,,,"9684987","ANDERSON, WAYNE ",Not Applicable,"NORTHWESTERN UNIVERSITY AT CHICAGO", ,2015,1028286,
"Structural Genomics Centers for Infectious Diseases","NIAID","9159953",272201200026C-7-0-16,,N01,AI,,,,,"14151013","ANDERSON, WAYNE ",Not Applicable,"NORTHWESTERN UNIVERSITY AT CHICAGO", ,2015,257055,
"Structural Genomics Centers for Infectious Diseases","NIAID","9159952",272201200026C-7-0-15,,N01,AI,,,,,"14151013","ANDERSON, WAYNE ",Not Applicable,"NORTHWESTERN UNIVERSITY AT CHICAGO", ,2015,257071,
"STRUCTURAL GENOMICS CENTERS FOR INFECTIOUS DISEASES","NIAID","9159951",272201200026C-7-0-14,,N01,AI,,,,,"14151013","ANDERSON, WAYNE ",Not Applicable,"NORTHWESTERN UNIVERSITY AT CHICAGO", ,2015,257071,
"STRUCTURAL GENOMICS CENTERS FOR INFECTIOUS DISEASES","NIAID","9159903",272201200026C-7-0-13,,N01,AI,,,,,"14151013","ANDERSON, WAYNE ",Not Applicable,"NORTHWESTERN UNIVERSITY AT CHICAGO", ,2015,257091,
"STRUCTURAL GENOMICS CENTERS FOR INFECTIOUS DISEASES","NIAID","9098558",272201200026C-7-0-12,,N01,AI,,,,,"9684987","ANDERSON, WAYNE ",Not Applicable,"NORTHWESTERN UNIVERSITY AT CHICAGO", ,2015,63524,
"STRUCTURAL GENOMICS CENTERS FOR INFECTIOUS DISEASES","NIAID","9098557",272201200026C-7-0-11,,N01,AI,,,,,"9684987","ANDERSON, WAYNE ",Not Applicable,"NORTHWESTERN UNIVERSITY AT CHICAGO", ,2015,38115,
"STRUCTURAL GENOMICS CENTERS FOR INFECTIOUS DISEASES","NIAID","9098556",272201200026C-7-0-10,,N01,AI,,,,,"9684987","ANDERSON, WAYNE ",Not Applicable,"NORTHWESTERN UNIVERSITY AT CHICAGO", ,2015,514142,
"STRUCTURAL GENOMICS CENTERS FOR INFECTIOUS DISEASES","NIAID","9098547",272201200026C-7-0-1,,N01,AI,,,,,"9684987","ANDERSON, WAYNE ",Not Applicable,"NORTHWESTERN UNIVERSITY AT CHICAGO", ,2015,88934,
"STRUCTURAL GENOMICS CENTERS FOR INFECTIOUS DISEASES","NIAID","8887086",272201200026C-5-0-9,,N01,AI,,,,,"9684987","ANDERSON, WAYNE ",Not Applicable,"NORTHWESTERN UNIVERSITY AT CHICAGO", ,2014,248936,
"STRUCTURAL GENOMICS CENTERS FOR INFECTIOUS DISEASES","NIAID","8887085",272201200026C-5-0-8,,N01,AI,,,,,"9684987","ANDERSON, WAYNE ",Not Applicable,"NORTHWESTERN UNIVERSITY AT CHICAGO", ,2014,1244675,
"STRUCTURAL GENOMICS CENTERS FOR INFECTIOUS DISEASES","NIAID","8887084",272201200026C-5-0-7,,N01,AI,,,,,"9684987","ANDERSON, WAYNE ",Not Applicable,"NORTHWESTERN UNIVERSITY AT CHICAGO", ,2014,1244675,
"STRUCTURAL GENOMICS CENTERS FOR INFECTIOUS DISEASES","NIAID","8887083",272201200026C-5-0-6,,N01,AI,,,,,"9684987","ANDERSON, WAYNE ",Not Applicable,"NORTHWESTERN UNIVERSITY AT CHICAGO", ,2014,248935,
"STRUCTURAL GENOMICS CENTERS FOR INFECTIOUS DISEASES","NIAID","8887082",272201200026C-5-0-5,,N01,AI,,,,,"9684987","ANDERSON, WAYNE ",Not Applicable,"NORTHWESTERN UNIVERSITY AT CHICAGO", ,2014,497870,
"STRUCTURAL GENOMICS CENTERS FOR INFECTIOUS DISEASES","NIAID","8887081",272201200026C-5-0-4,,N01,AI,,,,,"9684987","ANDERSON, WAYNE ",Not Applicable,"NORTHWESTERN UNIVERSITY AT CHICAGO", ,2014,30008,
"STRUCTURAL GENOMICS CENTERS FOR INFECTIOUS DISEASES","NIAID","8887080",272201200026C-5-0-3,,N01,AI,,,,,"9684987","ANDERSON, WAYNE ",Not Applicable,"NORTHWESTERN UNIVERSITY AT CHICAGO", ,2014,30008,
"STRUCTURAL GENOMICS CENTERS FOR INFECTIOUS DISEASES","NIAID","8887079",272201200026C-5-0-2,,N01,AI,,,,,"9684987","ANDERSON, WAYNE ",Not Applicable,"NORTHWESTERN UNIVERSITY AT CHICAGO", ,2014,1493610,
"STRUCTURAL GENOMICS CENTERS FOR INFECTIOUS DISEASES","NIAID","8930587",272201200026C-5-0-12,,N01,AI,,,,,"9684987","ANDERSON, WAYNE ",Not Applicable,"NORTHWESTERN UNIVERSITY AT CHICAGO", ,2014,15007,
"STRUCTURAL GENOMICS CENTERS FOR INFECTIOUS DISEASES","NIAID","8930580",272201200026C-5-0-11,,N01,AI,,,,,"9684987","ANDERSON, WAYNE ",Not Applicable,"NORTHWESTERN UNIVERSITY AT CHICAGO", ,2014,90026,
"STRUCTURAL GENOMICS CENTERS FOR INFECTIOUS DISEASES","NIAID","8930572",272201200026C-5-0-10,,N01,AI,,,,,"9684987","ANDERSON, WAYNE ",Not Applicable,"NORTHWESTERN UNIVERSITY AT CHICAGO", ,2014,30008,
"STRUCTURAL GENOMICS CENTERS FOR INFECTIOUS DISEASES","NIAID","8887078",272201200026C-5-0-1,,N01,AI,,,,,"9684987","ANDERSON, WAYNE ",Not Applicable,"NORTHWESTERN UNIVERSITY AT CHICAGO", ,2014,105030,
"STRUCTURAL GENOMICS CENTERS FOR INFECTIOUS DISEASES","NIAID","8752477",272201200026C-3-0-9,,N01,AI,,,,,"9684987","ANDERSON, WAYNE ",Not Applicable,"NORTHWESTERN UNIVERSITY AT CHICAGO", ,2013,389570,
"STRUCTURAL GENOMICS CENTERS FOR INFECTIOUS DISEASES","NIAID","8654927",272201200026C-3-0-8,,N01,AI,,,,,"9684987","ANDERSON, WAYNE ",Not Applicable,"NORTHWESTERN UNIVERSITY AT CHICAGO", ,2013,389566,
"STRUCTURAL GENOMICS CENTERS FOR INFECTIOUS DISEASES","NIAID","8654926",272201200026C-3-0-7,,N01,AI,,,,,"9684987","ANDERSON, WAYNE ",Not Applicable,"NORTHWESTERN UNIVERSITY AT CHICAGO", ,2013,730437,
"STRUCTURAL GENOMICS CENTERS FOR INFECTIOUS DISEASES","NIAID","8654925",272201200026C-3-0-6,,N01,AI,,,,,"9684987","ANDERSON, WAYNE ",Not Applicable,"NORTHWESTERN UNIVERSITY AT CHICAGO", ,2013,389566,
"STRUCTURAL GENOMICS CENTERS FOR INFECTIOUS DISEASES","NIAID","8654924",272201200026C-3-0-5,,N01,AI,,,,,"9684987","ANDERSON, WAYNE ",Not Applicable,"NORTHWESTERN UNIVERSITY AT CHICAGO", ,2013,389566,
"STRUCTURAL GENOMICS CENTERS FOR INFECTIOUS DISEASES","NIAID","8654923",272201200026C-3-0-4,,N01,AI,,,,,"9684987","ANDERSON, WAYNE ",Not Applicable,"NORTHWESTERN UNIVERSITY AT CHICAGO", ,2013,152318,
"STRUCTURAL GENOMICS CENTERS FOR INFECTIOUS DISEASES","NIAID","8654922",272201200026C-3-0-3,,N01,AI,,,,,"9684987","ANDERSON, WAYNE ",Not Applicable,"NORTHWESTERN UNIVERSITY AT CHICAGO", ,2013,389566,
"STRUCTURAL GENOMICS CENTERS FOR INFECTIOUS DISEASES","NIAID","8654921",272201200026C-3-0-2,,N01,AI,,,,,"9684987","ANDERSON, WAYNE ",Not Applicable,"NORTHWESTERN UNIVERSITY AT CHICAGO", ,2013,2191313,
"STRUCTURAL GENOMICS CENTERS FOR INFECTIOUS DISEASES","NIAID","8654920",272201200026C-3-0-1,,N01,AI,,,,,"9684987","ANDERSON, WAYNE ",Not Applicable,"NORTHWESTERN UNIVERSITY AT CHICAGO", ,2013,152318,
"STRUCTURAL GENOMICS CENTERS FOR INFECTIOUS DISEASES","NIAID","8563837",272201200026C-1-0-8,,N01,AI,,,,,"11567318","ANDERSON, WAYNE ",Not Applicable,"NORTHWESTERN UNIVERSITY", ,2012,734732,
"STRUCTURAL GENOMICS CENTERS FOR INFECTIOUS DISEASES","NIAID","8563836",272201200026C-1-0-7,,N01,AI,,,,,"11567318","ANDERSON, WAYNE ",Not Applicable,"NORTHWESTERN UNIVERSITY", ,2012,979640,
"STRUCTURAL GENOMICS CENTERS FOR INFECTIOUS DISEASES","NIAID","8563835",272201200026C-1-0-6,,N01,AI,,,,,"11567318","ANDERSON, WAYNE ",Not Applicable,"NORTHWESTERN UNIVERSITY", ,2012,244910,
"STRUCTURAL GENOMICS CENTERS FOR INFECTIOUS DISEASES","NIAID","8563834",272201200026C-1-0-5,,N01,AI,,,,,"11567318","ANDERSON, WAYNE ",Not Applicable,"NORTHWESTERN UNIVERSITY", ,2012,489820,
"STRUCTURAL GENOMICS CENTERS FOR INFECTIOUS DISEASES","NIAID","8563833",272201200026C-1-0-4,,N01,AI,,,,,"11567318","ANDERSON, WAYNE ",Not Applicable,"NORTHWESTERN UNIVERSITY", ,2012,244910,
"STRUCTURAL GENOMICS CENTERS FOR INFECTIOUS DISEASES","NIAID","8563832",272201200026C-1-0-3,,N01,AI,,,,,"11567318","ANDERSON, WAYNE ",Not Applicable,"NORTHWESTERN UNIVERSITY", ,2012,489820,
"STRUCTURAL GENOMICS CENTERS FOR INFECTIOUS DISEASES","NIAID","8563831",272201200026C-1-0-2,,N01,AI,,,,,"11567318","ANDERSON, WAYNE ",Not Applicable,"NORTHWESTERN UNIVERSITY", ,2012,1469460,
"STRUCTURAL GENOMICS CENTERS FOR INFECTIOUS DISEASES","NIAID","8563830",272201200026C-1-0-1,,N01,AI,,,,,"11567318","ANDERSON, WAYNE ",Not Applicable,"NORTHWESTERN UNIVERSITY", ,2012,244910,
"X-RAY DETECTOR: STRUCTURAL PROTEIN; GENOMICS & PROTEOMICS; ENZYNMES","NCRR","7166376",1S10RR020930-01,1,S10,RR,020930,01,,0001,"1861159","ANDERSON, WAYNE F",Not Applicable,"NORTHWESTERN UNIVERSITY AT CHICAGO", ,2005,,350000
"STRUCTURAL PROTEIN: PARAMYXOVIRUS; YERSINA; BACTERIOPHYTOCHROME; D RADIODURANS","NCRR","7166377",1S10RR020930-01,1,S10,RR,020930,01,,0002,"1861159","ANDERSON, WAYNE F",Not Applicable,"NORTHWESTERN UNIVERSITY AT CHICAGO", ,2005,,100000
"X-RAY DETECTOR: STRUCTURAL PROTEIN & NEUROSCIENCES","NCRR","7166378",1S10RR020930-01,1,S10,RR,020930,01,,0003,"1861159","ANDERSON, WAYNE F",Not Applicable,"NORTHWESTERN UNIVERSITY AT CHICAGO", ,2005,,50000
"X-Ray Detector for the Life Sciences CAT at the APS","NCRR","6877407",1S10RR020930-01,1,S10,RR,020930,01,,,"1861159","ANDERSON, WAYNE F",Not Applicable,"NORTHWESTERN UNIVERSITY AT CHICAGO", ,2005,500000,

