----------------------------------------------------------------------------------Search Criteria:  Search in: Projects 		AdminIC: All; Principal Investigator / Project Leader: BROOKS; WILLIAM; Fiscal Year: 2016; 2015; 2014; 2013; 2012; 2011; 2010; 2009; 2008; 2007; 2006; 2005; 2004; 2003; 2002; 2001; 2000; 1999; 1998; 1997; 1996 ----------------------------------------------------------------------------------Project Title,Administering  IC,Application ID,Project Number,Type,Activity,IC,Serial Number,Support Year,Suffix,Subproject Number ,Contact PI  Person ID,Contact PI / Project Leader,Other PI or Project Leader(s),Organization Name,ARRA Indicator,FY,FY Total Cost ,FY Total Cost  (Sub Projects),
"NEUROCHEMISTRY AND BRAIN FUNCTION IN AGING","NIA","2757754",1R03AG016418-01,1,R03,AG,016418,01,,,"7320875","BROOKS, WILLIAM M.",Not Applicable,"UNIVERSITY OF NEW MEXICO", ,1999,59088,
"Core G: Neuroimaging Core","NIA","9172555",2P30AG035982-06,2,P30,AG,035982,06,,7079,"7320875","BROOKS, WILLIAM M.",Not Applicable,"UNIVERSITY OF KANSAS MEDICAL CENTER", ,2016,,89750
"Neurometabolism and Outcome in Traumatic Brain Injury","NINDS","6804069",5R01NS039123-04,5,R01,NS,039123,04,,,"7320875","BROOKS, WILLIAM M.",Not Applicable,"UNIVERSITY OF KANSAS MEDICAL CENTER", ,2004,272777,
"Neurometabolism and Outcome in Traumatic Brain Injury","NINDS","6637364",7R01NS039123-03,7,R01,NS,039123,03,,,"7320875","BROOKS, WILLIAM M.",Not Applicable,"UNIVERSITY OF KANSAS MEDICAL CENTER", ,2003,270657,
"Neurometabolism and Outcome in Traumatic Brain Injury","NINDS","6529600",5R01NS039123-02,5,R01,NS,039123,02,,,"7320875","BROOKS, WILLIAM M.",Not Applicable,"UNIVERSITY OF NEW MEXICO", ,2002,280375,
"Neurometabolism and Outcome in Traumatic Brain Injury","NINDS","6399133",1R01NS039123-01A2,1,R01,NS,039123,01,A2,,"7320875","BROOKS, WILLIAM M.",Not Applicable,"UNIVERSITY OF NEW MEXICO", ,2001,280375,
"Brain Metabolism and Outcome Following TBI in Children","NINDS","6322046",1R21NS041390-01,1,R21,NS,041390,01,,,"7320875","BROOKS, WILLIAM M.",Not Applicable,"UNIVERSITY OF NEW MEXICO", ,2001,157500,
"Brain Metabolism & Outcome After Traumatic Brain Injury","NCRR","7043233",5M01RR000997-29,5,M01,RR,000997,29,,0790,"7320875","BROOKS, WILLIAM M.",Not Applicable,"UNIVERSITY OF NEW MEXICO", ,2004,,251
"NEUROMETABOLISM AND OUTCOME IN TRAUMATIC BRAIN INJURY ? A MRI AND","NCRR","8171171",5P41RR013642-13,5,P41,RR,013642,13,,7088,"7320875","BROOKS, WILLIAM M.",Not Applicable,"UNIVERSITY OF CALIFORNIA LOS ANGELES", ,2010,,3039
"NEUROMETABOLISM AND OUTCOME IN TRAUMATIC BRAIN INJURY ? A MRI AND","NCRR","7955813",5P41RR013642-12,5,P41,RR,013642,12,,6052,"7320875","BROOKS, WILLIAM M.",Not Applicable,"UNIVERSITY OF CALIFORNIA LOS ANGELES", ,2009,,6798
"NEUROMETABOLISM AND OUTCOME IN TRAUMATIC BRAIN INJURY ? A MRI AND","NCRR","7724549",5P41RR013642-11,5,P41,RR,013642,11,,6763,"7320875","BROOKS, WILLIAM M.",Not Applicable,"UNIVERSITY OF CALIFORNIA LOS ANGELES", ,2008,,2576
"BASIS OF MRS SIGNALS AFTER TRAUMATIC BRAIN INJURY","NCRR","6716584",5P20RR015636-03,5,P20,RR,015636,03,,0002,"7320875","BROOKS, WILLIAM M.",Not Applicable,"UNIVERSITY OF NEW MEXICO", ,2003,,287175
"BASIS OF MRS SIGNALS AFTER TRAUMATIC BRAIN INJURY","NCRR","6569296",5P20RR015636-02,5,P20,RR,015636,02,,0002,"7320875","BROOKS, WILLIAM M.",Not Applicable,"UNIVERSITY OF NEW MEXICO", ,2002,,287175
"BASIS OF MRS SIGNALS AFTER TRAUMATIC BRAIN INJURY","NCRR","6456838",1P20RR015636-01,1,P20,RR,015636,01,,0002,"7320875","BROOKS, WILLIAM M.",Not Applicable,"UNIVERSITY OF NEW MEXICO", ,2001,,287175
"Siemens Magnetom Verio MRI Scanner","NCRR","7840228",1S10RR029577-01,1,S10,RR,029577,01,,,"7320875","BROOKS, WILLIAM M.",Not Applicable,"UNIVERSITY OF KANSAS MEDICAL CENTER",YES,2010,2883041,

