----------------------------------------------------------------------------------Search Criteria:  Search in: Projects 		AdminIC: All; Principal Investigator / Project Leader: GRAY; WILLIAM M; Fiscal Year: 2016; 2015; 2014; 2013; 2012; 2011; 2010; 2009; 2008; 2007; 2006; 2005; 2004; 2003; 2002; 2001; 2000; 1999; 1998; 1997; 1996 ----------------------------------------------------------------------------------Project Title,Administering  IC,Application ID,Project Number,Type,Activity,IC,Serial Number,Support Year,Suffix,Subproject Number ,Contact PI  Person ID,Contact PI / Project Leader,Other PI or Project Leader(s),Organization Name,ARRA Indicator,FY,FY Total Cost ,FY Total Cost  (Sub Projects),
"ARABIDOPSIS TIR1 GENE","NIGMS","6209785",3F32GM018680-03S1,3,F32,GM,018680,03,S1,,"1890397","GRAY, WILLIAM M",Not Applicable,"UNIVERSITY OF TEXAS AUSTIN", ,2000,19616,
"ARABIDOPSIS TIR1 GENE","NIGMS","6018314",7F32GM018680-03,7,F32,GM,018680,03,,,"1890397","GRAY, WILLIAM M",Not Applicable,"UNIVERSITY OF TEXAS AUSTIN", ,1999,19184,
"ARABIDOPSIS TIR1 GENE","NIGMS","2749756",5F32GM018680-02,5,F32,GM,018680,02,,,"1890397","GRAY, WILLIAM M",Not Applicable,"INDIANA UNIVERSITY BLOOMINGTON", ,1998,30160,
"ARABIDOPSIS TIR1 GENE","NIGMS","2417907",1F32GM018680-01A1,1,F32,GM,018680,01,A1,,"1890397","GRAY, WILLIAM M",Not Applicable,"INDIANA UNIVERSITY BLOOMINGTON", ,1997,25420,
"Molecular mechanisms of auxin response in Arabidopsis","NIGMS","8600694",5R01GM067203-09,5,R01,GM,067203,09,,,"1890397","GRAY, WILLIAM M",Not Applicable,"UNIVERSITY OF MINNESOTA", ,2014,265479,
"Molecular mechanisms of auxin response in Arabidopsis","NIGMS","8403062",5R01GM067203-08,5,R01,GM,067203,08,,,"1890397","GRAY, WILLIAM M",Not Applicable,"UNIVERSITY OF MINNESOTA", ,2013,256674,
"Molecular mechanisms of auxin response in Arabidopsis","NIGMS","8209054",5R01GM067203-07,5,R01,GM,067203,07,,,"1890397","GRAY, WILLIAM M",Not Applicable,"UNIVERSITY OF MINNESOTA", ,2012,266466,
"Molecular mechanisms of auxin response in Arabidopsis","NIGMS","8038062",2R01GM067203-06A1,2,R01,GM,067203,06,A1,,"1890397","GRAY, WILLIAM M",Not Applicable,"UNIVERSITY OF MINNESOTA", ,2011,260673,
"Molecular mechanisms of auxin response in Arabidopsis","NIGMS","7934287",3R01GM067203-05S1,3,R01,GM,067203,05,S1,,"1890397","GRAY, WILLIAM M",Not Applicable,"UNIVERSITY OF MINNESOTA",YES,2009,232417,
"Molecular mechanisms of auxin response in Arabidopsis","NIGMS","7489335",5R01GM067203-05,5,R01,GM,067203,05,,,"1890397","GRAY, WILLIAM M",Not Applicable,"UNIVERSITY OF MINNESOTA", ,2008,213008,
"Molecular mechanisms of auxin response in Arabidopsis","NIGMS","7284151",5R01GM067203-04,5,R01,GM,067203,04,,,"1890397","GRAY, WILLIAM M",Not Applicable,"UNIVERSITY OF MINNESOTA", ,2007,213008,
"Molecular mechanisms of auxin response in Arabidopsis","NIGMS","6843749",5R01GM067203-03,5,R01,GM,067203,03,,,"1890397","GRAY, WILLIAM M",Not Applicable,"UNIVERSITY OF MINNESOTA TWIN CITIES", ,2006,219513,
"Molecular mechanisms of auxin response in Arabidopsis","NIGMS","6693316",5R01GM067203-02,5,R01,GM,067203,02,,,"1890397","GRAY, WILLIAM M",Not Applicable,"UNIVERSITY OF MINNESOTA TWIN CITIES", ,2004,224877,
"Molecular mechanisms of auxin response in Arabidopsis","NIGMS","6569484",1R01GM067203-01,1,R01,GM,067203,01,,,"1890397","GRAY, WILLIAM M",Not Applicable,"UNIVERSITY OF MINNESOTA TWIN CITIES", ,2003,221421,

