----------------------------------------------------------------------------------Search Criteria:  Search in: Projects 		AdminIC: All; Principal Investigator / Project Leader: HOUVRAS; YARIV; Fiscal Year: 2016; 2015; 2014; 2013; 2012; 2011; 2010; 2009; 2008; 2007; 2006; 2005; 2004; 2003; 2002; 2001; 2000; 1999; 1998; 1997; 1996 ----------------------------------------------------------------------------------Project Title,Administering  IC,Application ID,Project Number,Type,Activity,IC,Serial Number,Support Year,Suffix,Subproject Number ,Contact PI  Person ID,Contact PI / Project Leader,Other PI or Project Leader(s),Organization Name,ARRA Indicator,FY,FY Total Cost ,FY Total Cost  (Sub Projects),
"Building personalized avatars of human cancer to predict response to therapy","NCI","9025326",1R21CA202540-01,1,R21,CA,202540,01,,,"1885309","HOUVRAS, YARIV J",Not Applicable,"WEILL MEDICAL COLL OF CORNELL UNIV", ,2016,221198,
"Hematopoietic Stem Cell Development in Zebrafish","NIDDK","8256854",7K08DK075432-06,7,K08,DK,075432,06,,,"1885309","HOUVRAS, YARIV J",Not Applicable,"WEILL MEDICAL COLL OF CORNELL UNIV", ,2010,133110,
"Hematopoietic Stem Cell Development in Zebrafish","NIDDK","7655540",5K08DK075432-04,5,K08,DK,075432,04,,,"1885309","HOUVRAS, YARIV J",Not Applicable,"MASSACHUSETTS GENERAL HOSPITAL", ,2009,133110,
"Hematopoietic Stem Cell Development in Zebrafish","NIDDK","7497435",5K08DK075432-03,5,K08,DK,075432,03,,,"1885309","HOUVRAS, YARIV J",Not Applicable,"MASSACHUSETTS GENERAL HOSPITAL", ,2008,133110,
"Hematopoietic Stem Cell Development in Zebrafish","NIDDK","7279309",7K08DK075432-02,7,K08,DK,075432,02,,,"1885309","HOUVRAS, YARIV J",Not Applicable,"MASSACHUSETTS GENERAL HOSP", ,2007,133110,
"Hematopoietic Stem Cell Development in Zebrafish","NIDDK","7130903",1K08DK075432-01,1,K08,DK,075432,01,,,"1885309","HOUVRAS, YARIV J",Not Applicable,"DANA-FARBER CANCER INSTITUTE", ,2006,133110,

