----------------------------------------------------------------------------------Search Criteria:  Search in: Projects 		AdminIC: All; Principal Investigator / Project Leader: CHERNOFF; YURY O; Fiscal Year: 2016; 2015; 2014; 2013; 2012; 2011; 2010; 2009; 2008; 2007; 2006; 2005; 2004; 2003; 2002; 2001; 2000; 1999; 1998; 1997; 1996 ----------------------------------------------------------------------------------Project Title,Administering  IC,Application ID,Project Number,Type,Activity,IC,Serial Number,Support Year,Suffix,Subproject Number ,Contact PI  Person ID,Contact PI / Project Leader,Other PI or Project Leader(s),Organization Name,ARRA Indicator,FY,FY Total Cost ,FY Total Cost  (Sub Projects),
"GENETIC STUDY OF PRION-CHAPERONE INTERACTIONS IN YEAST","NIGMS","2655023",5R21GM055091-02,5,R21,GM,055091,02,,,"1878672","CHERNOFF, YURY O",Not Applicable,"GEORGIA INSTITUTE OF TECHNOLOGY", ,1998,103663,
"GENETIC STUDY OF PRION-CHAPERONE INTERACTIONS IN YEAST","NIGMS","2501627",1R21GM055091-01,1,R21,GM,055091,01,,,"1878672","CHERNOFF, YURY O",Not Applicable,"GEORGIA INSTITUTE OF TECHNOLOGY", ,1997,103754,
"Genetic Study of the Yeast Prion-Interacting Proteins","NIGMS","7754095",5R01GM058763-11,5,R01,GM,058763,11,,,"1878672","CHERNOFF, YURY O",Not Applicable,"GEORGIA INSTITUTE OF TECHNOLOGY", ,2010,265253,
"Genetic Study of the Yeast Prion-Interacting Proteins","NIGMS","7990149",3R01GM058763-10S1,3,R01,GM,058763,10,S1,,"1878672","CHERNOFF, YURY O",Not Applicable,"GEORGIA INSTITUTE OF TECHNOLOGY",YES,2010,126242,
"Genetic Study of the Yeast Prion-Interacting Proteins","NIGMS","7545445",5R01GM058763-10,5,R01,GM,058763,10,,,"1878672","CHERNOFF, YURY O",Not Applicable,"GEORGIA INSTITUTE OF TECHNOLOGY", ,2009,267932,
"Genetic Study of the Yeast Prion-Interacting Proteins","NIGMS","7416597",5R01GM058763-09,5,R01,GM,058763,09,,,"1878672","CHERNOFF, YURY O",Not Applicable,"GEORGIA INSTITUTE OF TECHNOLOGY", ,2008,267932,
"Genetic Study of the Yeast Prion-Interacting Proteins","NIGMS","7208371",2R01GM058763-08,2,R01,GM,058763,08,,,"1878672","CHERNOFF, YURY O",Not Applicable,"GEORGIA INSTITUTE OF TECHNOLOGY", ,2007,193618,
"Genetic Study of the Yeast Prion-Interacting Proteins","NIGMS","7339978",3R01GM058763-07S1,3,R01,GM,058763,07,S1,,"1878672","CHERNOFF, YURY O",Not Applicable,"GEORGIA INSTITUTE OF TECHNOLOGY", ,2007,84544,
"Genetic Study of the Yeast Prion-Interacting Proteins","NIGMS","6936530",5R01GM058763-07,5,R01,GM,058763,07,,,"1878672","CHERNOFF, YURY O",Not Applicable,"GEORGIA INSTITUTE OF TECHNOLOGY", ,2005,249912,
"Genetic Study of the Yeast Prion-Interacting Proteins","NIGMS","6798178",5R01GM058763-06,5,R01,GM,058763,06,,,"1878672","CHERNOFF, YURY O",Not Applicable,"GEORGIA INSTITUTE OF TECHNOLOGY", ,2004,265434,
"Genetic Study of the Yeast Prion-Interacting Proteins","NIGMS","6648446",5R01GM058763-05,5,R01,GM,058763,05,,,"1878672","CHERNOFF, YURY O",Not Applicable,"GEORGIA INSTITUTE OF TECHNOLOGY", ,2003,265434,
"Genetic Study of the Yeast Prion-Interacting Proteins","NIGMS","6541678",2R01GM058763-04A1,2,R01,GM,058763,04,A1,,"1878672","CHERNOFF, YURY O",Not Applicable,"GEORGIA INSTITUTE OF TECHNOLOGY", ,2002,325956,
"GENETIC STUDY OF THE YEAST PRION INTERACTING PROTEINS","NIGMS","6343057",5R01GM058763-03,5,R01,GM,058763,03,,,"1878672","CHERNOFF, YURY O",Not Applicable,"GEORGIA INSTITUTE OF TECHNOLOGY", ,2001,148300,
"GENETIC STUDY OF THE YEAST PRION INTERACTING PROTEINS","NIGMS","6138698",5R01GM058763-02,5,R01,GM,058763,02,,,"1878672","CHERNOFF, YURY O",Not Applicable,"GEORGIA INSTITUTE OF TECHNOLOGY", ,2000,148300,
"GENETIC STUDY OF THE YEAST PRION INTERACTING PROTEINS","NIGMS","2739238",1R01GM058763-01,1,R01,GM,058763,01,,,"1878672","CHERNOFF, YURY O",Not Applicable,"GEORGIA INSTITUTE OF TECHNOLOGY", ,1999,148300,
"Phenotypic detection of mouse PrP aggregation in yeast","FIC","7185128",5R03TW006965-03,5,R03,TW,006965,03,,,"1878672","CHERNOFF, YURY O",Not Applicable,"GEORGIA INSTITUTE OF TECHNOLOGY", ,2007,33654,
"Phenotypic detection of mouse PrP aggregation in yeast","FIC","7035298",5R03TW006965-02,5,R03,TW,006965,02,,,"1878672","CHERNOFF, YURY O",Not Applicable,"GEORGIA INSTITUTE OF TECHNOLOGY", ,2006,34659,
"Phenotypic detection of mouse PrP aggregation in yeast","FIC","6926788",1R03TW006965-01A1,1,R03,TW,006965,01,A1,,"1878672","CHERNOFF, YURY O",Not Applicable,"GEORGIA INSTITUTE OF TECHNOLOGY", ,2005,47968,

