"","Victories","Period"
"10",2,"phase1"
"13",2,"phase1"
"19",6,"phase1"
"29",2,"phase1"
"35",6,"phase1"
"44",3,"phase1"
"49",1,"phase1"
"54",5,"phase1"
"57",1,"phase1"
"58",3,"phase1"
"60",1,"phase1"
"61",2,"phase1"
"73",3,"phase1"
"74",10,"phase1"
"77",2,"phase1"
"81",17,"phase1"
"86",3,"phase1"
"88",2,"phase1"
"93",5,"phase1"
"98",6,"phase1"
"108",4,"phase1"
"118",1,"phase1"
"127",8,"phase1"
"129",6,"phase1"
"138",2,"phase1"
"142",11,"phase1"
"157",7,"phase1"
"161",6,"phase1"
"170",10,"phase1"
"171",2,"phase1"
"178",1,"phase1"
"182",7,"phase1"
"190",5,"phase1"
"210",1,"phase1"
"212",8,"phase1"
"218",1,"phase1"
"219",9,"phase1"
"220",1,"phase1"
"222",3,"phase1"
"232",1,"phase1"
"240",1,"phase1"
"257",12,"phase1"
"264",2,"phase1"
"266",7,"phase1"
"271",10,"phase1"
"272",4,"phase1"
"281",4,"phase1"
"305",1,"phase1"
"308",8,"phase1"
"323",2,"phase1"
"325",13,"phase1"
"344",4,"phase1"
"345",2,"phase1"
"354",9,"phase1"
"357",4,"phase1"
"368",3,"phase1"
"380",2,"phase1"
"383",4,"phase1"
"385",5,"phase1"
"396",4,"phase1"
"397",2,"phase1"
"400",14,"phase1"
"407",5,"phase1"
"410",1,"phase1"
"433",4,"phase1, phase2"
"436",2,"phase1, phase2"
"438",5,"phase1, phase2"
"441",6,"phase1, phase2"
"449",8,"phase1, phase2"
"463",6,"phase1, phase2"
"472",9,"phase1, phase2"
"485",7,"phase1, phase2"
"492",2,"phase1, phase2"
"500",18,"phase1, phase2"
"505",6,"phase1, phase2"
"506",5,"phase1, phase2"
"510",2,"phase1, phase2"
"511",6,"phase1, phase2"
"512",2,"phase1, phase2"
"530",1,"phase1, phase2"
"531",5,"phase1, phase2"
"532",19,"phase1, phase2"
"535",2,"phase1, phase2"
"541",1,"phase1, phase2"
"545",2,"phase1, phase2"
"546",72,"phase1, phase2"
"552",19,"phase1, phase2"
"554",4,"phase1, phase2"
"563",7,"phase1, phase2"
"564",3,"phase1, phase2"
"571",9,"phase1, phase2"
"586",4,"phase1, phase2"
"587",1,"phase1, phase2"
"589",10,"phase1, phase2"
"602",4,"phase1, phase2"
"611",3,"phase1, phase2"
"617",17,"phase1, phase2"
"619",11,"phase1, phase2"
"622",1,"phase1, phase2"
"634",2,"phase1, phase2"
"638",22,"phase1, phase2"
"655",4,"phase1, phase2"
"657",42,"phase1, phase2"
"662",18,"phase1, phase2"
"671",20,"phase1, phase2"
"672",5,"phase1, phase2"
"680",2,"phase1, phase2"
"683",2,"phase1, phase2"
"691",13,"phase1, phase2"
"692",1,"phase1, phase2"
"702",15,"phase1, phase2"
"719",1,"phase1, phase2"
"726",1,"phase1, phase2"
"727",12,"phase1, phase2"
"729",10,"phase1, phase2"
"735",6,"phase1, phase2"
"736",18,"phase1, phase2"
"737",2,"phase1, phase2"
"741",10,"phase1, phase2"
"753",13,"phase1, phase2"
"760",12,"phase1, phase2"
"770",10,"phase1, phase2"
"801",43,"phase1, phase2"
"803",7,"phase1, phase2"
"804",3,"phase1, phase2"
"811",6,"phase1, phase2"
"813",10,"phase1, phase2"
"819",25,"phase1, phase2"
"820",2,"phase1, phase2"
"821",4,"phase1, phase2"
"829",1,"phase1, phase2"
"836",20,"phase1, phase2"
"867",2,"phase1, phase2"
"869",5,"phase1, phase2"
"873",2,"phase1, phase2"
"874",8,"phase1, phase2"
"882",21,"phase1, phase2"
"884",1,"phase1, phase2"
"892",12,"phase1, phase2"
"894",24,"phase1, phase2"
"905",1,"phase1, phase2"
"921",9,"phase1, phase2"
"922",6,"phase1, phase2"
"928",1,"phase1, phase2"
"936",30,"phase1, phase2"
"939",1,"phase1, phase2"
"940",17,"phase1, phase2"
"951",3,"phase1, phase2"
"957",9,"phase1, phase2"
"962",6,"phase1, phase2"
"968",1,"phase1, phase2"
"973",5,"phase1, phase2"
"976",9,"phase1, phase2"
"978",9,"phase1, phase2"
"981",1,"phase1, phase2"
"982",1,"phase1, phase2"
"987",1,"phase1, phase2"
"997",8,"phase1, phase2"
"998",6,"phase1, phase2"
"1001",56,"phase1, phase2"
"1007",6,"phase1, phase2"
"1009",9,"phase1, phase2"
"1010",1,"phase1, phase2"
"1013",9,"phase1, phase2"
"1015",11,"phase1, phase2"
"1017",1,"phase1, phase2"
"1023",2,"phase1, phase2"
"1047",23,"phase1, phase2, phase3"
"1050",54,"phase1, phase2, phase3"
"1060",126,"phase1, phase2, phase3"
"1065",8,"phase1, phase2, phase3"
"1066",10,"phase1, phase2, phase3"
"1070",106,"phase1, phase2, phase3"
"1077",41,"phase1, phase2, phase3"
"1084",12,"phase1, phase2, phase3"
"1086",35,"phase1, phase2, phase3"
"1090",36,"phase1, phase2, phase3"
"1092",42,"phase1, phase2, phase3"
"1098",44,"phase1, phase2, phase3"
"1106",60,"phase1, phase2, phase3"
"1112",8,"phase1, phase2, phase3"
"1117",62,"phase1, phase2, phase3"
"1124",8,"phase1, phase2, phase3"
"1141",25,"phase1, phase2, phase3"
"1159",22,"phase1, phase2, phase3"
"1168",57,"phase1, phase2, phase3"
"1173",28,"phase1, phase2, phase3"
"1194",5,"phase1, phase2, phase3"
"1198",121,"phase1, phase2, phase3"
"1202",114,"phase1, phase2, phase3"
"1208",10,"phase1, phase2, phase3"
"1217",68,"phase1, phase2, phase3"
"1229",58,"phase1, phase2, phase3"
"1231",8,"phase1, phase2, phase3"
"1250",18,"phase1, phase2, phase3"
"1251",52,"phase1, phase2, phase3"
"1257",22,"phase1, phase2, phase3"
"1258",59,"phase1, phase2, phase3"
"1264",16,"phase1, phase2, phase3"
"1265",22,"phase1, phase2, phase3"
"1266",38,"phase1, phase2, phase3"
"1274",9,"phase1, phase2, phase3"
"1277",58,"phase1, phase2, phase3"
"1294",11,"phase1, phase2, phase3"
"1317",16,"phase1, phase2, phase3"
"1326",25,"phase1, phase2, phase3"
"1328",60,"phase1, phase2, phase3"
"1332",40,"phase1, phase2, phase3"
"1337",8,"phase1, phase2, phase3"
"1344",60,"phase1, phase2, phase3"
"1348",35,"phase1, phase2, phase3"
"1355",71,"phase1, phase2, phase3"
"1358",100,"phase1, phase2, phase3"
"1359",17,"phase1, phase2, phase3"
"1360",41,"phase1, phase2, phase3"
"1370",23,"phase1, phase2, phase3"
"1373",104,"phase1, phase2, phase3"
"1377",8,"phase1, phase2, phase3"
"1378",14,"phase1, phase2, phase3"
"1397",45,"phase1, phase2, phase3"
"1399",149,"phase1, phase2, phase3"
"1400",24,"phase1, phase2, phase3"
"1401",2,"phase1, phase2, phase3"
"1411",202,"phase1, phase2, phase3"
"1414",105,"phase1, phase2, phase3"
"1418",2,"phase1, phase2, phase3"
"1425",102,"phase1, phase2, phase3"
"1445",124,"phase1, phase2, phase3"
"1446",36,"phase1, phase2, phase3"
"1447",12,"phase1, phase2, phase3"
"1449",81,"phase1, phase2, phase3"
"1455",12,"phase1, phase2, phase3"
"1472",31,"phase1, phase2, phase3"
"1473",13,"phase1, phase2, phase3"
"1481",38,"phase1, phase2, phase3"
"1483",57,"phase1, phase2, phase3"
"1499",10,"phase1, phase2, phase3"
"1508",35,"phase1, phase2, phase3"
"1511",30,"phase1, phase2, phase3"
"1517",53,"phase1, phase2, phase3"
"1524",5,"phase1, phase2, phase3"
"1531",17,"phase1, phase2, phase3"
"1535",3,"phase1, phase2, phase3"
"1536",6,"phase1, phase2, phase3"
"1547",1,"phase1, phase2, phase3"
"1549",61,"phase1, phase2, phase3"
"1570",2,"phase1, phase2, phase3"
"1586",6,"phase1, phase2, phase3"
"1587",8,"phase1, phase2, phase3"
"1590",70,"phase1, phase2, phase3"
"1600",67,"phase1, phase2, phase3"
"1615",4,"phase1, phase2, phase3"
"1616",20,"phase1, phase2, phase3"
"1618",80,"phase1, phase2, phase3"
"1634",151,"phase1, phase2, phase3"
"1645",40,"phase1, phase2, phase3"
"1650",131,"phase1, phase2, phase3"
"1659",28,"phase1, phase2, phase3"
"1676",27,"phase1, phase2, phase3"
"1677",20,"phase1, phase2, phase3"
"1686",39,"phase1, phase2, phase3"
"1688",32,"phase1, phase2, phase3"
"1699",7,"phase1, phase2, phase3"
"1700",19,"phase1, phase2, phase3"
"1718",57,"phase1, phase2, phase3"
"1743",1,"phase1, phase2, phase3"
"1751",39,"phase1, phase2, phase3"
"1764",11,"phase1, phase2, phase3"
"1767",49,"phase1, phase2, phase3"
"1771",101,"phase1, phase2, phase3"
"1772",67,"phase1, phase2, phase3"
"1778",1,"phase1, phase2, phase3"
"1779",28,"phase1, phase2, phase3"
"1782",23,"phase1, phase2, phase3"
"1786",23,"phase1, phase2, phase3"
"1787",9,"phase1, phase2, phase3"
"1791",33,"phase1, phase2, phase3"
"1796",5,"phase1, phase2, phase3"
"1832",158,"phase1, phase2, phase3"
"1844",25,"phase1, phase2, phase3"
"1867",43,"phase1, phase2, phase3"
"1875",11,"phase1, phase2, phase3"
"1909",1,"phase1, phase2, phase3"
"1938",108,"phase1, phase2, phase3"
"1941",37,"phase1, phase2, phase3"
"1944",79,"phase1, phase2, phase3"
"1957",41,"phase1, phase2, phase3"
"1964",44,"phase1, phase2, phase3"
"1970",81,"phase1, phase2, phase3"
"1975",46,"phase1, phase2, phase3"
"1992",88,"phase1, phase2, phase3"
"1996",49,"phase1, phase2, phase3"
"1999",50,"phase1, phase2, phase3"
"2002",42,"phase1, phase2, phase3"
"2005",2,"phase1, phase2, phase3"
"2010",20,"phase1, phase2, phase3"
"2028",4,"phase1, phase2, phase3"
"2030",16,"phase1, phase2, phase3"
"2044",69,"phase1, phase2, phase3"
"2049",60,"phase1, phase2, phase3"
"2055",6,"phase1, phase2, phase3"
"2074",50,"phase1, phase2, phase3"
"2081",1,"phase1, phase2, phase3"
"2098",1,"phase1, phase2, phase3"
"2113",9,"phase1, phase2, phase3"
"2115",12,"phase1, phase2, phase3"
"2121",45,"phase1, phase2, phase3"
"2125",64,"phase1, phase2, phase3"
"2128",8,"phase1, phase2, phase3"
"2136",42,"phase1, phase2, phase3"
"2140",47,"phase1, phase2, phase3"
"2143",11,"phase1, phase2, phase3"
"2158",20,"phase1, phase2, phase3"
"2160",88,"phase1, phase2, phase3"
"2181",66,"phase1, phase2, phase3"
"2214",51,"phase1, phase2, phase3"
"2215",82,"phase1, phase2, phase3"
"2225",44,"phase1, phase2, phase3"
"2226",13,"phase1, phase2, phase3"
"2230",32,"phase1, phase2, phase3"
"2238",3,"phase1, phase2, phase3"
"2253",31,"phase1, phase2, phase3"
"2259",59,"phase1, phase2, phase3"
"2260",27,"phase1, phase2, phase3"
"2277",15,"phase1, phase2, phase3"
"2282",15,"phase1, phase2, phase3"
"2290",34,"phase1, phase2, phase3"
"2298",13,"phase1, phase2, phase3"
"2302",50,"phase1, phase2, phase3"
"2310",48,"phase1, phase2, phase3"
"2314",5,"phase1, phase2, phase3"
"2317",11,"phase1, phase2, phase3"
"2323",3,"phase1, phase2, phase3"
"2331",15,"phase1, phase2, phase3"
"2343",122,"phase1, phase2, phase3"
"2348",56,"phase1, phase2, phase3"
"2349",58,"phase1, phase2, phase3"
"2356",16,"phase1, phase2, phase3"
"2359",10,"phase1, phase2, phase3"
"2362",21,"phase1, phase2, phase3"
"2363",6,"phase1, phase2, phase3"
"2375",56,"phase1, phase2, phase3"
"2376",10,"phase1, phase2, phase3"
"2377",38,"phase1, phase2, phase3"
"2392",11,"phase1, phase2, phase3"
"2395",31,"phase1, phase2, phase3"
"2406",21,"phase1, phase2, phase3"
"2408",62,"phase1, phase2, phase3"
"2412",56,"phase1, phase2, phase3"
"2424",25,"phase1, phase2, phase3"
"2427",5,"phase1, phase2, phase3"
"2432",14,"phase1, phase2, phase3"
"2433",9,"phase1, phase2, phase3"
"2438",17,"phase1, phase2, phase3"
"2439",33,"phase1, phase2, phase3"
"2443",15,"phase1, phase2, phase3"
"2449",8,"phase1, phase2, phase3"
"2451",71,"phase1, phase2, phase3"
"2455",86,"phase1, phase2, phase3"
"2465",34,"phase1, phase2, phase3"
"2468",6,"phase1, phase2, phase3"
"2470",54,"phase1, phase2, phase3"
"2503",23,"phase1, phase2, phase3, phase4"
"2507",79,"phase1, phase2, phase3, phase4"
"2508",54,"phase1, phase2, phase3, phase4"
"2519",301,"phase1, phase2, phase3, phase4"
"2529",240,"phase1, phase2, phase3, phase4"
"2530",21,"phase1, phase2, phase3, phase4"
"2534",106,"phase1, phase2, phase3, phase4"
"2543",42,"phase1, phase2, phase3, phase4"
"2551",22,"phase1, phase2, phase3, phase4"
"2553",37,"phase1, phase2, phase3, phase4"
"2558",36,"phase1, phase2, phase3, phase4"
"2560",55,"phase1, phase2, phase3, phase4"
"2571",53,"phase1, phase2, phase3, phase4"
"2580",60,"phase1, phase2, phase3, phase4"
"2587",8,"phase1, phase2, phase3, phase4"
"2593",117,"phase1, phase2, phase3, phase4"
"2595",108,"phase1, phase2, phase3, phase4"
"2603",13,"phase1, phase2, phase3, phase4"
"2623",44,"phase1, phase2, phase3, phase4"
"2645",37,"phase1, phase2, phase3, phase4"
"2660",60,"phase1, phase2, phase3, phase4"
"2670",28,"phase1, phase2, phase3, phase4"
"2678",77,"phase1, phase2, phase3, phase4"
"2692",21,"phase1, phase2, phase3, phase4"
"2702",9,"phase1, phase2, phase3, phase4"
"2706",133,"phase1, phase2, phase3, phase4"
"2712",114,"phase1, phase2, phase3, phase4"
"2721",91,"phase1, phase2, phase3, phase4"
"2733",68,"phase1, phase2, phase3, phase4"
"2749",67,"phase1, phase2, phase3, phase4"
"2751",58,"phase1, phase2, phase3, phase4"
"2768",39,"phase1, phase2, phase3, phase4"
"2784",18,"phase1, phase2, phase3, phase4"
"2785",57,"phase1, phase2, phase3, phase4"
"2794",22,"phase1, phase2, phase3, phase4"
"2795",60,"phase1, phase2, phase3, phase4"
"2802",34,"phase1, phase2, phase3, phase4"
"2803",57,"phase1, phase2, phase3, phase4"
"2804",51,"phase1, phase2, phase3, phase4"
"2813",128,"phase1, phase2, phase3, phase4"
"2820",58,"phase1, phase2, phase3, phase4"
"2845",37,"phase1, phase2, phase3, phase4"
"2876",133,"phase1, phase2, phase3, phase4"
"2889",53,"phase1, phase2, phase3, phase4"
"2891",60,"phase1, phase2, phase3, phase4"
"2898",45,"phase1, phase2, phase3, phase4"
"2903",32,"phase1, phase2, phase3, phase4"
"2910",74,"phase1, phase2, phase3, phase4"
"2918",63,"phase1, phase2, phase3, phase4"
"2927",71,"phase1, phase2, phase3, phase4"
"2934",109,"phase1, phase2, phase3, phase4"
"2935",17,"phase1, phase2, phase3, phase4"
"2936",55,"phase1, phase2, phase3, phase4"
"2950",48,"phase1, phase2, phase3, phase4"
"2953",104,"phase1, phase2, phase3, phase4"
"2958",8,"phase1, phase2, phase3, phase4"
"2959",14,"phase1, phase2, phase3, phase4"
"2967",28,"phase1, phase2, phase3, phase4"
"2988",47,"phase1, phase2, phase3, phase4"
"2990",149,"phase1, phase2, phase3, phase4"
"2991",41,"phase1, phase2, phase3, phase4"
"2992",13,"phase1, phase2, phase3, phase4"
"3005",213,"phase1, phase2, phase3, phase4"
"3008",105,"phase1, phase2, phase3, phase4"
"3013",51,"phase1, phase2, phase3, phase4"
"3021",134,"phase1, phase2, phase3, phase4"
"3057",177,"phase1, phase2, phase3, phase4"
"3058",55,"phase1, phase2, phase3, phase4"
"3059",31,"phase1, phase2, phase3, phase4"
"3062",204,"phase1, phase2, phase3, phase4"
"3068",12,"phase1, phase2, phase3, phase4"
"3095",63,"phase1, phase2, phase3, phase4"
"3098",353,"phase1, phase2, phase3, phase4"
"3109",50,"phase1, phase2, phase3, phase4"
"3112",71,"phase1, phase2, phase3, phase4"
"3133",14,"phase1, phase2, phase3, phase4"
"3143",77,"phase1, phase2, phase3, phase4"
"3146",64,"phase1, phase2, phase3, phase4"
"3155",53,"phase1, phase2, phase3, phase4"
"3166",31,"phase1, phase2, phase3, phase4"
"3173",137,"phase1, phase2, phase3, phase4"
"3177",67,"phase1, phase2, phase3, phase4"
"3178",52,"phase1, phase2, phase3, phase4"
"3190",56,"phase1, phase2, phase3, phase4"
"3195",63,"phase1, phase2, phase3, phase4"
"3218",29,"phase1, phase2, phase3, phase4"
"3243",6,"phase1, phase2, phase3, phase4"
"3247",8,"phase1, phase2, phase3, phase4"
"3251",32,"phase1, phase2, phase3, phase4"
"3252",70,"phase1, phase2, phase3, phase4"
"3268",67,"phase1, phase2, phase3, phase4"
"3293",14,"phase1, phase2, phase3, phase4"
"3294",20,"phase1, phase2, phase3, phase4"
"3296",89,"phase1, phase2, phase3, phase4"
"3301",12,"phase1, phase2, phase3, phase4"
"3316",223,"phase1, phase2, phase3, phase4"
"3331",59,"phase1, phase2, phase3, phase4"
"3336",148,"phase1, phase2, phase3, phase4"
"3347",37,"phase1, phase2, phase3, phase4"
"3367",27,"phase1, phase2, phase3, phase4"
"3368",50,"phase1, phase2, phase3, phase4"
"3381",39,"phase1, phase2, phase3, phase4"
"3384",105,"phase1, phase2, phase3, phase4"
"3396",14,"phase1, phase2, phase3, phase4"
"3400",19,"phase1, phase2, phase3, phase4"
"3426",187,"phase1, phase2, phase3, phase4"
"3459",174,"phase1, phase2, phase3, phase4"
"3460",8,"phase1, phase2, phase3, phase4"
"3469",39,"phase1, phase2, phase3, phase4"
"3486",11,"phase1, phase2, phase3, phase4"
"3490",122,"phase1, phase2, phase3, phase4"
"3494",136,"phase1, phase2, phase3, phase4"
"3495",112,"phase1, phase2, phase3, phase4"
"3503",9,"phase1, phase2, phase3, phase4"
"3504",33,"phase1, phase2, phase3, phase4"
"3508",25,"phase1, phase2, phase3, phase4"
"3513",27,"phase1, phase2, phase3, phase4"
"3516",203,"phase1, phase2, phase3, phase4"
"3520",39,"phase1, phase2, phase3, phase4"
"3530",84,"phase1, phase2, phase3, phase4"
"3578",158,"phase1, phase2, phase3, phase4"
"3595",25,"phase1, phase2, phase3, phase4"
"3625",91,"phase1, phase2, phase3, phase4"
"3635",76,"phase1, phase2, phase3, phase4"
"3637",34,"phase1, phase2, phase3, phase4"
"3685",19,"phase1, phase2, phase3, phase4"
"3699",12,"phase1, phase2, phase3, phase4"
"3735",122,"phase1, phase2, phase3, phase4"
"3740",42,"phase1, phase2, phase3, phase4"
"3743",89,"phase1, phase2, phase3, phase4"
"3762",41,"phase1, phase2, phase3, phase4"
"3769",73,"phase1, phase2, phase3, phase4"
"3778",81,"phase1, phase2, phase3, phase4"
"3783",76,"phase1, phase2, phase3, phase4"
"3809",104,"phase1, phase2, phase3, phase4"
"3816",57,"phase1, phase2, phase3, phase4"
"3820",53,"phase1, phase2, phase3, phase4"
"3824",86,"phase1, phase2, phase3, phase4"
"3829",38,"phase1, phase2, phase3, phase4"
"3834",49,"phase1, phase2, phase3, phase4"
"3858",19,"phase1, phase2, phase3, phase4"
"3862",27,"phase1, phase2, phase3, phase4"
"3871",27,"phase1, phase2, phase3, phase4"
"3888",94,"phase1, phase2, phase3, phase4"
"3894",75,"phase1, phase2, phase3, phase4"
"3907",89,"phase1, phase2, phase3, phase4"
"3929",52,"phase1, phase2, phase3, phase4"
"3937",104,"phase1, phase2, phase3, phase4"
"3963",133,"phase1, phase2, phase3, phase4"
"3975",22,"phase1, phase2, phase3, phase4"
"3982",33,"phase1, phase2, phase3, phase4"
"3985",20,"phase1, phase2, phase3, phase4"
"3992",46,"phase1, phase2, phase3, phase4"
"3997",101,"phase1, phase2, phase3, phase4"
"4000",8,"phase1, phase2, phase3, phase4"
"4011",42,"phase1, phase2, phase3, phase4"
"4015",47,"phase1, phase2, phase3, phase4"
"4019",11,"phase1, phase2, phase3, phase4"
"4038",41,"phase1, phase2, phase3, phase4"
"4042",20,"phase1, phase2, phase3, phase4"
"4044",101,"phase1, phase2, phase3, phase4"
"4071",114,"phase1, phase2, phase3, phase4"
"4115",57,"phase1, phase2, phase3, phase4"
"4116",99,"phase1, phase2, phase3, phase4"
"4129",44,"phase1, phase2, phase3, phase4"
"4130",28,"phase1, phase2, phase3, phase4"
"4135",40,"phase1, phase2, phase3, phase4"
"4144",20,"phase1, phase2, phase3, phase4"
"4160",31,"phase1, phase2, phase3, phase4"
"4166",59,"phase1, phase2, phase3, phase4"
"4167",66,"phase1, phase2, phase3, phase4"
"4192",22,"phase1, phase2, phase3, phase4"
"4199",23,"phase1, phase2, phase3, phase4"
"4211",35,"phase1, phase2, phase3, phase4"
"4219",67,"phase1, phase2, phase3, phase4"
"4224",69,"phase1, phase2, phase3, phase4"
"4235",48,"phase1, phase2, phase3, phase4"
"4240",50,"phase1, phase2, phase3, phase4"
"4245",28,"phase1, phase2, phase3, phase4"
"4253",58,"phase1, phase2, phase3, phase4"
"4262",23,"phase1, phase2, phase3, phase4"
"4281",122,"phase1, phase2, phase3, phase4"
"4286",56,"phase1, phase2, phase3, phase4"
"4288",139,"phase1, phase2, phase3, phase4"
"4298",16,"phase1, phase2, phase3, phase4"
"4302",10,"phase1, phase2, phase3, phase4"
"4306",58,"phase1, phase2, phase3, phase4"
"4307",45,"phase1, phase2, phase3, phase4"
"4324",56,"phase1, phase2, phase3, phase4"
"4326",80,"phase1, phase2, phase3, phase4"
"4327",128,"phase1, phase2, phase3, phase4"
"4346",37,"phase1, phase2, phase3, phase4"
"4351",121,"phase1, phase2, phase3, phase4"
"4367",21,"phase1, phase2, phase3, phase4"
"4370",83,"phase1, phase2, phase3, phase4"
"4377",56,"phase1, phase2, phase3, phase4"
"4398",52,"phase1, phase2, phase3, phase4"
"4401",20,"phase1, phase2, phase3, phase4"
"4408",14,"phase1, phase2, phase3, phase4"
"4410",29,"phase1, phase2, phase3, phase4"
"4415",141,"phase1, phase2, phase3, phase4"
"4416",57,"phase1, phase2, phase3, phase4"
"4419",125,"phase1, phase2, phase3, phase4"
"4422",15,"phase1, phase2, phase3, phase4"
"4428",78,"phase1, phase2, phase3, phase4"
"4430",102,"phase1, phase2, phase3, phase4"
"4439",86,"phase1, phase2, phase3, phase4"
"4452",34,"phase1, phase2, phase3, phase4"
"4455",59,"phase1, phase2, phase3, phase4"
"4456",26,"phase1, phase2, phase3, phase4"
"4458",68,"phase1, phase2, phase3, phase4"
